ISO-10303-21;
HEADER;
FILE_DESCRIPTION(('FreeCAD Model'),'2;1');
FILE_NAME('Open CASCADE Shape Model','2025-08-26T23:18:33',('Author'),(
    ''),'Open CASCADE STEP processor 7.8','FreeCAD','Unknown');
FILE_SCHEMA((
'AP242_MANAGED_MODEL_BASED_3D_ENGINEERING_MIM_LF. {1 0 10303 442 1 1 4 
}'));
ENDSEC;
DATA;
#1 = APPLICATION_PROTOCOL_DEFINITION('international standard',
  'ap242_managed_model_based_3d_engineering',2013,#2);
#2 = APPLICATION_CONTEXT('Managed model based 3d engineering');
#3 = SHAPE_DEFINITION_REPRESENTATION(#4,#10);
#4 = PRODUCT_DEFINITION_SHAPE('','',#5);
#5 = PRODUCT_DEFINITION('design','',#6,#9);
#6 = PRODUCT_DEFINITION_FORMATION('','',#7);
#7 = PRODUCT('Cut (Solid)','Cut (Solid)','',(#8));
#8 = PRODUCT_CONTEXT('',#2,'mechanical');
#9 = PRODUCT_DEFINITION_CONTEXT('part definition',#2,'design');
#10 = ADVANCED_BREP_SHAPE_REPRESENTATION('',(#11,#15),#7193);
#11 = AXIS2_PLACEMENT_3D('',#12,#13,#14);
#12 = CARTESIAN_POINT('',(0.,0.,0.));
#13 = DIRECTION('',(0.,0.,1.));
#14 = DIRECTION('',(1.,0.,-0.));
#15 = BREP_WITH_VOIDS('',#16,(#68));
#16 = CLOSED_SHELL('',(#17,#50,#59));
#17 = ADVANCED_FACE('',(#18),#45,.T.);
#18 = FACE_BOUND('',#19,.F.);
#19 = EDGE_LOOP('',(#20,#30,#37,#38));
#20 = ORIENTED_EDGE('',*,*,#21,.T.);
#21 = EDGE_CURVE('',#22,#24,#26,.T.);
#22 = VERTEX_POINT('',#23);
#23 = CARTESIAN_POINT('',(5.700790822788E+03,-4.898587196589E-13,
    2.405543561771E+03));
#24 = VERTEX_POINT('',#25);
#25 = CARTESIAN_POINT('',(-2.299209177212E+03,-4.898587196589E-13,
    2.405543561771E+03));
#26 = LINE('',#27,#28);
#27 = CARTESIAN_POINT('',(5.700790822788E+03,-4.898587196589E-13,
    2.405543561771E+03));
#28 = VECTOR('',#29,1.);
#29 = DIRECTION('',(-1.,0.,-4.440892098501E-16));
#30 = ORIENTED_EDGE('',*,*,#31,.T.);
#31 = EDGE_CURVE('',#24,#24,#32,.T.);
#32 = CIRCLE('',#33,2.E+03);
#33 = AXIS2_PLACEMENT_3D('',#34,#35,#36);
#34 = CARTESIAN_POINT('',(-2.299209177212E+03,0.,405.54356177113));
#35 = DIRECTION('',(-1.,0.,-4.440892098501E-16));
#36 = DIRECTION('',(-4.440892098501E-16,0.,1.));
#37 = ORIENTED_EDGE('',*,*,#21,.F.);
#38 = ORIENTED_EDGE('',*,*,#39,.F.);
#39 = EDGE_CURVE('',#22,#22,#40,.T.);
#40 = CIRCLE('',#41,2.E+03);
#41 = AXIS2_PLACEMENT_3D('',#42,#43,#44);
#42 = CARTESIAN_POINT('',(5.700790822788E+03,0.,405.54356177114));
#43 = DIRECTION('',(-1.,0.,-4.440892098501E-16));
#44 = DIRECTION('',(-4.440892098501E-16,0.,1.));
#45 = CYLINDRICAL_SURFACE('',#46,2.E+03);
#46 = AXIS2_PLACEMENT_3D('',#47,#48,#49);
#47 = CARTESIAN_POINT('',(5.700790822788E+03,0.,405.54356177114));
#48 = DIRECTION('',(1.,-0.,4.440892098501E-16));
#49 = DIRECTION('',(-4.440892098501E-16,0.,1.));
#50 = ADVANCED_FACE('',(#51),#54,.F.);
#51 = FACE_BOUND('',#52,.T.);
#52 = EDGE_LOOP('',(#53));
#53 = ORIENTED_EDGE('',*,*,#39,.F.);
#54 = PLANE('',#55);
#55 = AXIS2_PLACEMENT_3D('',#56,#57,#58);
#56 = CARTESIAN_POINT('',(5.700790822788E+03,0.,405.54356177114));
#57 = DIRECTION('',(-1.,0.,-4.440892098501E-16));
#58 = DIRECTION('',(-4.440892098501E-16,0.,1.));
#59 = ADVANCED_FACE('',(#60),#63,.T.);
#60 = FACE_BOUND('',#61,.F.);
#61 = EDGE_LOOP('',(#62));
#62 = ORIENTED_EDGE('',*,*,#31,.F.);
#63 = PLANE('',#64);
#64 = AXIS2_PLACEMENT_3D('',#65,#66,#67);
#65 = CARTESIAN_POINT('',(-2.299209177212E+03,0.,405.54356177113));
#66 = DIRECTION('',(-1.,0.,-4.440892098501E-16));
#67 = DIRECTION('',(-4.440892098501E-16,0.,1.));
#68 = ORIENTED_CLOSED_SHELL('',*,#69,.F.);
#69 = CLOSED_SHELL('',(#70,#189,#219,#228,#557,#842,#1030,#1139,#1177,
    #1263,#1432,#1581,#1709,#1896,#2005,#2043,#2129,#2298,#2486,#2595,
    #2633,#2719,#2888,#3075,#3184,#3222,#3308,#3477,#3541,#3869,#3976,
    #4082,#4128,#4217,#4541,#4578,#4622,#4689,#4716,#4764,#4853,#5177,
    #5214,#5258,#5314,#5395,#5719,#5756,#5800,#5848,#5945,#6051,#6148,
    #6254,#6351,#6457,#6503,#6609,#6641,#6679,#6725,#6825,#6863,#6909,
    #7009,#7047,#7093));
#70 = ADVANCED_FACE('',(#71),#184,.T.);
#71 = FACE_BOUND('',#72,.F.);
#72 = EDGE_LOOP('',(#73,#107,#115,#122,#123));
#73 = ORIENTED_EDGE('',*,*,#74,.T.);
#74 = EDGE_CURVE('',#75,#77,#79,.T.);
#75 = VERTEX_POINT('',#76);
#76 = CARTESIAN_POINT('',(-101.7,47.450588462053,36.721133623635));
#77 = VERTEX_POINT('',#78);
#78 = CARTESIAN_POINT('',(-101.7,-1.47E-14,60.));
#79 = B_SPLINE_CURVE_WITH_KNOTS('',6,(#80,#81,#82,#83,#84,#85,#86,#87,
    #88,#89,#90,#91,#92,#93,#94,#95,#96,#97,#98,#99,#100,#101,#102,#103,
    #104,#105,#106),.UNSPECIFIED.,.F.,.F.,(7,5,5,5,5,7),(0.,
    0.456701090469,0.913631990568,0.957789820417,0.978374697825,1.),
  .UNSPECIFIED.);
#80 = CARTESIAN_POINT('',(-101.7,47.450588462053,36.721133623635));
#81 = CARTESIAN_POINT('',(-101.7,44.900943021062,40.015753495249));
#82 = CARTESIAN_POINT('',(-101.7,42.076601365986,43.098185502897));
#83 = CARTESIAN_POINT('',(-101.7,39.000035171284,45.939238194519));
#84 = CARTESIAN_POINT('',(-101.7,35.697302803354,48.513878923605));
#85 = CARTESIAN_POINT('',(-101.7,32.197333645294,50.800462025795));
#86 = CARTESIAN_POINT('',(-101.7,24.865958532604,54.763644990815));
#87 = CARTESIAN_POINT('',(-101.7,21.033844992236,56.440230134752));
#88 = CARTESIAN_POINT('',(-101.7,17.068637912603,57.79368308426));
#89 = CARTESIAN_POINT('',(-101.7,13.004348410429,58.811640562765));
#90 = CARTESIAN_POINT('',(-101.7,8.876245902251,59.486006633994));
#91 = CARTESIAN_POINT('',(-101.7,4.319555890873,59.845665557612));
#92 = CARTESIAN_POINT('',(-101.7,3.917747837008,59.874125137834));
#93 = CARTESIAN_POINT('',(-101.7,3.515717030236,59.899347225079));
#94 = CARTESIAN_POINT('',(-101.7,3.113496077764,59.921329685753));
#95 = CARTESIAN_POINT('',(-101.7,2.71111761251,59.940070824271));
#96 = CARTESIAN_POINT('',(-101.7,2.120980944385,59.962794283675));
#97 = CARTESIAN_POINT('',(-101.7,1.933348543564,59.96931345583));
#98 = CARTESIAN_POINT('',(-101.7,1.745717089594,59.975127295426));
#99 = CARTESIAN_POINT('',(-101.7,1.558086581599,59.980236135961));
#100 = CARTESIAN_POINT('',(-101.7,1.370457018868,59.984640248523));
#101 = CARTESIAN_POINT('',(-101.7,0.985716439456,59.992226424195));
#102 = CARTESIAN_POINT('',(-101.7,0.788588031398,59.995335807552));
#103 = CARTESIAN_POINT('',(-101.7,0.591448278496,59.997667897904));
#104 = CARTESIAN_POINT('',(-101.7,0.39430148464,59.999222636537));
#105 = CARTESIAN_POINT('',(-101.7,0.197151155795,59.999999999979));
#106 = CARTESIAN_POINT('',(-101.7,-1.469576158945E-14,60.));
#107 = ORIENTED_EDGE('',*,*,#108,.T.);
#108 = EDGE_CURVE('',#77,#109,#111,.T.);
#109 = VERTEX_POINT('',#110);
#110 = CARTESIAN_POINT('',(-900.9,-1.5E-14,60.));
#111 = LINE('',#112,#113);
#112 = CARTESIAN_POINT('',(99.1,-1.47E-14,60.));
#113 = VECTOR('',#114,1.);
#114 = DIRECTION('',(-1.,0.,-2.22044604925E-16));
#115 = ORIENTED_EDGE('',*,*,#116,.T.);
#116 = EDGE_CURVE('',#109,#109,#117,.T.);
#117 = CIRCLE('',#118,60.);
#118 = AXIS2_PLACEMENT_3D('',#119,#120,#121);
#119 = CARTESIAN_POINT('',(-900.9,0.,-2.000034679223E-13));
#120 = DIRECTION('',(-1.,0.,-2.22044604925E-16));
#121 = DIRECTION('',(-2.22044604925E-16,0.,1.));
#122 = ORIENTED_EDGE('',*,*,#108,.F.);
#123 = ORIENTED_EDGE('',*,*,#124,.T.);
#124 = EDGE_CURVE('',#77,#75,#125,.T.);
#125 = B_SPLINE_CURVE_WITH_KNOTS('',8,(#126,#127,#128,#129,#130,#131,
    #132,#133,#134,#135,#136,#137,#138,#139,#140,#141,#142,#143,#144,
    #145,#146,#147,#148,#149,#150,#151,#152,#153,#154,#155,#156,#157,
    #158,#159,#160,#161,#162,#163,#164,#165,#166,#167,#168,#169,#170,
    #171,#172,#173,#174,#175,#176,#177,#178,#179,#180,#181,#182,#183),
  .UNSPECIFIED.,.F.,.F.,(9,7,7,7,7,7,7,7,9),(0.,0.122043967272,
    0.255756999635,0.369701220549,0.507426998082,0.623667629163,
    0.75757155468,0.878862336675,1.),.UNSPECIFIED.);
#126 = CARTESIAN_POINT('',(-101.7,0.,60.));
#127 = CARTESIAN_POINT('',(-101.7,-4.915551595903,60.));
#128 = CARTESIAN_POINT('',(-101.7,-9.832639191872,59.539758955451));
#129 = CARTESIAN_POINT('',(-101.7,-14.69863165803,58.618774926348));
#130 = CARTESIAN_POINT('',(-101.7,-19.46328796321,57.244362632616));
#131 = CARTESIAN_POINT('',(-101.7,-24.07825978531,55.429671315608));
#132 = CARTESIAN_POINT('',(-101.7,-28.49719463078,53.193741764869));
#133 = CARTESIAN_POINT('',(-101.7,-32.67578362401,50.561403169608));
#134 = CARTESIAN_POINT('',(-101.7,-40.84195529558,44.282484114998));
#135 = CARTESIAN_POINT('',(-101.7,-44.77659765262,40.560284013657));
#136 = CARTESIAN_POINT('',(-101.7,-48.32047425757,36.44052198264));
#137 = CARTESIAN_POINT('',(-101.7,-51.42780598731,31.972002810884));
#138 = CARTESIAN_POINT('',(-101.7,-54.06008852423,27.208184691658));
#139 = CARTESIAN_POINT('',(-101.7,-56.18644848948,22.207248373266));
#140 = CARTESIAN_POINT('',(-101.7,-57.78340922972,17.031797717525));
#141 = CARTESIAN_POINT('',(-101.7,-59.73691779117,7.250021042778));
#142 = CARTESIAN_POINT('',(-101.7,-60.24250661873,2.669881865718));
#143 = CARTESIAN_POINT('',(-101.7,-60.34622270327,-1.948207500835));
#144 = CARTESIAN_POINT('',(-101.7,-60.04543457666,-6.563050225057));
#145 = CARTESIAN_POINT('',(-101.7,-59.34221359792,-11.13391018252));
#146 = CARTESIAN_POINT('',(-101.7,-58.24333467714,-15.62056297207));
#147 = CARTESIAN_POINT('',(-101.7,-56.76026769456,-19.98334563375));
#148 = CARTESIAN_POINT('',(-101.7,-52.67466624985,-29.26005711577));
#149 = CARTESIAN_POINT('',(-101.7,-49.90128068369,-34.10307509442));
#150 = CARTESIAN_POINT('',(-101.7,-46.62028802005,-38.64186902233));
#151 = CARTESIAN_POINT('',(-101.7,-42.87193353436,-42.81538277502));
#152 = CARTESIAN_POINT('',(-101.7,-38.703370444,-46.56924381969));
#153 = CARTESIAN_POINT('',(-101.7,-34.16890883712,-49.85622612426));
#154 = CARTESIAN_POINT('',(-101.7,-29.32955279107,-52.63600202905));
#155 = CARTESIAN_POINT('',(-101.7,-19.97364865621,-56.77123344488));
#156 = CARTESIAN_POINT('',(-101.7,-15.52152686619,-58.28255388694));
#157 = CARTESIAN_POINT('',(-101.7,-10.94077471031,-59.39382711235));
#158 = CARTESIAN_POINT('',(-101.7,-6.273534671455,-60.09295017204));
#159 = CARTESIAN_POINT('',(-101.7,-1.562535642202,-60.3728880598));
#160 = CARTESIAN_POINT('',(-101.7,3.148963261307,-60.2317008416));
#161 = CARTESIAN_POINT('',(-101.7,7.817233759355,-59.67252730848));
#162 = CARTESIAN_POINT('',(-101.7,17.674910527015,-57.59066686925));
#163 = CARTESIAN_POINT('',(-101.7,22.839667734311,-55.93364600526));
#164 = CARTESIAN_POINT('',(-101.7,27.823472219983,-53.7476891231));
#165 = CARTESIAN_POINT('',(-101.7,32.563720239397,-51.05708483205));
#166 = CARTESIAN_POINT('',(-101.7,37.002340710901,-47.89350485197));
#167 = CARTESIAN_POINT('',(-101.7,41.086100982304,-44.29623995676));
#168 = CARTESIAN_POINT('',(-101.7,44.766530836757,-40.31183865636));
#169 = CARTESIAN_POINT('',(-101.7,50.933063122883,-32.08875385043));
#170 = CARTESIAN_POINT('',(-101.7,53.501189144428,-27.90646987294));
#171 = CARTESIAN_POINT('',(-101.7,55.675156730496,-23.49127909885));
#172 = CARTESIAN_POINT('',(-101.7,57.431074441764,-18.88693527712));
#173 = CARTESIAN_POINT('',(-101.7,58.750725662053,-14.13913093105));
#174 = CARTESIAN_POINT('',(-101.7,59.6216605746,-9.295448266012));
#175 = CARTESIAN_POINT('',(-101.7,60.037146896015,-4.405262218603));
#176 = CARTESIAN_POINT('',(-101.7,59.959065585178,5.358691923404));
#177 = CARTESIAN_POINT('',(-101.7,59.46662116689,10.235439608128));
#178 = CARTESIAN_POINT('',(-101.7,58.520679531998,15.058607069003));
#179 = CARTESIAN_POINT('',(-101.7,57.128722308529,19.779119449577));
#180 = CARTESIAN_POINT('',(-101.7,55.303892854337,24.349774394423));
#181 = CARTESIAN_POINT('',(-101.7,53.065042410301,28.725338654056));
#182 = CARTESIAN_POINT('',(-101.7,50.436639548834,32.862595848148));
#183 = CARTESIAN_POINT('',(-101.7,47.450588462053,36.721133623635));
#184 = CYLINDRICAL_SURFACE('',#185,60.);
#185 = AXIS2_PLACEMENT_3D('',#186,#187,#188);
#186 = CARTESIAN_POINT('',(99.1,0.,2.204113700269E-14));
#187 = DIRECTION('',(1.,-0.,2.22044604925E-16));
#188 = DIRECTION('',(-2.22044604925E-16,0.,1.));
#189 = ADVANCED_FACE('',(#190,#210),#214,.T.);
#190 = FACE_BOUND('',#191,.T.);
#191 = EDGE_LOOP('',(#192,#203));
#192 = ORIENTED_EDGE('',*,*,#193,.T.);
#193 = EDGE_CURVE('',#194,#196,#198,.T.);
#194 = VERTEX_POINT('',#195);
#195 = CARTESIAN_POINT('',(-101.7,-1.2E-14,80.));
#196 = VERTEX_POINT('',#197);
#197 = CARTESIAN_POINT('',(-101.7,0.,-80.));
#198 = CIRCLE('',#199,80.);
#199 = AXIS2_PLACEMENT_3D('',#200,#201,#202);
#200 = CARTESIAN_POINT('',(-101.7,0.,-2.254541966625E-14));
#201 = DIRECTION('',(-1.,0.,-2.22044604925E-16));
#202 = DIRECTION('',(-2.22044604925E-16,0.,1.));
#203 = ORIENTED_EDGE('',*,*,#204,.T.);
#204 = EDGE_CURVE('',#196,#194,#205,.T.);
#205 = CIRCLE('',#206,80.);
#206 = AXIS2_PLACEMENT_3D('',#207,#208,#209);
#207 = CARTESIAN_POINT('',(-101.7,0.,-2.254541966625E-14));
#208 = DIRECTION('',(-1.,0.,-2.22044604925E-16));
#209 = DIRECTION('',(2.22044604925E-16,0.,-1.));
#210 = FACE_BOUND('',#211,.T.);
#211 = EDGE_LOOP('',(#212,#213));
#212 = ORIENTED_EDGE('',*,*,#124,.T.);
#213 = ORIENTED_EDGE('',*,*,#74,.T.);
#214 = B_SPLINE_SURFACE_WITH_KNOTS('',1,1,(
    (#215,#216)
    ,(#217,#218
    )),.UNSPECIFIED.,.F.,.F.,.F.,(2,2),(2,2),(-83.2,83.2),(-83.2,83.2),
  .PIECEWISE_BEZIER_KNOTS.);
#215 = CARTESIAN_POINT('',(-101.7,83.2,83.2));
#216 = CARTESIAN_POINT('',(-101.7,-83.2,83.2));
#217 = CARTESIAN_POINT('',(-101.7,83.2,-83.2));
#218 = CARTESIAN_POINT('',(-101.7,-83.2,-83.2));
#219 = ADVANCED_FACE('',(#220),#223,.T.);
#220 = FACE_BOUND('',#221,.F.);
#221 = EDGE_LOOP('',(#222));
#222 = ORIENTED_EDGE('',*,*,#116,.F.);
#223 = PLANE('',#224);
#224 = AXIS2_PLACEMENT_3D('',#225,#226,#227);
#225 = CARTESIAN_POINT('',(-900.9,0.,-2.000034679223E-13));
#226 = DIRECTION('',(-1.,0.,-2.22044604925E-16));
#227 = DIRECTION('',(-2.22044604925E-16,0.,1.));
#228 = ADVANCED_FACE('',(#229),#549,.F.);
#229 = FACE_BOUND('',#230,.F.);
#230 = EDGE_LOOP('',(#231,#239,#240,#248,#285,#296,#307,#320,#351,#360,
    #369,#428,#439,#450,#471,#522,#534));
#231 = ORIENTED_EDGE('',*,*,#232,.T.);
#232 = EDGE_CURVE('',#233,#194,#235,.T.);
#233 = VERTEX_POINT('',#234);
#234 = CARTESIAN_POINT('',(-25.15356930948,1.925140570148E-02,
    79.99998668334));
#235 = LINE('',#236,#237);
#236 = CARTESIAN_POINT('',(-25.15356930948,1.925140570148E-02,
    79.99998668334));
#237 = VECTOR('',#238,1.);
#238 = DIRECTION('',(-0.999999968374,-2.5149970964E-04,1.73968393348E-07
    ));
#239 = ORIENTED_EDGE('',*,*,#193,.T.);
#240 = ORIENTED_EDGE('',*,*,#241,.T.);
#241 = EDGE_CURVE('',#196,#242,#244,.T.);
#242 = VERTEX_POINT('',#243);
#243 = CARTESIAN_POINT('',(-25.19039008358,-2.751604313426E-03,
    -79.99996114917));
#244 = LINE('',#245,#246);
#245 = CARTESIAN_POINT('',(-101.7,0.,-80.));
#246 = VECTOR('',#247,1.);
#247 = DIRECTION('',(0.999999999928,-1.198861414538E-05,
    1.69271332942E-07));
#248 = ORIENTED_EDGE('',*,*,#249,.F.);
#249 = EDGE_CURVE('',#250,#242,#252,.T.);
#250 = VERTEX_POINT('',#251);
#251 = CARTESIAN_POINT('',(-99.53525763896,41.92942419074,
    -68.13166208599));
#252 = B_SPLINE_CURVE_WITH_KNOTS('',11,(#253,#254,#255,#256,#257,#258,
    #259,#260,#261,#262,#263,#264,#265,#266,#267,#268,#269,#270,#271,
    #272,#273,#274,#275,#276,#277,#278,#279,#280,#281,#282,#283,#284),
  .UNSPECIFIED.,.F.,.F.,(12,10,10,12),(0.,2.792385404086E-02,
    7.279567757166E-02,0.125035233804),.UNSPECIFIED.);
#253 = CARTESIAN_POINT('',(-99.53525779841,41.929424014667,
    -68.13166207344));
#254 = CARTESIAN_POINT('',(-97.95894714506,41.257185659741,
    -68.54537085485));
#255 = CARTESIAN_POINT('',(-96.38580376888,40.57576010526,
    -68.95467652438));
#256 = CARTESIAN_POINT('',(-94.81584902131,39.885115804369,-69.359356426
    ));
#257 = CARTESIAN_POINT('',(-93.24909457344,39.185251474851,
    -69.75917587689));
#258 = CARTESIAN_POINT('',(-91.68554452343,38.476189510449,
    -70.15389078707));
#259 = CARTESIAN_POINT('',(-90.12519750418,37.757969391325,
    -70.54325027528));
#260 = CARTESIAN_POINT('',(-88.5680487907,37.030641095855,
    -70.92699929062));
#261 = CARTESIAN_POINT('',(-87.01409240784,36.294258510777,
    -71.30488122707));
#262 = CARTESIAN_POINT('',(-85.46332323766,35.548872842966,
    -71.67664054513));
#263 = CARTESIAN_POINT('',(-83.91573912708,34.794526029916,
    -72.04202538768));
#264 = CARTESIAN_POINT('',(-79.88959851329,32.8046996446,-72.97730199873
    ));
#265 = CARTESIAN_POINT('',(-77.41609613297,31.55505707667,
    -73.53670237206));
#266 = CARTESIAN_POINT('',(-74.95059747335,30.28315536887,
    -74.07797490884));
#267 = CARTESIAN_POINT('',(-72.49352884689,28.987972026968,
    -74.59979690585));
#268 = CARTESIAN_POINT('',(-70.04371434814,27.672971427576,
    -75.1015839656));
#269 = CARTESIAN_POINT('',(-67.60220662789,26.335377071073,
    -75.5817247666));
#270 = CARTESIAN_POINT('',(-65.16882596982,24.975863592785,
    -76.03917586604));
#271 = CARTESIAN_POINT('',(-62.74221728046,23.598397171343,
    -76.47343543507));
#272 = CARTESIAN_POINT('',(-60.32331010149,22.20054606201,
    -76.88294888252));
#273 = CARTESIAN_POINT('',(-57.91132492058,20.784664578001,
    -77.26694915131));
#274 = CARTESIAN_POINT('',(-52.70619993207,17.682047896315,
    -78.04039336353));
#275 = CARTESIAN_POINT('',(-49.91549391332,15.989044531802,
    -78.42032875937));
#276 = CARTESIAN_POINT('',(-47.13340632479,14.274145517906,
    -78.76337172174));
#277 = CARTESIAN_POINT('',(-44.36040558793,12.5365587468,-79.06506048396
    ));
#278 = CARTESIAN_POINT('',(-41.59293097954,10.785550141314,
    -79.33325930761));
#279 = CARTESIAN_POINT('',(-38.83679935141,9.006974527484,
    -79.54801303401));
#280 = CARTESIAN_POINT('',(-36.08312547703,7.22339200957,-79.73216859255
    ));
#281 = CARTESIAN_POINT('',(-33.33799383041,5.419988721626,
    -79.86527409886));
#282 = CARTESIAN_POINT('',(-30.59727497786,3.60745215617,-79.95595620267
    ));
#283 = CARTESIAN_POINT('',(-27.86131139398,1.785303080286,
    -80.00093047569));
#284 = CARTESIAN_POINT('',(-25.12916340516,-4.37354002486E-02,
    -79.99996039624));
#285 = ORIENTED_EDGE('',*,*,#286,.T.);
#286 = EDGE_CURVE('',#250,#287,#289,.T.);
#287 = VERTEX_POINT('',#288);
#288 = CARTESIAN_POINT('',(-89.44452392308,47.06939961165,
    -64.68749199188));
#289 = B_SPLINE_CURVE_WITH_KNOTS('',3,(#290,#291,#292,#293,#294,#295),
  .UNSPECIFIED.,.F.,.F.,(4,1,1,4),(0.,0.333333333333,0.666666666667,1.),
  .UNSPECIFIED.);
#290 = CARTESIAN_POINT('',(-99.53525763896,41.92942419074,
    -68.13166208599));
#291 = CARTESIAN_POINT('',(-98.55296909899,42.70191300963,
    -67.65625887042));
#292 = CARTESIAN_POINT('',(-96.49403284925,44.10551459608,
    -66.75672041353));
#293 = CARTESIAN_POINT('',(-93.08229829094,45.83357136057,
    -65.57758778918));
#294 = CARTESIAN_POINT('',(-90.68310133986,46.7008985409,-64.95562921009
    ));
#295 = CARTESIAN_POINT('',(-89.44452392308,47.06939961165,
    -64.68749199188));
#296 = ORIENTED_EDGE('',*,*,#297,.T.);
#297 = EDGE_CURVE('',#287,#298,#300,.T.);
#298 = VERTEX_POINT('',#299);
#299 = CARTESIAN_POINT('',(-97.95325573553,50.63455719038,-61.936593562)
  );
#300 = B_SPLINE_CURVE_WITH_KNOTS('',3,(#301,#302,#303,#304,#305,#306),
  .UNSPECIFIED.,.F.,.F.,(4,1,1,4),(0.,0.333333333333,0.666666666667,1.),
  .UNSPECIFIED.);
#301 = CARTESIAN_POINT('',(-89.44452392308,47.06939961165,
    -64.68749199188));
#302 = CARTESIAN_POINT('',(-90.37096246765,47.47401799337,
    -64.39307426577));
#303 = CARTESIAN_POINT('',(-92.2363812691,48.27787895192,-63.79653356802
    ));
#304 = CARTESIAN_POINT('',(-95.07164601088,49.46634586959,
    -62.87950267395));
#305 = CARTESIAN_POINT('',(-96.9883525665,50.2471949034,-62.25327093671)
  );
#306 = CARTESIAN_POINT('',(-97.95325573553,50.63455719038,-61.936593562)
  );
#307 = ORIENTED_EDGE('',*,*,#308,.F.);
#308 = EDGE_CURVE('',#309,#298,#311,.T.);
#309 = VERTEX_POINT('',#310);
#310 = CARTESIAN_POINT('',(-58.44773906455,49.772616026426,
    -62.63242746075));
#311 = B_SPLINE_CURVE_WITH_KNOTS('',3,(#312,#313,#314,#315,#316,#317,
    #318,#319),.UNSPECIFIED.,.F.,.F.,(4,1,1,1,1,4),(0.,0.2,0.4,0.6,0.8,
    1.),.QUASI_UNIFORM_KNOTS.);
#312 = CARTESIAN_POINT('',(-58.4477505398,49.77226193034,-62.63199422616
    ));
#313 = CARTESIAN_POINT('',(-60.84150947268,50.82217529768,
    -61.79756109891));
#314 = CARTESIAN_POINT('',(-65.79941849268,52.4890767732,-60.39001727776
    ));
#315 = CARTESIAN_POINT('',(-73.93737984784,53.85877915582,
    -59.15639524359));
#316 = CARTESIAN_POINT('',(-82.18349381213,54.02905903258,
    -58.99859142345));
#317 = CARTESIAN_POINT('',(-90.37193846898,53.0169729069,-59.92131000469
    ));
#318 = CARTESIAN_POINT('',(-95.47064175653,51.57486094646,
    -61.16787579214));
#319 = CARTESIAN_POINT('',(-97.95325573553,50.63455719038,-61.936593562)
  );
#320 = ORIENTED_EDGE('',*,*,#321,.T.);
#321 = EDGE_CURVE('',#309,#322,#324,.T.);
#322 = VERTEX_POINT('',#323);
#323 = CARTESIAN_POINT('',(98.30000003465,-42.44496217457,
    -67.81168915459));
#324 = B_SPLINE_CURVE_WITH_KNOTS('',5,(#325,#326,#327,#328,#329,#330,
    #331,#332,#333,#334,#335,#336,#337,#338,#339,#340,#341,#342,#343,
    #344,#345,#346,#347,#348,#349,#350),.UNSPECIFIED.,.F.,.F.,(6,4,4,4,4
    ,4,6),(0.,0.172329868929,0.336864844244,0.497942332371,
    0.659496965989,0.825526291358,1.),.UNSPECIFIED.);
#325 = CARTESIAN_POINT('',(-58.44775053342,49.772087887241,
    -62.63177522108));
#326 = CARTESIAN_POINT('',(-52.87194267918,47.336613699502,
    -64.56719274504));
#327 = CARTESIAN_POINT('',(-47.34280174071,44.745478061345,
    -66.43317438509));
#328 = CARTESIAN_POINT('',(-41.85569582556,42.003455799861,
    -68.20636499807));
#329 = CARTESIAN_POINT('',(-36.40599304125,39.119954292346,
    -69.86427470805));
#330 = CARTESIAN_POINT('',(-25.81715076548,33.233620454654,
    -72.84165901662));
#331 = CARTESIAN_POINT('',(-20.67511367943,30.242084071265,
    -74.17305158113));
#332 = CARTESIAN_POINT('',(-15.5589188781,27.145959449538,
    -75.36461687286));
#333 = CARTESIAN_POINT('',(-10.46453500239,23.960685429511,
    -76.40191519299));
#334 = CARTESIAN_POINT('',(-0.418004580067,17.515825537703,
    -78.12867743323));
#335 = CARTESIAN_POINT('',(4.534881344179,14.259206540785,
    -78.82499513978));
#336 = CARTESIAN_POINT('',(9.477310332391,10.953523195938,
    -79.35281812233));
#337 = CARTESIAN_POINT('',(14.415865637427,7.620539093303,
    -79.70636212062));
#338 = CARTESIAN_POINT('',(24.313032455503,0.933897764363,
    -80.06479205972));
#339 = CARTESIAN_POINT('',(29.271660044954,-2.419794298451,
    -80.06864218295));
#340 = CARTESIAN_POINT('',(34.239566543198,-5.756741200705,
    -79.89647945078));
#341 = CARTESIAN_POINT('',(39.223305212945,-9.054690568439,
    -79.55348509989));
#342 = CARTESIAN_POINT('',(49.374211543702,-15.62226795924,
    -78.53211184218));
#343 = CARTESIAN_POINT('',(54.542636428056,-18.88858286165,
    -77.8447038612));
#344 = CARTESIAN_POINT('',(59.738413606822,-22.07394015175,
    -76.99799572248));
#345 = CARTESIAN_POINT('',(64.965252716861,-25.1620245404,
    -76.00653510663));
#346 = CARTESIAN_POINT('',(75.756083768649,-31.26953465541,
    -73.71155100046));
#347 = CARTESIAN_POINT('',(81.323702677309,-34.27748142791,
    -72.39471842899));
#348 = CARTESIAN_POINT('',(86.934025059656,-37.1489871788,
    -70.95692371583));
#349 = CARTESIAN_POINT('',(92.591355854337,-39.8734781907,
    -69.42124263608));
#350 = CARTESIAN_POINT('',(98.3,-42.44496215695,-67.81168916562));
#351 = ORIENTED_EDGE('',*,*,#352,.T.);
#352 = EDGE_CURVE('',#322,#353,#355,.T.);
#353 = VERTEX_POINT('',#354);
#354 = CARTESIAN_POINT('',(98.299999999996,-1.74E-13,-80.));
#355 = CIRCLE('',#356,80.);
#356 = AXIS2_PLACEMENT_3D('',#357,#358,#359);
#357 = CARTESIAN_POINT('',(98.3,0.,2.186350131875E-14));
#358 = DIRECTION('',(1.,0.,2.22044604925E-16));
#359 = DIRECTION('',(1.88215246626E-16,-0.530562026962,-0.84764611457));
#360 = ORIENTED_EDGE('',*,*,#361,.T.);
#361 = EDGE_CURVE('',#353,#362,#364,.T.);
#362 = VERTEX_POINT('',#363);
#363 = CARTESIAN_POINT('',(98.30000000112,45.668338482785,-65.6841142151
    ));
#364 = CIRCLE('',#365,80.);
#365 = AXIS2_PLACEMENT_3D('',#366,#367,#368);
#366 = CARTESIAN_POINT('',(98.3,0.,2.186350131875E-14));
#367 = DIRECTION('',(1.,-0.,2.22044604925E-16));
#368 = DIRECTION('',(2.22044604925E-16,0.,-1.));
#369 = ORIENTED_EDGE('',*,*,#370,.T.);
#370 = EDGE_CURVE('',#362,#371,#373,.T.);
#371 = VERTEX_POINT('',#372);
#372 = CARTESIAN_POINT('',(-99.53525780075,68.13166216154,41.9294240689)
  );
#373 = B_SPLINE_CURVE_WITH_KNOTS('',14,(#374,#375,#376,#377,#378,#379,
    #380,#381,#382,#383,#384,#385,#386,#387,#388,#389,#390,#391,#392,
    #393,#394,#395,#396,#397,#398,#399,#400,#401,#402,#403,#404,#405,
    #406,#407,#408,#409,#410,#411,#412,#413,#414,#415,#416,#417,#418,
    #419,#420,#421,#422,#423,#424,#425,#426,#427),.UNSPECIFIED.,.F.,.F.,
  (15,13,13,13,15),(0.,0.243233566301,0.49551480475,0.754702415468,1.),
  .UNSPECIFIED.);
#374 = CARTESIAN_POINT('',(98.3,45.668338483303,-65.68411421473));
#375 = CARTESIAN_POINT('',(94.701755916192,47.166195925786,
    -64.64269557801));
#376 = CARTESIAN_POINT('',(91.116397878268,48.659208166977,
    -63.55006441056));
#377 = CARTESIAN_POINT('',(87.543688155197,50.144750582844,
    -62.40574512585));
#378 = CARTESIAN_POINT('',(83.985072564926,51.621472204794,
    -61.20754037088));
#379 = CARTESIAN_POINT('',(80.4360069019,53.083017872376,-59.95973369989
    ));
#380 = CARTESIAN_POINT('',(76.906293011048,54.535106235236,
    -58.65171763365));
#381 = CARTESIAN_POINT('',(73.382518120523,55.96330053889,
    -57.29688529641));
#382 = CARTESIAN_POINT('',(69.874131233004,57.373355942853,
    -55.88572321615));
#383 = CARTESIAN_POINT('',(66.384772030216,58.765496202307,
    -54.41421855392));
#384 = CARTESIAN_POINT('',(62.898228465022,60.122473505051,
    -52.89879894832));
#385 = CARTESIAN_POINT('',(59.432370646928,61.457375742712,
    -51.32216008639));
#386 = CARTESIAN_POINT('',(55.975402665753,62.756835514355,
    -49.69623401386));
#387 = CARTESIAN_POINT('',(52.531409655357,64.021776393215,
    -48.01776391734));
#388 = CARTESIAN_POINT('',(45.539087994254,66.520465149408,
    -44.49563722257));
#389 = CARTESIAN_POINT('',(41.991598404691,67.75133539436,-42.6481971895
    ));
#390 = CARTESIAN_POINT('',(38.457760497948,68.938196241455,
    -40.74646395617));
#391 = CARTESIAN_POINT('',(34.928096384273,70.07367410106,-38.8004029029
    ));
#392 = CARTESIAN_POINT('',(31.431218256633,71.167576420069,
    -36.78498993679));
#393 = CARTESIAN_POINT('',(27.901241427519,72.187519431149,
    -34.76318564177));
#394 = CARTESIAN_POINT('',(24.443537023955,73.177524477506,
    -32.6379763123));
#395 = CARTESIAN_POINT('',(20.925724020605,74.076933348788,
    -30.53693019505));
#396 = CARTESIAN_POINT('',(17.47220616557,74.937478247607,
    -28.34324884263));
#397 = CARTESIAN_POINT('',(13.989569635695,75.717026902182,
    -26.14969797593));
#398 = CARTESIAN_POINT('',(10.528265979111,76.435371624853,
    -23.90985237384));
#399 = CARTESIAN_POINT('',(7.065863045495,77.081636417527,
    -21.64850380294));
#400 = CARTESIAN_POINT('',(3.607055287722,77.656858802604,
    -19.36401981217));
#401 = CARTESIAN_POINT('',(-3.402693122719,78.675757941356,
    -14.69647201563));
#402 = CARTESIAN_POINT('',(-6.953543383838,79.115448642737,
    -12.31238255273));
#403 = CARTESIAN_POINT('',(-10.50380262855,79.477198854498,
    -9.913733149887));
#404 = CARTESIAN_POINT('',(-14.05804473886,79.760313604667,
    -7.507811692276));
#405 = CARTESIAN_POINT('',(-17.60942611431,79.964004690206,
    -5.092934553808));
#406 = CARTESIAN_POINT('',(-21.17383223274,80.088965348505,
    -2.68591429021));
#407 = CARTESIAN_POINT('',(-24.73705952278,80.134879018271,
    -0.278678043277));
#408 = CARTESIAN_POINT('',(-28.3083080414,80.103151296817,2.117132666042
    ));
#409 = CARTESIAN_POINT('',(-31.89502165974,79.995393487768,4.49178131769
    ));
#410 = CARTESIAN_POINT('',(-35.48206342189,79.812461921276,
    6.854469375959));
#411 = CARTESIAN_POINT('',(-39.0875420725,79.557486941486,9.186356203186
    ));
#412 = CARTESIAN_POINT('',(-42.70216615231,79.232328269783,
    11.492290277663));
#413 = CARTESIAN_POINT('',(-46.33062602884,78.839913095847,
    13.765197770728));
#414 = CARTESIAN_POINT('',(-53.42042929614,77.951021777044,18.1192453316
    ));
#415 = CARTESIAN_POINT('',(-56.88047397375,77.461308109676,
    20.203949605512));
#416 = CARTESIAN_POINT('',(-60.35264262971,76.915963290278,
    22.254931397354));
#417 = CARTESIAN_POINT('',(-63.8443335904,76.321196821524,
    24.261216966738));
#418 = CARTESIAN_POINT('',(-67.33079511235,75.667568499423,
    26.250865368365));
#419 = CARTESIAN_POINT('',(-70.87693267548,74.987913692845,
    28.14468542996));
#420 = CARTESIAN_POINT('',(-74.36854177639,74.234544153959,
    30.077502863405));
#421 = CARTESIAN_POINT('',(-77.95004952044,73.472031545137,
    31.875488002326));
#422 = CARTESIAN_POINT('',(-81.49062555374,72.650284662439,
    33.693971550967));
#423 = CARTESIAN_POINT('',(-85.07706323222,71.805532073714,
    35.42875705033));
#424 = CARTESIAN_POINT('',(-88.66656429812,70.92558478877,
    37.129743227109));
#425 = CARTESIAN_POINT('',(-92.27466637659,70.018522203532,
    38.778213334929));
#426 = CARTESIAN_POINT('',(-95.89734514469,69.086168363979,
    40.378434724858));
#427 = CARTESIAN_POINT('',(-99.53525780273,68.131662204892,
    41.929424098102));
#428 = ORIENTED_EDGE('',*,*,#429,.T.);
#429 = EDGE_CURVE('',#371,#430,#432,.T.);
#430 = VERTEX_POINT('',#431);
#431 = CARTESIAN_POINT('',(-89.44452392308,64.68749199188,47.06939961165
    ));
#432 = B_SPLINE_CURVE_WITH_KNOTS('',3,(#433,#434,#435,#436,#437,#438),
  .UNSPECIFIED.,.F.,.F.,(4,1,1,4),(0.,0.333333333333,0.666666666667,1.),
  .UNSPECIFIED.);
#433 = CARTESIAN_POINT('',(-99.53525780075,68.13166216154,41.9294240689)
  );
#434 = CARTESIAN_POINT('',(-98.55297632051,67.65626234226,42.70190736903
    ));
#435 = CARTESIAN_POINT('',(-96.49405066526,66.756727854,44.10550322765)
  );
#436 = CARTESIAN_POINT('',(-93.08232842988,65.57759676094,45.83355862064
    ));
#437 = CARTESIAN_POINT('',(-90.68311494073,64.95563215452,46.70089449438
    ));
#438 = CARTESIAN_POINT('',(-89.44452392308,64.68749199188,47.06939961165
    ));
#439 = ORIENTED_EDGE('',*,*,#440,.T.);
#440 = EDGE_CURVE('',#430,#441,#443,.T.);
#441 = VERTEX_POINT('',#442);
#442 = CARTESIAN_POINT('',(-97.95325563856,61.9365935953,50.63455714928)
  );
#443 = B_SPLINE_CURVE_WITH_KNOTS('',3,(#444,#445,#446,#447,#448,#449),
  .UNSPECIFIED.,.F.,.F.,(4,1,1,4),(0.,0.333333333333,0.666666666667,1.),
  .UNSPECIFIED.);
#444 = CARTESIAN_POINT('',(-89.44452392308,64.68749199188,47.06939961165
    ));
#445 = CARTESIAN_POINT('',(-90.37096311734,64.39307405931,47.47401827712
    ));
#446 = CARTESIAN_POINT('',(-92.23638277333,63.79653308505,48.27787959307
    ));
#447 = CARTESIAN_POINT('',(-95.07164735515,62.87950223496,49.46634642305
    ));
#448 = CARTESIAN_POINT('',(-96.98835302465,62.25327078835,50.24719508448
    ));
#449 = CARTESIAN_POINT('',(-97.95325563856,61.9365935953,50.63455714928)
  );
#450 = ORIENTED_EDGE('',*,*,#451,.F.);
#451 = EDGE_CURVE('',#452,#441,#454,.T.);
#452 = VERTEX_POINT('',#453);
#453 = CARTESIAN_POINT('',(-58.44775276925,62.63199644464,49.77225913867
    ));
#454 = B_SPLINE_CURVE_WITH_KNOTS('',3,(#455,#456,#457,#458,#459,#460,
    #461,#462,#463,#464,#465,#466,#467,#468,#469,#470),.UNSPECIFIED.,.F.
  ,.F.,(4,1,1,1,1,1,1,1,1,1,1,1,1,4),(0.,7.692307692308E-02,
    0.153846153846,0.230769230769,0.307692307692,0.384615384615,
    0.461538461538,0.538461538462,0.615384615385,0.692307692308,
    0.769230769231,0.846153846154,0.923076923077,1.),.UNSPECIFIED.);
#455 = CARTESIAN_POINT('',(-58.44775276925,62.63199644464,49.77225913867
    ));
#456 = CARTESIAN_POINT('',(-59.43085463096,62.28929998715,50.20345203987
    ));
#457 = CARTESIAN_POINT('',(-61.39946535943,61.65853351963,50.97846874142
    ));
#458 = CARTESIAN_POINT('',(-64.3021646287,60.88182467023,51.90183937164)
  );
#459 = CARTESIAN_POINT('',(-67.26218396229,60.23696248359,52.64749641796
    ));
#460 = CARTESIAN_POINT('',(-70.24198590957,59.7352803642,53.21497459571)
  );
#461 = CARTESIAN_POINT('',(-73.26638109686,59.37284025134,53.61834023361
    ));
#462 = CARTESIAN_POINT('',(-76.3431470157,59.15407671458,53.85914739862)
  );
#463 = CARTESIAN_POINT('',(-79.4868355868,59.08563651889,53.93407622497)
  );
#464 = CARTESIAN_POINT('',(-82.70132468431,59.17678139296,53.83425623981
    ));
#465 = CARTESIAN_POINT('',(-86.03405188704,59.44477536386,53.53889243927
    ));
#466 = CARTESIAN_POINT('',(-89.36065397898,59.89499420052,53.03579844673
    ));
#467 = CARTESIAN_POINT('',(-92.38697931935,60.46589490294,52.38469083488
    ));
#468 = CARTESIAN_POINT('',(-95.13239555867,61.11277735512,51.62980244499
    ));
#469 = CARTESIAN_POINT('',(-97.01852471713,61.64716306944,50.98859164838
    ));
#470 = CARTESIAN_POINT('',(-97.95325563856,61.9365935953,50.63455714928)
  );
#471 = ORIENTED_EDGE('',*,*,#472,.T.);
#472 = EDGE_CURVE('',#452,#473,#475,.T.);
#473 = VERTEX_POINT('',#474);
#474 = CARTESIAN_POINT('',(98.30000003465,67.811689154592,
    -42.44496217457));
#475 = B_SPLINE_CURVE_WITH_KNOTS('',12,(#476,#477,#478,#479,#480,#481,
    #482,#483,#484,#485,#486,#487,#488,#489,#490,#491,#492,#493,#494,
    #495,#496,#497,#498,#499,#500,#501,#502,#503,#504,#505,#506,#507,
    #508,#509,#510,#511,#512,#513,#514,#515,#516,#517,#518,#519,#520,
    #521),.UNSPECIFIED.,.F.,.F.,(13,11,11,11,13),(0.,0.229668413888,
    0.503098088542,0.77457491699,1.),.UNSPECIFIED.);
#476 = CARTESIAN_POINT('',(-58.44775724088,62.631781869846,
    49.772079520632));
#477 = CARTESIAN_POINT('',(-55.35543046252,63.70932495393,
    48.416129677918));
#478 = CARTESIAN_POINT('',(-52.27386519647,64.766739942767,
    47.019778838656));
#479 = CARTESIAN_POINT('',(-49.20344356747,65.802182775919,
    45.582776663412));
#480 = CARTESIAN_POINT('',(-46.1414264748,66.81198239667,44.108208404718
    ));
#481 = CARTESIAN_POINT('',(-43.0949261489,67.798292195361,
    42.589144509531));
#482 = CARTESIAN_POINT('',(-40.04960494438,68.750541637137,
    41.040706566496));
#483 = CARTESIAN_POINT('',(-37.02442363874,69.678118472176,
    39.444368844601));
#484 = CARTESIAN_POINT('',(-34.00155249397,70.568253699619,
    37.818543781075));
#485 = CARTESIAN_POINT('',(-30.99154459763,71.425429923348,
    36.153920389946));
#486 = CARTESIAN_POINT('',(-27.98940661622,72.244779408563,
    34.456211838205));
#487 = CARTESIAN_POINT('',(-24.99583020072,73.025055334519,
    32.725963014724));
#488 = CARTESIAN_POINT('',(-18.45566233505,74.644336218865,
    28.868543387872));
#489 = CARTESIAN_POINT('',(-14.91238416551,75.466208993654,
    26.728563298723));
#490 = CARTESIAN_POINT('',(-11.37940445168,76.226654337905,
    24.548133502539));
#491 = CARTESIAN_POINT('',(-7.855816419417,76.922700310817,
    22.330518729587));
#492 = CARTESIAN_POINT('',(-4.340498440128,77.551567724844,
    20.079421272733));
#493 = CARTESIAN_POINT('',(-0.832214885032,78.110767688583,
    17.798869811047));
#494 = CARTESIAN_POINT('',(2.670315203051,78.598178569914,
    15.493120507313));
#495 = CARTESIAN_POINT('',(6.168448701805,79.012065213594,
    13.166645828786));
#496 = CARTESIAN_POINT('',(9.663650085583,79.3510825584,10.824138657694)
  );
#497 = CARTESIAN_POINT('',(13.157420139812,79.614313555953,
    8.470438801571));
#498 = CARTESIAN_POINT('',(16.651171412289,79.801327748769,
    6.110396039407));
#499 = CARTESIAN_POINT('',(23.616691967556,80.022104617581,
    1.404306331316));
#500 = CARTESIAN_POINT('',(27.088359341823,80.056941950001,
    -0.941791876368));
#501 = CARTESIAN_POINT('',(30.563578142417,80.01674627082,
    -3.283934953579));
#502 = CARTESIAN_POINT('',(34.04004177034,79.901366607581,
    -5.620648125102));
#503 = CARTESIAN_POINT('',(37.530666262728,79.713397046779,
    -7.936935270789));
#504 = CARTESIAN_POINT('',(41.013002112391,79.450658190092,
    -10.24959062269));
#505 = CARTESIAN_POINT('',(44.522901308251,79.119900639292,
    -12.52270705055));
#506 = CARTESIAN_POINT('',(48.025355288553,78.717911308136,
    -14.78530998161));
#507 = CARTESIAN_POINT('',(51.548714106395,78.251069450143,
    -17.00833874722));
#508 = CARTESIAN_POINT('',(55.079729210869,77.720048031869,
    -19.20135684026));
#509 = CARTESIAN_POINT('',(58.62404137519,77.128399182418,
    -21.35664904584));
#510 = CARTESIAN_POINT('',(65.135619713021,75.940066078554,
    -25.22860442324));
#511 = CARTESIAN_POINT('',(68.098821694338,75.361253664878,
    -26.95762132584));
#512 = CARTESIAN_POINT('',(71.071748008154,74.74461943471,
    -28.65723529621));
#513 = CARTESIAN_POINT('',(74.053969254894,74.091626797702,
    -30.32680040214));
#514 = CARTESIAN_POINT('',(77.04716292334,73.404875873664,
    -31.96342602937));
#515 = CARTESIAN_POINT('',(80.051102843528,72.686170257232,
    -33.56649914335));
#516 = CARTESIAN_POINT('',(83.065052766981,71.93708404529,
    -35.13607999642));
#517 = CARTESIAN_POINT('',(86.089723575679,71.159870195325,
    -36.67068841091));
#518 = CARTESIAN_POINT('',(89.125828897824,70.356836909004,
    -38.16895993209));
#519 = CARTESIAN_POINT('',(92.172507288985,69.529610258725,
    -39.63143294857));
#520 = CARTESIAN_POINT('',(95.230589928845,68.680563324499,
    -41.05681568699));
#521 = CARTESIAN_POINT('',(98.3,67.811689165606,-42.44496215697));
#522 = ORIENTED_EDGE('',*,*,#523,.F.);
#523 = EDGE_CURVE('',#524,#473,#526,.T.);
#524 = VERTEX_POINT('',#525);
#525 = CARTESIAN_POINT('',(98.30000000112,65.684114215102,
    45.668338482785));
#526 = ( BOUNDED_CURVE() B_SPLINE_CURVE(6,(#527,#528,#529,#530,#531,#532
,#533),.UNSPECIFIED.,.F.,.F.) B_SPLINE_CURVE_WITH_KNOTS((7,7),(0.,
1.166809362705),.PIECEWISE_BEZIER_KNOTS.) CURVE() 
GEOMETRIC_REPRESENTATION_ITEM() RATIONAL_B_SPLINE_CURVE((1.017184778306,
    1.005596815599,0.998857283077,0.996637508194,0.998857283077,
1.005596815599,1.017184778306)) REPRESENTATION_ITEM('') );
#527 = CARTESIAN_POINT('',(98.299999999996,65.684114214731,
    45.66833848331));
#528 = CARTESIAN_POINT('',(98.299999999996,74.667488462714,
    32.747680545341));
#529 = CARTESIAN_POINT('',(98.299999999996,80.489314642969,
    17.897751279629));
#530 = CARTESIAN_POINT('',(98.299999999996,82.739472466843,1.99781903288
    ));
#531 = CARTESIAN_POINT('',(98.299999999996,81.259325851669,
    -13.99218477203));
#532 = CARTESIAN_POINT('',(98.299999999996,76.16099620547,
    -29.10579102892));
#533 = CARTESIAN_POINT('',(98.299999999996,67.811689165606,
    -42.44496215697));
#534 = ORIENTED_EDGE('',*,*,#535,.T.);
#535 = EDGE_CURVE('',#524,#233,#536,.T.);
#536 = B_SPLINE_CURVE_WITH_KNOTS('',6,(#537,#538,#539,#540,#541,#542,
    #543,#544,#545,#546,#547,#548),.UNSPECIFIED.,.F.,.F.,(7,5,7),(0.,
    0.523433223871,1.),.UNSPECIFIED.);
#537 = CARTESIAN_POINT('',(98.3,65.684114214731,45.66833848331));
#538 = CARTESIAN_POINT('',(86.947051079141,62.41671434012,
    50.367792715208));
#539 = CARTESIAN_POINT('',(75.760537053543,58.568418546728,
    55.041865782325));
#540 = CARTESIAN_POINT('',(64.726388275114,54.107778397353,
    59.560788892238));
#541 = CARTESIAN_POINT('',(53.830535095764,49.034912356914,
    63.781523544128));
#542 = CARTESIAN_POINT('',(43.058907867389,43.395742126415,
    67.562364400814));
#543 = CARTESIAN_POINT('',(22.690558211158,31.700821629533,
    73.720648819824));
#544 = CARTESIAN_POINT('',(13.074992836654,25.727606328417,
    76.193400824431));
#545 = CARTESIAN_POINT('',(3.514741387569,19.442169544103,
    78.102486199666));
#546 = CARTESIAN_POINT('',(-6.026195566916,12.967253195763,
    79.377275832929));
#547 = CARTESIAN_POINT('',(-15.5838174576,6.443269764378,80.000000000001
    ));
#548 = CARTESIAN_POINT('',(-25.19412371529,-1.631406E-11,80.));
#549 = SURFACE_OF_REVOLUTION('',#550,#554);
#550 = LINE('',#551,#552);
#551 = CARTESIAN_POINT('',(102.3,-47.34339149536,-64.48723347855));
#552 = VECTOR('',#553,1.);
#553 = DIRECTION('',(-1.,0.,-2.22044604925E-16));
#554 = AXIS1_PLACEMENT('',#555,#556);
#555 = CARTESIAN_POINT('',(265.8,0.,5.905597264369E-14));
#556 = DIRECTION('',(1.,0.,2.22044604925E-16));
#557 = ADVANCED_FACE('',(#558),#834,.F.);
#558 = FACE_BOUND('',#559,.F.);
#559 = EDGE_LOOP('',(#560,#597,#608,#619,#632,#659,#671,#680,#711,#722,
    #733,#746,#773,#782,#831,#832,#833));
#560 = ORIENTED_EDGE('',*,*,#561,.F.);
#561 = EDGE_CURVE('',#562,#233,#564,.T.);
#562 = VERTEX_POINT('',#563);
#563 = CARTESIAN_POINT('',(-99.53525763896,-41.92942419074,
    68.13166208599));
#564 = B_SPLINE_CURVE_WITH_KNOTS('',11,(#565,#566,#567,#568,#569,#570,
    #571,#572,#573,#574,#575,#576,#577,#578,#579,#580,#581,#582,#583,
    #584,#585,#586,#587,#588,#589,#590,#591,#592,#593,#594,#595,#596),
  .UNSPECIFIED.,.F.,.F.,(12,10,10,12),(0.,2.792385404086E-02,
    7.279567757166E-02,0.125048033827),.UNSPECIFIED.);
#565 = CARTESIAN_POINT('',(-99.53525779841,-41.92942401466,
    68.131662073444));
#566 = CARTESIAN_POINT('',(-97.95894714408,-41.25718566123,
    68.545370853935));
#567 = CARTESIAN_POINT('',(-96.38580376689,-40.57576010825,
    68.954676522594));
#568 = CARTESIAN_POINT('',(-94.81584901831,-39.88511580889,
    69.359356423349));
#569 = CARTESIAN_POINT('',(-93.24909456943,-39.18525148087,
    69.759175873481));
#570 = CARTESIAN_POINT('',(-91.68554451836,-38.47618951805,
    70.153890782802));
#571 = CARTESIAN_POINT('',(-90.12519749807,-37.75796940043,
    70.543250270388));
#572 = CARTESIAN_POINT('',(-88.56804878351,-37.03064110657,
    70.92699928494));
#573 = CARTESIAN_POINT('',(-87.01409239958,-36.29425852303,
    71.30488122081));
#574 = CARTESIAN_POINT('',(-85.46332322831,-35.54887285682,
    71.676640538223));
#575 = CARTESIAN_POINT('',(-83.91573911663,-34.79452604535,
    72.042025380216));
#576 = CARTESIAN_POINT('',(-79.88959849994,-32.8046996642,
    72.977301989861));
#577 = CARTESIAN_POINT('',(-77.41609611778,-31.55505709887,
    73.536702362494));
#578 = CARTESIAN_POINT('',(-74.95059745636,-30.28315539365,
    74.077974898481));
#579 = CARTESIAN_POINT('',(-72.49352882793,-28.98797205442,
    74.599796895243));
#580 = CARTESIAN_POINT('',(-70.0437143274,-27.6729714576,75.101583954151
    ));
#581 = CARTESIAN_POINT('',(-67.60220660507,-26.33537710381,
    75.581724755278));
#582 = CARTESIAN_POINT('',(-65.16882594517,-24.97586362811,
    76.039175854145));
#583 = CARTESIAN_POINT('',(-62.74221725375,-23.59839720936,
    76.473435423316));
#584 = CARTESIAN_POINT('',(-60.32331007282,-22.20054610267,
    76.882948870662));
#585 = CARTESIAN_POINT('',(-57.91132488987,-20.78466462132,
    77.266949139618));
#586 = CARTESIAN_POINT('',(-52.70551382166,-17.68163899676,
    78.040495298212));
#587 = CARTESIAN_POINT('',(-49.91412624393,-15.98821503504,
    78.420514988166));
#588 = CARTESIAN_POINT('',(-47.1313614946,-14.2728843492,78.763623552646
    ));
#589 = CARTESIAN_POINT('',(-44.35768699582,-12.53485760829,
    79.065357056738));
#590 = CARTESIAN_POINT('',(-41.58954173417,-10.78340172347,
    79.333586203325));
#591 = CARTESIAN_POINT('',(-38.83274580229,-9.004363730798,
    79.548330733449));
#592 = CARTESIAN_POINT('',(-36.07840370331,-7.220329621774,
    79.732482666456));
#593 = CARTESIAN_POINT('',(-33.33261203067,-5.416455580336,
    79.865535948683));
#594 = CARTESIAN_POINT('',(-30.59123128601,-3.603454483416,
    79.956155686685));
#595 = CARTESIAN_POINT('',(-27.85460749277,-1.780838522827,
    80.001040631179));
#596 = CARTESIAN_POINT('',(-25.12179945343,4.866511564438E-02,
    79.999957629835));
#597 = ORIENTED_EDGE('',*,*,#598,.T.);
#598 = EDGE_CURVE('',#562,#599,#601,.T.);
#599 = VERTEX_POINT('',#600);
#600 = CARTESIAN_POINT('',(-89.44452392308,-47.06939961165,
    64.68749199188));
#601 = B_SPLINE_CURVE_WITH_KNOTS('',3,(#602,#603,#604,#605,#606,#607),
  .UNSPECIFIED.,.F.,.F.,(4,1,1,4),(0.,0.333333333333,0.666666666667,1.),
  .UNSPECIFIED.);
#602 = CARTESIAN_POINT('',(-99.53525763896,-41.92942419074,
    68.13166208599));
#603 = CARTESIAN_POINT('',(-98.55296909899,-42.70191300963,
    67.65625887042));
#604 = CARTESIAN_POINT('',(-96.49403284925,-44.10551459608,
    66.75672041353));
#605 = CARTESIAN_POINT('',(-93.08229829094,-45.83357136057,
    65.57758778918));
#606 = CARTESIAN_POINT('',(-90.68310133986,-46.7008985409,64.95562921009
    ));
#607 = CARTESIAN_POINT('',(-89.44452392308,-47.06939961165,
    64.68749199188));
#608 = ORIENTED_EDGE('',*,*,#609,.T.);
#609 = EDGE_CURVE('',#599,#610,#612,.T.);
#610 = VERTEX_POINT('',#611);
#611 = CARTESIAN_POINT('',(-97.95325573553,-50.63455719038,61.936593562)
  );
#612 = B_SPLINE_CURVE_WITH_KNOTS('',3,(#613,#614,#615,#616,#617,#618),
  .UNSPECIFIED.,.F.,.F.,(4,1,1,4),(0.,0.333333333333,0.666666666667,1.),
  .UNSPECIFIED.);
#613 = CARTESIAN_POINT('',(-89.44452392308,-47.06939961165,
    64.68749199188));
#614 = CARTESIAN_POINT('',(-90.37096946526,-47.47402104955,
    64.39307204197));
#615 = CARTESIAN_POINT('',(-92.23639808915,-48.2778862537,63.79652820336
    ));
#616 = CARTESIAN_POINT('',(-95.07170433006,-49.46636999693,
    62.87948371898));
#617 = CARTESIAN_POINT('',(-96.9883778458,-50.24720505183,62.25326264014
    ));
#618 = CARTESIAN_POINT('',(-97.95325573553,-50.63455719038,61.936593562)
  );
#619 = ORIENTED_EDGE('',*,*,#620,.T.);
#620 = EDGE_CURVE('',#610,#621,#623,.T.);
#621 = VERTEX_POINT('',#622);
#622 = CARTESIAN_POINT('',(-58.44773906455,-49.77261602642,
    62.632427460759));
#623 = B_SPLINE_CURVE_WITH_KNOTS('',3,(#624,#625,#626,#627,#628,#629,
    #630,#631),.UNSPECIFIED.,.F.,.F.,(4,1,1,1,1,4),(0.,0.2,0.4,0.6,0.8,
    1.),.QUASI_UNIFORM_KNOTS.);
#624 = CARTESIAN_POINT('',(-97.95325573553,-50.63455719038,61.936593562)
  );
#625 = CARTESIAN_POINT('',(-95.47064175653,-51.57486094646,
    61.16787579214));
#626 = CARTESIAN_POINT('',(-90.37193846898,-53.0169729069,59.92131000469
    ));
#627 = CARTESIAN_POINT('',(-82.18349381213,-54.02905903258,
    58.99859142345));
#628 = CARTESIAN_POINT('',(-73.93737984784,-53.85877915582,
    59.15639524359));
#629 = CARTESIAN_POINT('',(-65.79941849268,-52.4890767732,60.39001727776
    ));
#630 = CARTESIAN_POINT('',(-60.84150947268,-50.82217529768,
    61.79756109891));
#631 = CARTESIAN_POINT('',(-58.4477505398,-49.77226193034,62.63199422616
    ));
#632 = ORIENTED_EDGE('',*,*,#633,.T.);
#633 = EDGE_CURVE('',#621,#634,#636,.T.);
#634 = VERTEX_POINT('',#635);
#635 = CARTESIAN_POINT('',(98.300000034649,42.444962174577,
    67.811689154592));
#636 = B_SPLINE_CURVE_WITH_KNOTS('',6,(#637,#638,#639,#640,#641,#642,
    #643,#644,#645,#646,#647,#648,#649,#650,#651,#652,#653,#654,#655,
    #656,#657,#658),.UNSPECIFIED.,.F.,.F.,(7,5,5,5,7),(0.,0.205732924766
    ,0.401453867263,0.594584812397,1.),.UNSPECIFIED.);
#637 = CARTESIAN_POINT('',(-58.44775053342,-49.77208788721,
    62.631775221107));
#638 = CARTESIAN_POINT('',(-52.89603837049,-47.35281380736,
    64.554318877269));
#639 = CARTESIAN_POINT('',(-47.39127254821,-44.78384516682,
    66.412873871457));
#640 = CARTESIAN_POINT('',(-41.92886097685,-42.06942989344,
    68.186841080436));
#641 = CARTESIAN_POINT('',(-36.50421156665,-39.21715577349,
    69.856294528863));
#642 = CARTESIAN_POINT('',(-31.11273222788,-36.23773989864,
    71.40290404698));
#643 = CARTESIAN_POINT('',(-20.64791483415,-30.20241320806,
    74.150293805923));
#644 = CARTESIAN_POINT('',(-15.57186296774,-27.15727746404,
    75.364245165202));
#645 = CARTESIAN_POINT('',(-10.51772150648,-24.02108030191,
    76.439067977832));
#646 = CARTESIAN_POINT('',(-5.481536685279,-20.80784742159,
    77.363231121987));
#647 = CARTESIAN_POINT('',(-0.459354739055,-17.53332670205,
    78.127825595028));
#648 = CARTESIAN_POINT('',(9.498584813033,-10.93930183999,
    79.318391939044));
#649 = CARTESIAN_POINT('',(14.434606621159,-7.620961669509,
    79.74871584086));
#650 = CARTESIAN_POINT('',(19.36703297316,-4.277852582077,
    80.011989425292));
#651 = CARTESIAN_POINT('',(24.302053320538,-0.929615186835,
    80.105981389702));
#652 = CARTESIAN_POINT('',(29.245857114806,2.404024776395,
    80.032294067871));
#653 = CARTESIAN_POINT('',(44.613961953927,12.632125378755,
    79.30113198423));
#654 = CARTESIAN_POINT('',(55.089268560331,19.412879099251,
    78.091001992518));
#655 = CARTESIAN_POINT('',(65.663039647413,25.8952651115,76.213978042811
    ));
#656 = CARTESIAN_POINT('',(76.367761235888,31.944246354208,
    73.775751518051));
#657 = CARTESIAN_POINT('',(87.235919346507,37.474188301336,
    70.923015705165));
#658 = CARTESIAN_POINT('',(98.3,42.444962156931,67.811689165635));
#659 = ORIENTED_EDGE('',*,*,#660,.F.);
#660 = EDGE_CURVE('',#661,#634,#663,.T.);
#661 = VERTEX_POINT('',#662);
#662 = CARTESIAN_POINT('',(98.299999999996,1.69E-13,80.));
#663 = ( BOUNDED_CURVE() B_SPLINE_CURVE(6,(#664,#665,#666,#667,#668,#669
,#670),.UNSPECIFIED.,.F.,.F.) B_SPLINE_CURVE_WITH_KNOTS((7,7),(0.,
0.559263472206),.PIECEWISE_BEZIER_KNOTS.) CURVE() 
GEOMETRIC_REPRESENTATION_ITEM() RATIONAL_B_SPLINE_CURVE((1.003918444971,
    1.001299321746,0.99973880579,0.999220353771,0.99973880579,
1.001299321746,1.003918444971)) REPRESENTATION_ITEM('') );
#664 = CARTESIAN_POINT('',(98.299999999996,-1.631317E-11,80.));
#665 = CARTESIAN_POINT('',(98.299999999996,7.476351281272,
    80.000000000002));
#666 = CARTESIAN_POINT('',(98.299999999996,14.929157697232,
    79.162444650063));
#667 = CARTESIAN_POINT('',(98.299999999996,22.253376641384,
    77.495868151283));
#668 = CARTESIAN_POINT('',(98.299999999996,29.345944576936,
    75.022582796186));
#669 = CARTESIAN_POINT('',(98.299999999996,36.107662042225,
    71.778357255691));
#670 = CARTESIAN_POINT('',(98.299999999996,42.44496215697,67.81168916561
    ));
#671 = ORIENTED_EDGE('',*,*,#672,.T.);
#672 = EDGE_CURVE('',#661,#673,#675,.T.);
#673 = VERTEX_POINT('',#674);
#674 = CARTESIAN_POINT('',(98.30000000112,-45.66833848278,
    65.684114215102));
#675 = CIRCLE('',#676,80.);
#676 = AXIS2_PLACEMENT_3D('',#677,#678,#679);
#677 = CARTESIAN_POINT('',(98.3,0.,2.186350131875E-14));
#678 = DIRECTION('',(1.,0.,2.22044604925E-16));
#679 = DIRECTION('',(-2.22044604925E-16,0.,1.));
#680 = ORIENTED_EDGE('',*,*,#681,.T.);
#681 = EDGE_CURVE('',#673,#682,#684,.T.);
#682 = VERTEX_POINT('',#683);
#683 = CARTESIAN_POINT('',(-99.53525763899,-68.131662086,-41.92942419072
    ));
#684 = B_SPLINE_CURVE_WITH_KNOTS('',5,(#685,#686,#687,#688,#689,#690,
    #691,#692,#693,#694,#695,#696,#697,#698,#699,#700,#701,#702,#703,
    #704,#705,#706,#707,#708,#709,#710),.UNSPECIFIED.,.F.,.F.,(6,4,4,4,4
    ,4,6),(0.,0.180683620966,0.345519405254,0.503517667328,
    0.661001600548,0.82366283404,1.),.UNSPECIFIED.);
#685 = CARTESIAN_POINT('',(98.3,-45.66833848328,65.684114214745));
#686 = CARTESIAN_POINT('',(90.801466163603,-48.7680624582,
    63.528962312592));
#687 = CARTESIAN_POINT('',(83.380688443867,-51.85857825987,
    61.108977930047));
#688 = CARTESIAN_POINT('',(76.032256449436,-54.89571268341,
    58.413557924057));
#689 = CARTESIAN_POINT('',(68.75075978895,-57.83160916622,
    55.441539454329));
#690 = CARTESIAN_POINT('',(54.944083120743,-63.16380891328,
    49.249669703069));
#691 = CARTESIAN_POINT('',(48.408583674296,-65.58486076403,
    46.074418504255));
#692 = CARTESIAN_POINT('',(41.920181765893,-67.84805536584,
    42.685835474389));
#693 = CARTESIAN_POINT('',(35.474769429724,-69.91953313807,
    39.100109133588));
#694 = CARTESIAN_POINT('',(22.927456068355,-73.54506213735,
    31.737311179419));
#695 = CARTESIAN_POINT('',(16.822396263867,-75.11702327898,
    27.974347372612));
#696 = CARTESIAN_POINT('',(10.742307963519,-76.4579065246,
    24.079334129937));
#697 = CARTESIAN_POINT('',(4.676439844326,-77.54723536428,
    20.087698940431));
#698 = CARTESIAN_POINT('',(-7.428623860249,-79.20200415573,
    12.000867418773));
#699 = CARTESIAN_POINT('',(-13.46784199309,-79.7691428127,7.90604029025)
  );
#700 = CARTESIAN_POINT('',(-19.51608645445,-80.06778604627,
    3.793268756752));
#701 = CARTESIAN_POINT('',(-25.58582988356,-80.10089719492,
    -0.294608469027));
#702 = CARTESIAN_POINT('',(-37.99392020635,-79.65864261251,
    -8.475054741629));
#703 = CARTESIAN_POINT('',(-44.33453745564,-79.16651438379,
    -12.56336717927));
#704 = CARTESIAN_POINT('',(-50.717777609,-78.4228213621,-16.54723364606)
  );
#705 = CARTESIAN_POINT('',(-57.15002160789,-77.45324329196,
    -20.39471124045));
#706 = CARTESIAN_POINT('',(-70.67073411849,-75.02763607745,
    -28.07885990145));
#707 = CARTESIAN_POINT('',(-77.76890721508,-73.53755242079,
    -31.88743272401));
#708 = CARTESIAN_POINT('',(-84.94029918937,-71.85931270111,
    -35.47668536681));
#709 = CARTESIAN_POINT('',(-92.19303954721,-70.04101960757,
    -38.82688461889));
#710 = CARTESIAN_POINT('',(-99.53525779443,-68.13166220729,
    -41.9294240942));
#711 = ORIENTED_EDGE('',*,*,#712,.T.);
#712 = EDGE_CURVE('',#682,#713,#715,.T.);
#713 = VERTEX_POINT('',#714);
#714 = CARTESIAN_POINT('',(-89.44452392308,-64.68749199188,
    -47.06939961165));
#715 = B_SPLINE_CURVE_WITH_KNOTS('',3,(#716,#717,#718,#719,#720,#721),
  .UNSPECIFIED.,.F.,.F.,(4,1,1,4),(0.,0.333333333333,0.666666666667,1.),
  .UNSPECIFIED.);
#716 = CARTESIAN_POINT('',(-99.53525763899,-68.131662086,-41.92942419072
    ));
#717 = CARTESIAN_POINT('',(-98.55296909898,-67.65625887041,
    -42.70191300964));
#718 = CARTESIAN_POINT('',(-96.49403284926,-66.75672041353,
    -44.10551459608));
#719 = CARTESIAN_POINT('',(-93.08229829094,-65.57758778918,
    -45.83357136058));
#720 = CARTESIAN_POINT('',(-90.68310133986,-64.95562921009,
    -46.7008985409));
#721 = CARTESIAN_POINT('',(-89.44452392308,-64.68749199188,
    -47.06939961165));
#722 = ORIENTED_EDGE('',*,*,#723,.T.);
#723 = EDGE_CURVE('',#713,#724,#726,.T.);
#724 = VERTEX_POINT('',#725);
#725 = CARTESIAN_POINT('',(-97.95325573553,-61.936593562,-50.63455719038
    ));
#726 = B_SPLINE_CURVE_WITH_KNOTS('',3,(#727,#728,#729,#730,#731,#732),
  .UNSPECIFIED.,.F.,.F.,(4,1,1,4),(0.,0.333333333333,0.666666666667,1.),
  .UNSPECIFIED.);
#727 = CARTESIAN_POINT('',(-89.44452392308,-64.68749199188,
    -47.06939961165));
#728 = CARTESIAN_POINT('',(-90.37096246765,-64.39307426577,
    -47.47401799337));
#729 = CARTESIAN_POINT('',(-92.2363812691,-63.79653356802,
    -48.27787895192));
#730 = CARTESIAN_POINT('',(-95.07164601088,-62.87950267395,
    -49.46634586959));
#731 = CARTESIAN_POINT('',(-96.9883525665,-62.25327093671,-50.2471949034
    ));
#732 = CARTESIAN_POINT('',(-97.95325573553,-61.936593562,-50.63455719038
    ));
#733 = ORIENTED_EDGE('',*,*,#734,.T.);
#734 = EDGE_CURVE('',#724,#735,#737,.T.);
#735 = VERTEX_POINT('',#736);
#736 = CARTESIAN_POINT('',(-58.44773906455,-62.63242746075,
    -49.77261602642));
#737 = B_SPLINE_CURVE_WITH_KNOTS('',3,(#738,#739,#740,#741,#742,#743,
    #744,#745),.UNSPECIFIED.,.F.,.F.,(4,1,1,1,1,4),(0.,0.2,0.4,0.6,0.8,
    1.),.QUASI_UNIFORM_KNOTS.);
#738 = CARTESIAN_POINT('',(-97.95325573553,-61.936593562,-50.63455719038
    ));
#739 = CARTESIAN_POINT('',(-95.47064175653,-61.16787579214,
    -51.57486094646));
#740 = CARTESIAN_POINT('',(-90.37193846898,-59.92131000469,
    -53.0169729069));
#741 = CARTESIAN_POINT('',(-82.18349381213,-58.99859142345,
    -54.02905903258));
#742 = CARTESIAN_POINT('',(-73.93737984784,-59.15639524359,
    -53.85877915582));
#743 = CARTESIAN_POINT('',(-65.79941849269,-60.39001727776,
    -52.4890767732));
#744 = CARTESIAN_POINT('',(-60.84150947268,-61.79756109891,
    -50.82217529768));
#745 = CARTESIAN_POINT('',(-58.4477505398,-62.63199422616,
    -49.77226193034));
#746 = ORIENTED_EDGE('',*,*,#747,.T.);
#747 = EDGE_CURVE('',#735,#748,#750,.T.);
#748 = VERTEX_POINT('',#749);
#749 = CARTESIAN_POINT('',(98.300000034649,-67.81168915459,
    42.444962174577));
#750 = B_SPLINE_CURVE_WITH_KNOTS('',6,(#751,#752,#753,#754,#755,#756,
    #757,#758,#759,#760,#761,#762,#763,#764,#765,#766,#767,#768,#769,
    #770,#771,#772),.UNSPECIFIED.,.F.,.F.,(7,5,5,5,7),(0.,0.20613826135,
    0.401488195232,0.594178912813,1.),.UNSPECIFIED.);
#751 = CARTESIAN_POINT('',(-58.44775053342,-62.63177522108,
    -49.77208788724));
#752 = CARTESIAN_POINT('',(-52.88502981678,-64.55811061079,
    -47.34804239809));
#753 = CARTESIAN_POINT('',(-47.36946472425,-66.42020434542,
    -44.77371182001));
#754 = CARTESIAN_POINT('',(-41.8964322152,-68.19733503075,
    -42.05336926994));
#755 = CARTESIAN_POINT('',(-36.461309249,-69.86945990633,-39.19465479544
    ));
#756 = CARTESIAN_POINT('',(-31.059472785,-71.4181465813,-36.20836202077)
  );
#757 = CARTESIAN_POINT('',(-20.59433391516,-74.1631036408,
    -30.17033447338));
#758 = CARTESIAN_POINT('',(-15.52810979115,-75.3735801173,
    -27.13020032934));
#759 = CARTESIAN_POINT('',(-10.48369289115,-76.44538047468,
    -23.99944015599));
#760 = CARTESIAN_POINT('',(-5.45714869577,-77.36705057326,
    -20.79200808147));
#761 = CARTESIAN_POINT('',(-0.444542685601,-78.12973986857,
    -17.52356599486));
#762 = CARTESIAN_POINT('',(9.492563686192,-79.31753112096,
    -10.94323849248));
#763 = CARTESIAN_POINT('',(14.417334545484,-79.74709199792,
    -7.632545451679));
#764 = CARTESIAN_POINT('',(19.338518640076,-80.01037569025,
    -4.297169883906));
#765 = CARTESIAN_POINT('',(24.262262373408,-80.10515953529,
    -0.956616927074));
#766 = CARTESIAN_POINT('',(29.19471214894,-80.03302002732,2.369522020046
    ));
#767 = CARTESIAN_POINT('',(44.56140348883,-79.30719942295,
    12.598050743282));
#768 = CARTESIAN_POINT('',(55.04667139598,-78.09854636808,
    19.386812593607));
#769 = CARTESIAN_POINT('',(65.630491546127,-76.2213267223,
    25.877051914488));
#770 = CARTESIAN_POINT('',(76.345537393809,-73.78146326703,
    31.933185579986));
#771 = CARTESIAN_POINT('',(87.224482393587,-70.92611040317,
    37.469244093852));
#772 = CARTESIAN_POINT('',(98.3,-67.81168916564,42.444962156924));
#773 = ORIENTED_EDGE('',*,*,#774,.T.);
#774 = EDGE_CURVE('',#748,#775,#777,.T.);
#775 = VERTEX_POINT('',#776);
#776 = CARTESIAN_POINT('',(98.30000000112,-65.6841142151,-45.66833848278
    ));
#777 = CIRCLE('',#778,80.);
#778 = AXIS2_PLACEMENT_3D('',#779,#780,#781);
#779 = CARTESIAN_POINT('',(98.3,0.,2.186350131875E-14));
#780 = DIRECTION('',(1.,0.,2.22044604925E-16));
#781 = DIRECTION('',(-1.17808435665E-16,-0.84764611457,0.530562026962));
#782 = ORIENTED_EDGE('',*,*,#783,.F.);
#783 = EDGE_CURVE('',#242,#775,#784,.T.);
#784 = B_SPLINE_CURVE_WITH_KNOTS('',12,(#785,#786,#787,#788,#789,#790,
    #791,#792,#793,#794,#795,#796,#797,#798,#799,#800,#801,#802,#803,
    #804,#805,#806,#807,#808,#809,#810,#811,#812,#813,#814,#815,#816,
    #817,#818,#819,#820,#821,#822,#823,#824,#825,#826,#827,#828,#829,
    #830),.UNSPECIFIED.,.F.,.F.,(13,11,11,11,13),(0.,5.675251060755E-02,
    0.107952136618,0.164011583216,0.208677511801),.UNSPECIFIED.);
#785 = CARTESIAN_POINT('',(-25.251616762,3.823219162176E-02,
    -79.99996190209));
#786 = CARTESIAN_POINT('',(-22.53063169633,-1.782945864153,
    -80.00086087687));
#787 = CARTESIAN_POINT('',(-19.81343703146,-3.611008227354,
    -79.95643197574));
#788 = CARTESIAN_POINT('',(-17.0993894159,-5.443979770266,
    -79.86740708685));
#789 = CARTESIAN_POINT('',(-14.38764313886,-7.279412373984,
    -79.72597908055));
#790 = CARTESIAN_POINT('',(-11.67752789598,-9.115211429997,
    -79.55410505429));
#791 = CARTESIAN_POINT('',(-8.968236333827,-10.94910517472,-79.311234749
    ));
#792 = CARTESIAN_POINT('',(-6.258995176245,-12.7786835259,
    -79.04465357819));
#793 = CARTESIAN_POINT('',(-3.549324921659,-14.6024621124,
    -78.71919900707));
#794 = CARTESIAN_POINT('',(-0.837862204541,-16.41666855994,
    -78.35082116041));
#795 = CARTESIAN_POINT('',(1.875498551319,-18.22064871563,
    -77.93723237211));
#796 = CARTESIAN_POINT('',(4.591766775871,-20.011534413,-77.47867032393)
  );
#797 = CARTESIAN_POINT('',(9.765275012514,-23.38944276405,
    -76.52258850473));
#798 = CARTESIAN_POINT('',(12.221837544543,-24.97932108491,
    -76.03329916339));
#799 = CARTESIAN_POINT('',(14.6819248634,-26.55503515003,-75.50838615722
    ));
#800 = CARTESIAN_POINT('',(17.145429391856,-28.11679959023,
    -74.95016489861));
#801 = CARTESIAN_POINT('',(19.613716224814,-29.66063461917,
    -74.35690598777));
#802 = CARTESIAN_POINT('',(22.086844797102,-31.18627584374,
    -73.73039474263));
#803 = CARTESIAN_POINT('',(24.564686717857,-32.69400058632,
    -73.07307653661));
#804 = CARTESIAN_POINT('',(27.048200973972,-34.18099527675,
    -72.3845410952));
#805 = CARTESIAN_POINT('',(29.538124917377,-35.6450686088,
    -71.66479518351));
#806 = CARTESIAN_POINT('',(32.033868174624,-37.08779940636,
    -70.9172479464));
#807 = CARTESIAN_POINT('',(34.536339617214,-38.5065128408,
    -70.14154156337));
#808 = CARTESIAN_POINT('',(39.79319971879,-41.42726431708,-68.4608198837
    ));
#809 = CARTESIAN_POINT('',(42.548994926155,-42.92431401399,
    -67.55045343933));
#810 = CARTESIAN_POINT('',(45.313214586322,-44.39129963815,
    -66.6096932446));
#811 = CARTESIAN_POINT('',(48.087058972549,-45.82458518048,
    -65.64037825061));
#812 = CARTESIAN_POINT('',(50.867435528677,-47.23336710547,
    -64.64383713067));
#813 = CARTESIAN_POINT('',(53.663094355866,-48.59090956107,
    -63.62143714874));
#814 = CARTESIAN_POINT('',(56.460424816672,-49.93891062121,
    -62.5759886091));
#815 = CARTESIAN_POINT('',(59.274302708021,-51.23159692038,
    -61.50771580086));
#816 = CARTESIAN_POINT('',(62.094501654639,-52.50042137961,
    -60.41949980214));
#817 = CARTESIAN_POINT('',(64.925877947499,-53.73028175327,
    -59.31222933754));
#818 = CARTESIAN_POINT('',(67.767012132602,-54.92554145714,
    -58.18786573124));
#819 = CARTESIAN_POINT('',(72.89003004591,-57.00882354971,
    -56.13976336602));
#820 = CARTESIAN_POINT('',(75.168206821316,-57.90996336104,
    -55.22170325757));
#821 = CARTESIAN_POINT('',(77.452744866827,-58.78853019044,
    -54.2945351292));
#822 = CARTESIAN_POINT('',(79.743858795332,-59.64422983803,
    -53.35920392718));
#823 = CARTESIAN_POINT('',(82.041127099255,-60.47772095638,
    -52.41615410439));
#824 = CARTESIAN_POINT('',(84.344882109467,-61.28853301514,
    -51.46642322635));
#825 = CARTESIAN_POINT('',(86.655379096489,-62.07631091,-50.510988229));
#826 = CARTESIAN_POINT('',(88.972123009175,-62.8418234585,
    -49.55023570118));
#827 = CARTESIAN_POINT('',(91.294798449584,-63.58557037057,
    -48.58469358175));
#828 = CARTESIAN_POINT('',(93.623914152033,-64.30681687684,
    -47.61553822922));
#829 = CARTESIAN_POINT('',(95.958959524685,-65.00635507192,
    -46.6431440055));
#830 = CARTESIAN_POINT('',(98.300000000064,-65.68411421474,
    -45.66833848329));
#831 = ORIENTED_EDGE('',*,*,#241,.F.);
#832 = ORIENTED_EDGE('',*,*,#204,.T.);
#833 = ORIENTED_EDGE('',*,*,#232,.F.);
#834 = SURFACE_OF_REVOLUTION('',#835,#839);
#835 = LINE('',#836,#837);
#836 = CARTESIAN_POINT('',(102.3,47.343391495348,64.487233478559));
#837 = VECTOR('',#838,1.);
#838 = DIRECTION('',(-1.,0.,-2.22044604925E-16));
#839 = AXIS1_PLACEMENT('',#840,#841);
#840 = CARTESIAN_POINT('',(265.8,0.,5.905597264369E-14));
#841 = DIRECTION('',(1.,0.,2.22044604925E-16));
#842 = ADVANCED_FACE('',(#843),#941,.F.);
#843 = FACE_BOUND('',#844,.F.);
#844 = EDGE_LOOP('',(#845,#846,#855,#927,#940));
#845 = ORIENTED_EDGE('',*,*,#783,.T.);
#846 = ORIENTED_EDGE('',*,*,#847,.F.);
#847 = EDGE_CURVE('',#848,#775,#850,.T.);
#848 = VERTEX_POINT('',#849);
#849 = CARTESIAN_POINT('',(102.78253101488,-65.90872443371,
    -55.39337828273));
#850 = CIRCLE('',#851,10.);
#851 = AXIS2_PLACEMENT_3D('',#852,#853,#854);
#852 = CARTESIAN_POINT('',(98.3000000012,-73.89462849197,-51.37688079316
    ));
#853 = DIRECTION('',(0.868572472433,-0.28289375906,0.406882023708));
#854 = DIRECTION('',(0.448253101368,0.798590405826,-0.401649748957));
#855 = ORIENTED_EDGE('',*,*,#856,.T.);
#856 = EDGE_CURVE('',#848,#857,#859,.T.);
#857 = VERTEX_POINT('',#858);
#858 = CARTESIAN_POINT('',(-88.21086192336,51.60384568675,
    -74.25029176026));
#859 = B_SPLINE_CURVE_WITH_KNOTS('',14,(#860,#861,#862,#863,#864,#865,
    #866,#867,#868,#869,#870,#871,#872,#873,#874,#875,#876,#877,#878,
    #879,#880,#881,#882,#883,#884,#885,#886,#887,#888,#889,#890,#891,
    #892,#893,#894,#895,#896,#897,#898,#899,#900,#901,#902,#903,#904,
    #905,#906,#907,#908,#909,#910,#911,#912,#913,#914,#915,#916,#917,
    #918,#919,#920,#921,#922,#923,#924,#925,#926),.UNSPECIFIED.,.F.,.F.,
  (15,13,13,13,13,15),(0.,0.250546670534,0.357841073911,0.515361013018,
    0.732553661873,1.),.UNSPECIFIED.);
#860 = CARTESIAN_POINT('',(102.78253101372,-65.90872443333,
    -55.39337828328));
#861 = CARTESIAN_POINT('',(99.162106152853,-64.68726249504,
    -57.00527742891));
#862 = CARTESIAN_POINT('',(95.556792878837,-63.40765531871,
    -58.60810557597));
#863 = CARTESIAN_POINT('',(91.966609796711,-62.06885364398,
    -60.19918471028));
#864 = CARTESIAN_POINT('',(88.393014738844,-60.67005674672,
    -61.77343882033));
#865 = CARTESIAN_POINT('',(84.833860531484,-59.2106682037,
    -63.33117297557));
#866 = CARTESIAN_POINT('',(81.291620816141,-57.69041268748,
    -64.8658020204));
#867 = CARTESIAN_POINT('',(77.765858900136,-56.10911727976,
    -66.37427743295));
#868 = CARTESIAN_POINT('',(74.254676314432,-54.46696157197,
    -67.85620356855));
#869 = CARTESIAN_POINT('',(70.759177365669,-52.76448245699,
    -69.30715540974));
#870 = CARTESIAN_POINT('',(67.280207391166,-51.0021797738,
    -70.72165534347));
#871 = CARTESIAN_POINT('',(63.815557329736,-49.18072378155,
    -72.09803985673));
#872 = CARTESIAN_POINT('',(60.366118710017,-47.30170364556,
    -73.43243224479));
#873 = CARTESIAN_POINT('',(56.931083941021,-45.36650100026,
    -74.72132454002));
#874 = CARTESIAN_POINT('',(52.044874006439,-42.52492382427,
    -76.49242415475));
#875 = CARTESIAN_POINT('',(50.582350267171,-41.66293930205,
    -77.01449917412));
#876 = CARTESIAN_POINT('',(49.12233601725,-40.7911348923,-77.52737315859
    ));
#877 = CARTESIAN_POINT('',(47.664788480973,-39.9096665992,
    -78.03079116358));
#878 = CARTESIAN_POINT('',(46.209661221934,-39.01869757595,
    -78.52448854884));
#879 = CARTESIAN_POINT('',(44.756904305489,-38.1184000707,
    -79.00820066498));
#880 = CARTESIAN_POINT('',(43.306464490694,-37.20895678604,
    -79.48166985826));
#881 = CARTESIAN_POINT('',(41.858285299787,-36.29056161895,
    -79.94464972077));
#882 = CARTESIAN_POINT('',(40.412307175035,-35.36341982488,
    -80.39690668133));
#883 = CARTESIAN_POINT('',(38.968467473926,-34.42774755652,
    -80.83821882995));
#884 = CARTESIAN_POINT('',(37.526700557634,-33.48377082562,
    -81.26837207998));
#885 = CARTESIAN_POINT('',(36.086937747742,-32.53172384694,
    -81.68715358028));
#886 = CARTESIAN_POINT('',(34.649107321793,-31.57184679422,
    -82.0943424413));
#887 = CARTESIAN_POINT('',(31.104968921124,-29.18404003188,
    -83.07012262033));
#888 = CARTESIAN_POINT('',(29.000807878573,-27.7473508904,
    -83.62511855639));
#889 = CARTESIAN_POINT('',(26.900409860002,-26.29510515908,
    -84.15371652547));
#890 = CARTESIAN_POINT('',(24.803537205599,-24.82818590113,
    -84.65630666829));
#891 = CARTESIAN_POINT('',(22.709923974502,-23.34740230576,
    -85.13137322698));
#892 = CARTESIAN_POINT('',(20.619290572983,-21.85364466782,
    -85.57804173455));
#893 = CARTESIAN_POINT('',(18.531354728175,-20.34790379114,
    -85.99657259439));
#894 = CARTESIAN_POINT('',(16.445829275435,-18.8311808106,
    -86.38700667377));
#895 = CARTESIAN_POINT('',(14.362414620907,-17.30443827025,
    -86.74837875742));
#896 = CARTESIAN_POINT('',(12.280796546946,-15.76865694227,
    -87.07963231971));
#897 = CARTESIAN_POINT('',(10.2006523644,-14.22491276397,-87.38096033293
    ));
#898 = CARTESIAN_POINT('',(8.121659641379,-12.67432224071,
    -87.65313062651));
#899 = CARTESIAN_POINT('',(6.043496095482,-11.11787018346,
    -87.89479698712));
#900 = CARTESIAN_POINT('',(1.101078121817,-7.404066173756,
    -88.39772909548));
#901 = CARTESIAN_POINT('',(-1.762738411906,-5.242452306983,
    -88.63153197587));
#902 = CARTESIAN_POINT('',(-4.626411323836,-3.074391145927,
    -88.8085260495));
#903 = CARTESIAN_POINT('',(-7.491320452789,-0.90433897082,
    -88.92152623362));
#904 = CARTESIAN_POINT('',(-10.356513072,1.271025845163,-89.00342375822)
  );
#905 = CARTESIAN_POINT('',(-13.22759492811,3.432394766168,
    -88.95303966982));
#906 = CARTESIAN_POINT('',(-16.09672907187,5.608316130802,
    -88.98424574431));
#907 = CARTESIAN_POINT('',(-18.97663892364,7.752296557083,
    -88.78042313969));
#908 = CARTESIAN_POINT('',(-21.85619872882,9.906628394644,
    -88.68440615427));
#909 = CARTESIAN_POINT('',(-24.74508470127,12.034707033773,
    -88.42818533384));
#910 = CARTESIAN_POINT('',(-27.6393288513,14.152570242589,
    -88.16633642234));
#911 = CARTESIAN_POINT('',(-30.5414335307,16.250712128816,
    -87.83811361952));
#912 = CARTESIAN_POINT('',(-33.45161972146,18.328766512262,
    -87.46245167562));
#913 = CARTESIAN_POINT('',(-39.96499392386,22.91529631001,
    -86.51449632331));
#914 = CARTESIAN_POINT('',(-43.57271414774,25.412194675901,
    -85.91737790029));
#915 = CARTESIAN_POINT('',(-47.19497892271,27.870636142332,
    -85.24830500466));
#916 = CARTESIAN_POINT('',(-50.83267320064,30.288491032034,
    -84.51578769586));
#917 = CARTESIAN_POINT('',(-54.48711648844,32.659152347064,
    -83.71139335074));
#918 = CARTESIAN_POINT('',(-58.15876783627,34.983169682692,
    -82.8526219753));
#919 = CARTESIAN_POINT('',(-61.84855214936,37.256533312416,
    -81.93610926293));
#920 = CARTESIAN_POINT('',(-65.55669964294,39.476175195676,
    -80.96442223165));
#921 = CARTESIAN_POINT('',(-69.28368780723,41.641650300999,
    -79.94689139195));
#922 = CARTESIAN_POINT('',(-73.03037257209,43.750694166951,
    -78.88211673674));
#923 = CARTESIAN_POINT('',(-76.79620491807,45.801950361428,
    -77.77666119108));
#924 = CARTESIAN_POINT('',(-80.58176168804,47.794854560059,
    -76.63336340256));
#925 = CARTESIAN_POINT('',(-84.3867588153,49.728646131165,
    -75.45616279439));
#926 = CARTESIAN_POINT('',(-88.21105237449,51.603157254783,
    -74.24882336393));
#927 = ORIENTED_EDGE('',*,*,#928,.T.);
#928 = EDGE_CURVE('',#857,#250,#929,.T.);
#929 = B_SPLINE_CURVE_WITH_KNOTS('',3,(#930,#931,#932,#933,#934,#935,
    #936,#937,#938,#939),.UNSPECIFIED.,.F.,.F.,(4,1,1,1,1,1,1,4),(0.,
    0.142857142857,0.285714285714,0.428571428571,0.571428571429,
    0.714285714286,0.857142857143,1.),.UNSPECIFIED.);
#930 = CARTESIAN_POINT('',(-88.21086192336,51.60384568675,
    -74.25029176026));
#931 = CARTESIAN_POINT('',(-88.28910441671,51.3162556336,-73.64377688051
    ));
#932 = CARTESIAN_POINT('',(-88.62440340197,50.67747754511,
    -72.42202269616));
#933 = CARTESIAN_POINT('',(-89.7171045639,49.51267763898,-70.64998270628
    ));
#934 = CARTESIAN_POINT('',(-91.32917756958,48.16903566333,
    -69.13752055652));
#935 = CARTESIAN_POINT('',(-93.21001239242,46.74084995785,-68.0576992794
    ));
#936 = CARTESIAN_POINT('',(-95.38481583297,45.12283345531,
    -67.42164033303));
#937 = CARTESIAN_POINT('',(-97.61402687189,43.43333697974,
    -67.42207921833));
#938 = CARTESIAN_POINT('',(-98.9249719502,42.40936356868,-67.83629918939
    ));
#939 = CARTESIAN_POINT('',(-99.53525763896,41.92942419074,
    -68.13166208599));
#940 = ORIENTED_EDGE('',*,*,#249,.T.);
#941 = ( BOUNDED_SURFACE() B_SPLINE_SURFACE(3,3,(
    (#942,#943,#944,#945,#946,#947,#948,#949,#950,#951,#952,#953,#954
      ,#955,#956,#957,#958,#959,#960,#961,#962,#963)
    ,(#964,#965,#966,#967,#968,#969,#970,#971,#972,#973,#974,#975,#976
      ,#977,#978,#979,#980,#981,#982,#983,#984,#985)
    ,(#986,#987,#988,#989,#990,#991,#992,#993,#994,#995,#996,#997,#998
      ,#999,#1000,#1001,#1002,#1003,#1004,#1005,#1006,#1007)
    ,(#1008,#1009,#1010,#1011,#1012,#1013,#1014,#1015,#1016,#1017,#1018
      ,#1019,#1020,#1021,#1022,#1023,#1024,#1025,#1026,#1027,#1028,#1029
)),.UNSPECIFIED.,.F.,.F.,.F.) B_SPLINE_SURFACE_WITH_KNOTS((4,4),(4,1,1,1
    ,1,1,1,1,1,1,1,1,1,1,1,1,1,1,1,4),(0.,1.),(0.663201887644,
    0.674435634907,0.694423951983,0.716668931761,0.739295775514,
    0.760223478981,0.779133931,0.796689716536,0.813671979432,
    0.830727335831,0.848074998807,0.865306737647,0.882155566658,
    0.899274624817,0.91734032537,0.935935852669,0.955334071415,
    0.976399691647,1.,1.003288082274),.UNSPECIFIED.) 
GEOMETRIC_REPRESENTATION_ITEM() RATIONAL_B_SPLINE_SURFACE((
    (1.24262414616,1.24262414616,1.24262414616,1.24262414616
      ,1.24262414616,1.24262414616,1.24262414616,1.24262414616
      ,1.24262414616,1.24262414616,1.24262414616,1.24262414616
      ,1.24262414616,1.24262414616,1.24262414616,1.24262414616
      ,1.24262414616,1.24262414616,1.24262414616,1.24262414616
      ,1.24262414616,1.24262414616)
    ,(0.919125284613,0.919125284613,0.919125284613,0.919125284613
      ,0.919125284613,0.919125284613,0.919125284613,0.919125284613
      ,0.919125284613,0.919125284613,0.919125284613,0.919125284613
      ,0.919125284613,0.919125284613,0.919125284613,0.919125284613
      ,0.919125284613,0.919125284613,0.919125284613,0.919125284613
      ,0.919125284613,0.919125284613)
    ,(0.919125284613,0.919125284613,0.919125284613,0.919125284613
      ,0.919125284613,0.919125284613,0.919125284613,0.919125284613
      ,0.919125284613,0.919125284613,0.919125284613,0.919125284613
      ,0.919125284613,0.919125284613,0.919125284613,0.919125284613
      ,0.919125284613,0.919125284613,0.919125284613,0.919125284613
      ,0.919125284613,0.919125284613)
    ,(1.24262414616,1.24262414616,1.24262414616,1.24262414616
      ,1.24262414616,1.24262414616,1.24262414616,1.24262414616
      ,1.24262414616,1.24262414616,1.24262414616,1.24262414616
      ,1.24262414616,1.24262414616,1.24262414616,1.24262414616
      ,1.24262414616,1.24262414616,1.24262414616,1.24262414616
,1.24262414616,1.24262414616))) REPRESENTATION_ITEM('') SURFACE() );
#942 = CARTESIAN_POINT('',(-96.75863021785,56.15814686371,-72.5051914136
    ));
#943 = CARTESIAN_POINT('',(-94.38297628272,55.09045978074,
    -73.32916725777));
#944 = CARTESIAN_POINT('',(-87.80726921991,52.03054993357,
    -75.58625128766));
#945 = CARTESIAN_POINT('',(-76.67889194071,46.34772261606,
    -79.25438550952));
#946 = CARTESIAN_POINT('',(-63.40262328456,38.74333030276,
    -83.25352820292));
#947 = CARTESIAN_POINT('',(-50.17227569054,30.32096420051,
    -86.66630907085));
#948 = CARTESIAN_POINT('',(-37.81658925895,21.76983318067,
    -89.17038942726));
#949 = CARTESIAN_POINT('',(-26.61279748408,13.55092256795,
    -90.75805795955));
#950 = CARTESIAN_POINT('',(-16.28155588727,5.686273093756,
    -91.57303994894));
#951 = CARTESIAN_POINT('',(-6.37739721589,-2.005960931473,
    -91.72275784159));
#952 = CARTESIAN_POINT('',(3.4459462178,-9.674401927566,-91.23480137933)
  );
#953 = CARTESIAN_POINT('',(13.3034444766,-17.29437166365,-90.10285767753
    ));
#954 = CARTESIAN_POINT('',(23.1358856444,-24.70779324913,-88.3559608007)
  );
#955 = CARTESIAN_POINT('',(32.9640730152,-31.83569288126,-86.04637085238
    ));
#956 = CARTESIAN_POINT('',(43.014641101,-38.75555570096,-83.17028861781)
  );
#957 = CARTESIAN_POINT('',(53.4896639311,-45.49968219982,-79.69429052818
    ));
#958 = CARTESIAN_POINT('',(64.5210307822,-52.03333791648,-75.60373945805
    ));
#959 = CARTESIAN_POINT('',(76.2797460633,-58.33514921568,-70.87713292897
    ));
#960 = CARTESIAN_POINT('',(89.202938492,-64.4742358411,-65.37949920358)
  );
#961 = CARTESIAN_POINT('',(99.019737581,-68.49119758559,-61.0525061411)
  );
#962 = CARTESIAN_POINT('',(104.5704020457,-70.55313281152,-58.5877825303
    ));
#963 = CARTESIAN_POINT('',(105.2498595084,-70.80244022033,
    -58.28587285789));
#964 = CARTESIAN_POINT('',(-96.30631703324,53.05380115905,
    -66.08520348961));
#965 = CARTESIAN_POINT('',(-93.92645303899,52.07679676298,-66.8656268192
    ));
#966 = CARTESIAN_POINT('',(-87.33913248727,49.27507838333,
    -69.00526446351));
#967 = CARTESIAN_POINT('',(-76.19149420189,44.06354247098,
    -72.49215511061));
#968 = CARTESIAN_POINT('',(-62.89357227775,37.07667217539,
    -76.31260734294));
#969 = CARTESIAN_POINT('',(-49.64394839985,29.32520676641,
    -79.59899332957));
#970 = CARTESIAN_POINT('',(-37.2731809072,21.44451285936,-82.04300804762
    ));
#971 = CARTESIAN_POINT('',(-26.05870969451,13.86197297276,
    -83.63207855199));
#972 = CARTESIAN_POINT('',(-15.7204928809,6.600005823548,-84.50023217245
    ));
#973 = CARTESIAN_POINT('',(-5.81244620545,-0.508222805618,
    -84.75058062824));
#974 = CARTESIAN_POINT('',(4.0119407283,-7.599830450022,-84.41178201701)
  );
#975 = CARTESIAN_POINT('',(13.8676627453,-14.65231524362,-83.47861252859
    ));
#976 = CARTESIAN_POINT('',(23.6956366781,-21.51982651867,-81.9764143189)
  );
#977 = CARTESIAN_POINT('',(33.5169235178,-28.12955332783,-79.95283304197
    ));
#978 = CARTESIAN_POINT('',(43.5582374812,-34.55388695925,-77.40591942344
    ));
#979 = CARTESIAN_POINT('',(54.0215997366,-40.82391661252,-74.30568491568
    ));
#980 = CARTESIAN_POINT('',(65.0389092423,-46.90871998192,-70.63828652813
    ));
#981 = CARTESIAN_POINT('',(76.7811627218,-52.78982606102,-66.38354629526
    ));
#982 = CARTESIAN_POINT('',(89.6850825208,-58.5339491784,-61.41808844719)
  );
#983 = CARTESIAN_POINT('',(99.4866864113,-62.30523502052,-57.49812787623
    ));
#984 = CARTESIAN_POINT('',(105.0287039702,-64.24546746557,-55.2618076878
    ));
#985 = CARTESIAN_POINT('',(105.7071023884,-64.48013047551,
    -54.98782548484));
#986 = CARTESIAN_POINT('',(-98.76510788747,46.62252832842,
    -64.17447882771));
#987 = CARTESIAN_POINT('',(-96.40812992708,45.68388006823,
    -64.85525042236));
#988 = CARTESIAN_POINT('',(-89.88394072174,42.9965882764,-66.71699895195
    ));
#989 = CARTESIAN_POINT('',(-78.84100596357,38.01934624773,
    -69.72676120227));
#990 = CARTESIAN_POINT('',(-65.66079198848,31.38079104637,
    -72.97691592964));
#991 = CARTESIAN_POINT('',(-52.51595468797,24.04968307797,
    -75.70746012037));
#992 = CARTESIAN_POINT('',(-40.22716838948,16.6241865091,-77.65703417671
    ));
#993 = CARTESIAN_POINT('',(-29.07075098757,9.500412691508,
    -78.82796300948));
#994 = CARTESIAN_POINT('',(-18.77045170514,2.694025302958,
    -79.34246050839));
#995 = CARTESIAN_POINT('',(-8.88354036063,-3.954128584898,
    -79.28702302398));
#996 = CARTESIAN_POINT('',(0.9351740692,-10.57286376704,-78.68027545034)
  );
#997 = CARTESIAN_POINT('',(10.8005518008,-17.14035197663,-77.51575539764
    ));
#998 = CARTESIAN_POINT('',(20.6528097851,-23.51960137501,-75.82101113676
    ));
#999 = CARTESIAN_POINT('',(30.5116081616,-29.64208171731,-73.64227683846
    ));
#1000 = CARTESIAN_POINT('',(40.6032278692,-35.5734589494,-70.97369195574
    ));
#1001 = CARTESIAN_POINT('',(51.1299774315,-41.33960127533,
    -67.78488844901));
#1002 = CARTESIAN_POINT('',(62.2237031754,-46.9085495419,-64.06373929871
    ));
#1003 = CARTESIAN_POINT('',(74.0554436053,-52.25971890212,
    -59.79216887684));
#1004 = CARTESIAN_POINT('',(87.064130117,-57.44815666695,-54.85129954235
    ));
#1005 = CARTESIAN_POINT('',(96.9483356569,-60.82202803962,
    -50.98203020702));
#1006 = CARTESIAN_POINT('',(102.5373581091,-62.5465915769,
    -48.78372482178));
#1007 = CARTESIAN_POINT('',(103.2215135313,-62.7549910293,
    -48.51453216521));
#1008 = CARTESIAN_POINT('',(-102.2146730221,41.8871893361,
    -68.26530434691));
#1009 = CARTESIAN_POINT('',(-99.88980306489,40.90461429868,
    -68.86815356275));
#1010 = CARTESIAN_POINT('',(-93.45418409766,38.09861639362,
    -70.50860324078));
#1011 = CARTESIAN_POINT('',(-82.55814334484,32.93568586033,
    -73.11799228654));
#1012 = CARTESIAN_POINT('',(-69.54306795258,26.10420274352,
    -75.85164808709));
#1013 = CARTESIAN_POINT('',(-56.54524117284,18.61460739115,
    -78.03101919771));
#1014 = CARTESIAN_POINT('',(-44.37147054092,11.07355665416,
    -79.4379385614));
#1015 = CARTESIAN_POINT('',(-33.29649983922,3.872645317535,
    -80.09775312247));
#1016 = CARTESIAN_POINT('',(-23.04939702666,-2.981075280511,
    -80.12797420637));
#1017 = CARTESIAN_POINT('',(-13.19213753341,-9.652406093317,
    -79.59915485141));
#1018 = CARTESIAN_POINT('',(-3.3813813534,-16.27154580758,
    -78.51662117826));
#1019 = CARTESIAN_POINT('',(6.4975428807,-22.81531090524,-76.87131190113
    ));
#1020 = CARTESIAN_POINT('',(16.3838702197,-29.14528218656,
    -74.69715644096));
#1021 = CARTESIAN_POINT('',(26.2952954754,-35.1919847031,-72.04328282803
    ));
#1022 = CARTESIAN_POINT('',(36.457491719,-41.01798009983,-68.89721275601
    ));
#1023 = CARTESIAN_POINT('',(47.0731706197,-46.64398350913,
    -65.22468056561));
#1024 = CARTESIAN_POINT('',(58.2741046649,-52.03295971106,-61.0148568612
    ));
#1025 = CARTESIAN_POINT('',(70.2313909759,-57.15884447027,
    -56.25090423926));
#1026 = CARTESIAN_POINT('',(83.3870601392,-62.06486848524,
    -50.80783228447));
#1027 = CARTESIAN_POINT('',(93.3871518146,-65.19996980122,
    -46.59332278314));
#1028 = CARTESIAN_POINT('',(99.0421198679,-66.78333695766,
    -44.21295380263));
#1029 = CARTESIAN_POINT('',(99.7343520894,-66.97436568292,
    -43.92167210616));
#1030 = ADVANCED_FACE('',(#1031),#1110,.T.);
#1031 = FACE_BOUND('',#1032,.T.);
#1032 = EDGE_LOOP('',(#1033,#1068,#1077,#1083,#1084,#1085,#1093));
#1033 = ORIENTED_EDGE('',*,*,#1034,.T.);
#1034 = EDGE_CURVE('',#1035,#1037,#1039,.T.);
#1035 = VERTEX_POINT('',#1036);
#1036 = CARTESIAN_POINT('',(-63.64910311747,48.171190586923,
    -73.88701994916));
#1037 = VERTEX_POINT('',#1038);
#1038 = CARTESIAN_POINT('',(-51.82511515985,95.336560249926,
    -194.6901099068));
#1039 = B_SPLINE_CURVE_WITH_KNOTS('',14,(#1040,#1041,#1042,#1043,#1044,
    #1045,#1046,#1047,#1048,#1049,#1050,#1051,#1052,#1053,#1054,#1055,
    #1056,#1057,#1058,#1059,#1060,#1061,#1062,#1063,#1064,#1065,#1066,
    #1067),.UNSPECIFIED.,.F.,.F.,(15,13,15),(0.,0.365082946342,1.),
  .UNSPECIFIED.);
#1040 = CARTESIAN_POINT('',(-63.64911342555,48.171195099696,
    -73.88701460109));
#1041 = CARTESIAN_POINT('',(-63.31814268106,49.340210589132,
    -77.05848091965));
#1042 = CARTESIAN_POINT('',(-62.98998113246,50.512305490569,
    -80.22907048873));
#1043 = CARTESIAN_POINT('',(-62.66449172485,51.687436095155,
    -83.39878498311));
#1044 = CARTESIAN_POINT('',(-62.34151249753,52.865911906858,
    -86.56748318566));
#1045 = CARTESIAN_POINT('',(-62.02090064732,54.047765426975,
    -89.73513595851));
#1046 = CARTESIAN_POINT('',(-61.70251917301,55.232943465971,
    -92.90174882914));
#1047 = CARTESIAN_POINT('',(-61.38622033689,56.421543744722,
    -96.06726629331));
#1048 = CARTESIAN_POINT('',(-61.0718457557,57.613813981061,
    -99.23157214893));
#1049 = CARTESIAN_POINT('',(-60.75923993563,58.809958182667,
    -102.3945679067));
#1050 = CARTESIAN_POINT('',(-60.44826291281,60.009956253836,
    -105.5562457254));
#1051 = CARTESIAN_POINT('',(-60.13878783103,61.213598577661,
    -108.7166744597));
#1052 = CARTESIAN_POINT('',(-59.83068135058,62.420766601399,
    -111.8758861137));
#1053 = CARTESIAN_POINT('',(-59.52378819315,63.631653989648,
    -115.0337863866));
#1054 = CARTESIAN_POINT('',(-58.68613785715,66.958203001466,
    -123.6801222171));
#1055 = CARTESIAN_POINT('',(-58.15768120151,69.081094544755,
    -129.1659843386));
#1056 = CARTESIAN_POINT('',(-57.63066705221,71.215442480047,
    -134.6477356795));
#1057 = CARTESIAN_POINT('',(-57.11038125771,73.357139001158,
    -140.1265587104));
#1058 = CARTESIAN_POINT('',(-56.57726574825,75.518421239123,
    -145.5986549216));
#1059 = CARTESIAN_POINT('',(-56.07044244353,77.672916117184,
    -151.0719922838));
#1060 = CARTESIAN_POINT('',(-55.53106198134,79.85871059508,
    -156.5348947899));
#1061 = CARTESIAN_POINT('',(-55.015092693,82.03834543504,-161.9987090604
    ));
#1062 = CARTESIAN_POINT('',(-54.48673462612,84.234740399722,
    -167.4563814027));
#1063 = CARTESIAN_POINT('',(-53.95893453113,86.438741373208,
    -172.9106326354));
#1064 = CARTESIAN_POINT('',(-53.42989834669,88.650892627884,
    -178.3612280537));
#1065 = CARTESIAN_POINT('',(-52.89774123537,90.871797903342,
    -183.8079148719));
#1066 = CARTESIAN_POINT('',(-52.36302578067,93.100450498608,
    -189.2509311056));
#1067 = CARTESIAN_POINT('',(-51.82510647819,95.336638613288,
    -194.6902725437));
#1068 = ORIENTED_EDGE('',*,*,#1069,.F.);
#1069 = EDGE_CURVE('',#1070,#1037,#1072,.T.);
#1070 = VERTEX_POINT('',#1071);
#1071 = CARTESIAN_POINT('',(-73.22841730262,106.6657202244,-190.37410986
    ));
#1072 = CIRCLE('',#1073,30.00000000006);
#1073 = AXIS2_PLACEMENT_3D('',#1074,#1075,#1076);
#1074 = CARTESIAN_POINT('',(-75.9485275279,79.80762874311,
    -203.4601305443));
#1075 = DIRECTION('',(4.803357124156E-02,0.433569604982,-0.899838970966)
  );
#1076 = DIRECTION('',(9.067010243104E-02,0.895266848568,0.436206605155)
  );
#1077 = ORIENTED_EDGE('',*,*,#1078,.T.);
#1078 = EDGE_CURVE('',#1070,#857,#1079,.T.);
#1079 = LINE('',#1080,#1081);
#1080 = CARTESIAN_POINT('',(-73.22841730262,106.6657202244,-190.37410986
    ));
#1081 = VECTOR('',#1082,1.);
#1082 = DIRECTION('',(-0.115795494354,-0.425559189008,0.897491381651));
#1083 = ORIENTED_EDGE('',*,*,#928,.T.);
#1084 = ORIENTED_EDGE('',*,*,#286,.T.);
#1085 = ORIENTED_EDGE('',*,*,#1086,.F.);
#1086 = EDGE_CURVE('',#1087,#287,#1089,.T.);
#1087 = VERTEX_POINT('',#1088);
#1088 = CARTESIAN_POINT('',(-88.54981981779,50.35802029816,
    -71.62291975265));
#1089 = LINE('',#1090,#1091);
#1090 = CARTESIAN_POINT('',(-88.54981981779,50.35802029816,
    -71.62291975265));
#1091 = VECTOR('',#1092,1.);
#1092 = DIRECTION('',(-0.115780451865,-0.425568617429,0.897488851644));
#1093 = ORIENTED_EDGE('',*,*,#1094,.T.);
#1094 = EDGE_CURVE('',#1087,#1035,#1095,.T.);
#1095 = B_SPLINE_CURVE_WITH_KNOTS('',3,(#1096,#1097,#1098,#1099,#1100,
    #1101,#1102,#1103,#1104,#1105,#1106,#1107,#1108,#1109),
  .UNSPECIFIED.,.F.,.F.,(4,1,1,1,1,1,1,1,1,1,1,4),(0.,9.090909090909E-02
    ,0.181818181818,0.272727272727,0.363636363636,0.454545454545,
    0.545454545455,0.636363636364,0.727272727273,0.818181818182,
    0.909090909091,1.),.UNSPECIFIED.);
#1096 = CARTESIAN_POINT('',(-88.54981981779,50.35802029816,
    -71.62291975265));
#1097 = CARTESIAN_POINT('',(-87.82002047698,50.53684262991,
    -71.43713261359));
#1098 = CARTESIAN_POINT('',(-86.31582399819,50.858506407,-71.09828697697
    ));
#1099 = CARTESIAN_POINT('',(-83.85643136473,51.22223800448,
    -70.70901734733));
#1100 = CARTESIAN_POINT('',(-81.423960062,51.42497399096,-70.49234658983
    ));
#1101 = CARTESIAN_POINT('',(-79.07443215035,51.482443061,-70.43644595373
    ));
#1102 = CARTESIAN_POINT('',(-76.77451312132,51.40830010928,
    -70.52747863918));
#1103 = CARTESIAN_POINT('',(-74.52129217937,51.20857866494,
    -70.75703452557));
#1104 = CARTESIAN_POINT('',(-72.30471110699,50.88477677315,
    -71.11907245274));
#1105 = CARTESIAN_POINT('',(-70.1190953623,50.43468530092,
    -71.60922948435));
#1106 = CARTESIAN_POINT('',(-67.94750230177,49.84659553545,
    -72.23023408072));
#1107 = CARTESIAN_POINT('',(-65.81729577665,49.12012695515,
    -72.97022404494));
#1108 = CARTESIAN_POINT('',(-64.36995742878,48.50925815175,-73.566370564
    ));
#1109 = CARTESIAN_POINT('',(-63.64942842579,48.17071292708,
    -73.88727234669));
#1110 = ( BOUNDED_SURFACE() B_SPLINE_SURFACE(3,3,(
    (#1111,#1112,#1113,#1114,#1115,#1116,#1117)
    ,(#1118,#1119,#1120,#1121,#1122,#1123,#1124)
    ,(#1125,#1126,#1127,#1128,#1129,#1130,#1131)
    ,(#1132,#1133,#1134,#1135,#1136,#1137,#1138
)),.UNSPECIFIED.,.F.,.F.,.F.) B_SPLINE_SURFACE_WITH_KNOTS((4,4),(4,1,1,1
    ,4),(0.,1.),(0.806286055882,0.860509206698,0.93474520145,1.,
1.00191409495),.UNSPECIFIED.) GEOMETRIC_REPRESENTATION_ITEM() 
RATIONAL_B_SPLINE_SURFACE((
    (1.122129654576,1.122129654576,1.122129654576,1.122129654576
      ,1.122129654576,1.122129654576,1.122129654576)
    ,(0.959290115141,0.959290115141,0.959290115141,0.959290115141
      ,0.959290115141,0.959290115141,0.959290115141)
    ,(0.959290115141,0.959290115141,0.959290115141,0.959290115141
      ,0.959290115141,0.959290115141,0.959290115141)
    ,(1.122129654576,1.122129654576,1.122129654576,1.122129654576
      ,1.122129654576,1.122129654576,1.122129654576
))) REPRESENTATION_ITEM('') SURFACE() );
#1111 = CARTESIAN_POINT('',(-100.6766454899,39.96912263982,
    -66.29086603151));
#1112 = CARTESIAN_POINT('',(-99.59768896201,46.03531550013,
    -77.97974890249));
#1113 = CARTESIAN_POINT('',(-96.90967555006,60.48983237382,
    -105.6686366066));
#1114 = CARTESIAN_POINT('',(-92.27637261777,82.37597839905,
    -147.4767934105));
#1115 = CARTESIAN_POINT('',(-88.45545471033,98.22140581359,
    -178.0537071609));
#1116 = CARTESIAN_POINT('',(-86.55910849283,105.6957129975,
    -192.5927907723));
#1117 = CARTESIAN_POINT('',(-86.50500331306,105.9086631394,
    -193.007119053));
#1118 = CARTESIAN_POINT('',(-90.43752362857,49.4786411995,-62.15995936)
  );
#1119 = CARTESIAN_POINT('',(-88.87486438964,55.07338060947,
    -73.96396176994));
#1120 = CARTESIAN_POINT('',(-85.15080584082,68.36031671295,
    -101.9385784822));
#1121 = CARTESIAN_POINT('',(-79.39778421872,88.47182055725,
    -144.1865975161));
#1122 = CARTESIAN_POINT('',(-75.05161527094,103.13155523,-175.0701692634
    ));
#1123 = CARTESIAN_POINT('',(-72.95547668044,110.0776060783,
    -189.7493682913));
#1124 = CARTESIAN_POINT('',(-72.8957180074,110.2755312814,
    -190.1676848822));
#1125 = CARTESIAN_POINT('',(-75.96961526831,51.03294747899,
    -61.38639453661));
#1126 = CARTESIAN_POINT('',(-74.32654199717,55.99673357784,
    -73.43473451018));
#1127 = CARTESIAN_POINT('',(-70.52887211732,67.81003007749,
    -101.9645452065));
#1128 = CARTESIAN_POINT('',(-65.01678003989,85.92635533189,
    -144.9154636321));
#1129 = CARTESIAN_POINT('',(-61.00754554609,99.37219900092,
    -176.2114197608));
#1130 = CARTESIAN_POINT('',(-59.08915719721,105.7959185798,
    -191.0673866307));
#1131 = CARTESIAN_POINT('',(-59.03447768986,105.979003161,
    -191.4907252119));
#1132 = CARTESIAN_POINT('',(-63.57151752144,43.95537496923,
    -64.30694264403));
#1133 = CARTESIAN_POINT('',(-62.28632710804,48.40339312398,
    -76.62246596231));
#1134 = CARTESIAN_POINT('',(-59.40952636144,59.07853949584,
    -105.7352321783));
#1135 = CARTESIAN_POINT('',(-55.39412349899,75.8477498138,
    -149.3460802372));
#1136 = CARTESIAN_POINT('',(-52.43732469712,88.5799710957,
    -180.9806157849));
#1137 = CARTESIAN_POINT('',(-50.99684572025,94.71468114412,
    -195.9730471253));
#1138 = CARTESIAN_POINT('',(-50.95576682517,94.88957027839,
    -196.4002550557));
#1139 = ADVANCED_FACE('',(#1140),#1156,.T.);
#1140 = FACE_BOUND('',#1141,.T.);
#1141 = EDGE_LOOP('',(#1142,#1143,#1155));
#1142 = ORIENTED_EDGE('',*,*,#297,.T.);
#1143 = ORIENTED_EDGE('',*,*,#1144,.T.);
#1144 = EDGE_CURVE('',#298,#1087,#1145,.T.);
#1145 = B_SPLINE_CURVE_WITH_KNOTS('',3,(#1146,#1147,#1148,#1149,#1150,
    #1151,#1152,#1153,#1154),.UNSPECIFIED.,.F.,.F.,(4,1,1,1,1,1,4),(0.,
    0.166666666667,0.333333333333,0.5,0.666666666667,0.833333333333,1.),
  .UNSPECIFIED.);
#1146 = CARTESIAN_POINT('',(-97.95325573553,50.63455719038,-61.936593562
    ));
#1147 = CARTESIAN_POINT('',(-97.05608951673,50.27438832966,
    -62.23104043168));
#1148 = CARTESIAN_POINT('',(-95.33845601793,49.68559835982,
    -62.97805020905));
#1149 = CARTESIAN_POINT('',(-93.03926077601,49.16373342567,
    -64.4897137866));
#1150 = CARTESIAN_POINT('',(-91.19866319894,49.0050112207,
    -66.20572421857));
#1151 = CARTESIAN_POINT('',(-89.81822396439,49.16425148828,
    -68.02737164261));
#1152 = CARTESIAN_POINT('',(-88.90938479763,49.62012817681,
    -69.88107497271));
#1153 = CARTESIAN_POINT('',(-88.62263227116,50.09039860496,
    -71.05852478233));
#1154 = CARTESIAN_POINT('',(-88.54981981779,50.35802029816,
    -71.62291975265));
#1155 = ORIENTED_EDGE('',*,*,#1086,.T.);
#1156 = B_SPLINE_SURFACE_WITH_KNOTS('',3,3,(
    (#1157,#1158,#1159,#1160)
    ,(#1161,#1162,#1163,#1164)
    ,(#1165,#1166,#1167,#1168)
    ,(#1169,#1170,#1171,#1172)
    ,(#1173,#1174,#1175,#1176
  )),.UNSPECIFIED.,.F.,.F.,.F.,(4,1,4),(4,4),(0.99443144603,1.,
    1.046400781544),(0.168816335235,0.202182172086),.UNSPECIFIED.);
#1157 = CARTESIAN_POINT('',(-88.83495559595,44.55527705257,
    -60.7738806846));
#1158 = CARTESIAN_POINT('',(-88.32607819519,46.43368364205,
    -64.77778110675));
#1159 = CARTESIAN_POINT('',(-87.81720079443,48.31209023153,
    -68.78168152889));
#1160 = CARTESIAN_POINT('',(-87.30832339367,50.19049682101,
    -72.78558195104));
#1161 = CARTESIAN_POINT('',(-89.20638316031,44.77470577136,
    -60.7738806846));
#1162 = CARTESIAN_POINT('',(-88.69493922008,46.65981604054,
    -64.77778110675));
#1163 = CARTESIAN_POINT('',(-88.18349527984,48.54492630972,
    -68.78168152889));
#1164 = CARTESIAN_POINT('',(-87.6720513396,50.43003657891,
    -72.78558195104));
#1165 = CARTESIAN_POINT('',(-92.67278463837,46.82255603373,
    -60.7738806846));
#1166 = CARTESIAN_POINT('',(-92.13738809716,48.77022936354,
    -64.77778110675));
#1167 = CARTESIAN_POINT('',(-91.60199155595,50.71790269335,
    -68.78168152889));
#1168 = CARTESIAN_POINT('',(-91.06659501473,52.66557602316,
    -72.78558195104));
#1169 = CARTESIAN_POINT('',(-96.13918611644,48.8704062961,-60.7738806846
    ));
#1170 = CARTESIAN_POINT('',(-95.57983697425,50.88064268654,
    -64.77778110675));
#1171 = CARTESIAN_POINT('',(-95.02048783206,52.89087907698,
    -68.78168152889));
#1172 = CARTESIAN_POINT('',(-94.46113868986,54.90111546742,
    -72.78558195104));
#1173 = CARTESIAN_POINT('',(-99.23416003014,50.69882783969,
    -60.7738806846));
#1174 = CARTESIAN_POINT('',(-98.65342482645,52.76492361105,
    -64.77778110675));
#1175 = CARTESIAN_POINT('',(-98.07268962276,54.83101938241,
    -68.78168152889));
#1176 = CARTESIAN_POINT('',(-97.49195441907,56.89711515378,
    -72.78558195104));
#1177 = ADVANCED_FACE('',(#1178),#1190,.F.);
#1178 = FACE_BOUND('',#1179,.F.);
#1179 = EDGE_LOOP('',(#1180,#1187,#1188,#1189));
#1180 = ORIENTED_EDGE('',*,*,#1181,.T.);
#1181 = EDGE_CURVE('',#1035,#309,#1182,.T.);
#1182 = CIRCLE('',#1183,9.999160842185);
#1183 = AXIS2_PLACEMENT_3D('',#1184,#1185,#1186);
#1184 = CARTESIAN_POINT('',(-58.44775236214,55.99358709204,
    -70.46075656399));
#1185 = DIRECTION('',(-0.846082020319,0.417325541628,0.331639272701));
#1186 = DIRECTION('',(-0.520178726738,-0.782305298272,-0.342655092687));
#1187 = ORIENTED_EDGE('',*,*,#308,.T.);
#1188 = ORIENTED_EDGE('',*,*,#1144,.T.);
#1189 = ORIENTED_EDGE('',*,*,#1094,.T.);
#1190 = ( BOUNDED_SURFACE() B_SPLINE_SURFACE(3,3,(
    (#1191,#1192,#1193,#1194,#1195,#1196,#1197,#1198,#1199,#1200,#1201
      ,#1202,#1203,#1204,#1205,#1206,#1207,#1208)
    ,(#1209,#1210,#1211,#1212,#1213,#1214,#1215,#1216,#1217,#1218,#1219
      ,#1220,#1221,#1222,#1223,#1224,#1225,#1226)
    ,(#1227,#1228,#1229,#1230,#1231,#1232,#1233,#1234,#1235,#1236,#1237
      ,#1238,#1239,#1240,#1241,#1242,#1243,#1244)
    ,(#1245,#1246,#1247,#1248,#1249,#1250,#1251,#1252,#1253,#1254,#1255
      ,#1256,#1257,#1258,#1259,#1260,#1261,#1262
)),.UNSPECIFIED.,.F.,.F.,.F.) B_SPLINE_SURFACE_WITH_KNOTS((4,4),(4,1,1,1
    ,1,1,1,1,1,1,1,1,1,1,1,4),(0.,1.),(-1.863214020263E-02,0.,
    7.504402508687E-02,0.146557999528,0.216625697024,0.285683615022,
    0.35445499869,0.423624890182,0.493876923388,0.565956682534,
    0.640559696201,0.715264433394,0.785641861448,0.852851667475,
    0.922832566381,0.934423436049),.UNSPECIFIED.) 
GEOMETRIC_REPRESENTATION_ITEM() RATIONAL_B_SPLINE_SURFACE((
    (1.181181807931,1.181181807931,1.181181807931,1.181181807931
      ,1.181181807931,1.181181807931,1.181181807931,1.181181807931
      ,1.181181807931,1.181181807931,1.181181807931,1.181181807931
      ,1.181181807931,1.181181807931,1.181181807931,1.181181807931
      ,1.181181807931,1.181181807931)
    ,(0.939606064023,0.939606064023,0.939606064023,0.939606064023
      ,0.939606064023,0.939606064023,0.939606064023,0.939606064023
      ,0.939606064023,0.939606064023,0.939606064023,0.939606064023
      ,0.939606064023,0.939606064023,0.939606064023,0.939606064023
      ,0.939606064023,0.939606064023)
    ,(0.939606064023,0.939606064023,0.939606064023,0.939606064023
      ,0.939606064023,0.939606064023,0.939606064023,0.939606064023
      ,0.939606064023,0.939606064023,0.939606064023,0.939606064023
      ,0.939606064023,0.939606064023,0.939606064023,0.939606064023
      ,0.939606064023,0.939606064023)
    ,(1.181181807931,1.181181807931,1.181181807931,1.181181807931
      ,1.181181807931,1.181181807931,1.181181807931,1.181181807931
      ,1.181181807931,1.181181807931,1.181181807931,1.181181807931
      ,1.181181807931,1.181181807931,1.181181807931,1.181181807931
,1.181181807931,1.181181807931))) REPRESENTATION_ITEM('') SURFACE() );
#1191 = CARTESIAN_POINT('',(-63.21801805199,48.57897293923,
    -75.23537878566));
#1192 = CARTESIAN_POINT('',(-63.39625293928,48.66570132635,
    -75.15386795536));
#1193 = CARTESIAN_POINT('',(-64.29783327001,49.09336198459,
    -74.74900624714));
#1194 = CARTESIAN_POINT('',(-65.9342801915,49.77340475885,
    -74.08120367017));
#1195 = CARTESIAN_POINT('',(-68.16006252615,50.51482513917,
    -73.31882950397));
#1196 = CARTESIAN_POINT('',(-70.38770986891,51.09646341789,
    -72.69687205395));
#1197 = CARTESIAN_POINT('',(-72.63564679947,51.53685472305,
    -72.21027310039));
#1198 = CARTESIAN_POINT('',(-74.9104927158,51.84457539784,
    -71.86031834544));
#1199 = CARTESIAN_POINT('',(-77.22280828323,52.0231762429,
    -71.65057928314));
#1200 = CARTESIAN_POINT('',(-79.58362021246,52.07062020858,
    -71.58784361554));
#1201 = CARTESIAN_POINT('',(-82.00307875186,51.97903712637,
    -71.68230078358));
#1202 = CARTESIAN_POINT('',(-84.45468159146,51.73773556357,
    -71.94361529883));
#1203 = CARTESIAN_POINT('',(-86.85380550539,51.34818610355,
    -72.36353294749));
#1204 = CARTESIAN_POINT('',(-89.12599268866,50.82970633176,
    -72.91118909123));
#1205 = CARTESIAN_POINT('',(-91.29264509985,50.1897352457,
    -73.56805591908));
#1206 = CARTESIAN_POINT('',(-92.79827141968,49.63489149612,
    -74.11744491371));
#1207 = CARTESIAN_POINT('',(-93.60577393101,49.29886035099,
    -74.44122104835));
#1208 = CARTESIAN_POINT('',(-93.72014190226,49.25046891404,
    -74.48767129691));
#1209 = CARTESIAN_POINT('',(-62.94165701402,45.18802732262,
    -70.24505567905));
#1210 = CARTESIAN_POINT('',(-63.11450440797,45.27826278473,
    -70.16150735283));
#1211 = CARTESIAN_POINT('',(-63.99072748577,45.72437564284,
    -69.74564819619));
#1212 = CARTESIAN_POINT('',(-65.59822586212,46.44353359311,
    -69.05258543736));
#1213 = CARTESIAN_POINT('',(-67.82025675548,47.24399430647,
    -68.25216981134));
#1214 = CARTESIAN_POINT('',(-70.07528237297,47.88311065797,
    -67.59170193077));
#1215 = CARTESIAN_POINT('',(-72.37756061363,48.37475246143,
    -67.07015921516));
#1216 = CARTESIAN_POINT('',(-74.72875932734,48.72316444243,
    -66.69208966795));
#1217 = CARTESIAN_POINT('',(-77.13384693838,48.92847546954,
    -66.46385256436));
#1218 = CARTESIAN_POINT('',(-79.59732507878,48.98595011773,
    -66.39437654042));
#1219 = CARTESIAN_POINT('',(-82.1216379976,48.8859012451,-66.4952064681)
  );
#1220 = CARTESIAN_POINT('',(-84.66984017889,48.61742068878,
    -66.77598269303));
#1221 = CARTESIAN_POINT('',(-87.14499627111,48.18554540219,
    -67.22552391178));
#1222 = CARTESIAN_POINT('',(-89.46512962678,47.61661628599,
    -67.80761316686));
#1223 = CARTESIAN_POINT('',(-91.65093074917,46.92374776516,
    -68.4995209385));
#1224 = CARTESIAN_POINT('',(-93.14903051247,46.33243686269,
    -69.07213949658));
#1225 = CARTESIAN_POINT('',(-93.94543503245,45.97829857685,
    -69.40710357636));
#1226 = CARTESIAN_POINT('',(-94.05808686478,45.92737709363,
    -69.4551093727));
#1227 = CARTESIAN_POINT('',(-60.36233772544,45.90789872534,
    -64.83145239472));
#1228 = CARTESIAN_POINT('',(-60.55689681531,46.01618500024,
    -64.74000270941));
#1229 = CARTESIAN_POINT('',(-61.54444640449,46.55251125643,
    -64.2843563791));
#1230 = CARTESIAN_POINT('',(-63.36768926829,47.42507343446,
    -63.5213373213));
#1231 = CARTESIAN_POINT('',(-65.91290444231,48.40766141753,
    -62.63613419286));
#1232 = CARTESIAN_POINT('',(-68.51682686317,49.20051919725,
    -61.90214455438));
#1233 = CARTESIAN_POINT('',(-71.19316913706,49.81599198731,
    -61.32055843072));
#1234 = CARTESIAN_POINT('',(-73.94047960993,50.25581542614,
    -60.89809146698));
#1235 = CARTESIAN_POINT('',(-76.76071367518,50.51753336723,
    -60.64323928065));
#1236 = CARTESIAN_POINT('',(-79.65465163368,50.59358093007,
    -60.56691663407));
#1237 = CARTESIAN_POINT('',(-82.61992565885,50.47125917418,
    -60.68241791231));
#1238 = CARTESIAN_POINT('',(-85.60715558526,50.13763325182,
    -61.00013285174));
#1239 = CARTESIAN_POINT('',(-88.49689903572,49.60127138482,
    -61.50619585322));
#1240 = CARTESIAN_POINT('',(-91.19007288354,48.89831827765,
    -62.15831196391));
#1241 = CARTESIAN_POINT('',(-93.70990976508,48.0484913925,-62.9296046848
    ));
#1242 = CARTESIAN_POINT('',(-95.42312517461,47.32975725242,
    -63.56449827363));
#1243 = CARTESIAN_POINT('',(-96.32913316499,46.9021598079,
    -63.93456640253));
#1244 = CARTESIAN_POINT('',(-96.45719043643,46.84073206274,
    -63.98757707926));
#1245 = CARTESIAN_POINT('',(-57.06263021502,50.29690204408,
    -62.31614542121));
#1246 = CARTESIAN_POINT('',(-57.29267873761,50.42670759263,
    -62.21577848036));
#1247 = CARTESIAN_POINT('',(-58.45993298359,51.06965701167,
    -61.71596711391));
#1248 = CARTESIAN_POINT('',(-60.61124093832,52.11578959956,
    -60.88121810512));
#1249 = CARTESIAN_POINT('',(-63.60828280609,53.29184557762,
    -59.91650374651));
#1250 = CARTESIAN_POINT('',(-66.66855104589,54.24037837829,
    -59.11909111481));
#1251 = CARTESIAN_POINT('',(-69.80916892937,54.97628476455,
    -58.48920223773));
#1252 = CARTESIAN_POINT('',(-73.02931134899,55.50215329648,
    -58.03329576176));
#1253 = CARTESIAN_POINT('',(-76.33234855611,55.81536579424,
    -57.76004143118));
#1254 = CARTESIAN_POINT('',(-79.720426532,55.90713288559,-57.68096671711
    ));
#1255 = CARTESIAN_POINT('',(-83.19221180062,55.76239692877,
    -57.81043616656));
#1256 = CARTESIAN_POINT('',(-86.69152752106,55.36562993152,
    -58.1599026663));
#1257 = CARTESIAN_POINT('',(-90.08003882628,54.72672963344,
    -58.71470609491));
#1258 = CARTESIAN_POINT('',(-93.24246434424,53.88840979862,
    -59.42947704961));
#1259 = CARTESIAN_POINT('',(-96.20627267875,52.87386716921,
    -60.2757912069));
#1260 = CARTESIAN_POINT('',(-98.22525934066,52.01493565106,
    -60.97379575623));
#1261 = CARTESIAN_POINT('',(-99.29432383524,51.5035987135,-61.3813455586
    ));
#1262 = CARTESIAN_POINT('',(-99.44545594538,51.43013472454,
    -61.4397396483));
#1263 = ADVANCED_FACE('',(#1264),#1347,.F.);
#1264 = FACE_BOUND('',#1265,.F.);
#1265 = EDGE_LOOP('',(#1266,#1338,#1345,#1346));
#1266 = ORIENTED_EDGE('',*,*,#1267,.T.);
#1267 = EDGE_CURVE('',#1035,#1268,#1270,.T.);
#1268 = VERTEX_POINT('',#1269);
#1269 = CARTESIAN_POINT('',(93.180474668299,-55.53336962288,
    -72.6523995175));
#1270 = B_SPLINE_CURVE_WITH_KNOTS('',14,(#1271,#1272,#1273,#1274,#1275,
    #1276,#1277,#1278,#1279,#1280,#1281,#1282,#1283,#1284,#1285,#1286,
    #1287,#1288,#1289,#1290,#1291,#1292,#1293,#1294,#1295,#1296,#1297,
    #1298,#1299,#1300,#1301,#1302,#1303,#1304,#1305,#1306,#1307,#1308,
    #1309,#1310,#1311,#1312,#1313,#1314,#1315,#1316,#1317,#1318,#1319,
    #1320,#1321,#1322,#1323,#1324,#1325,#1326,#1327,#1328,#1329,#1330,
    #1331,#1332,#1333,#1334,#1335,#1336,#1337),.UNSPECIFIED.,.F.,.F.,(15
    ,13,13,13,13,15),(0.,0.224801024558,0.381551697351,0.496914555506,
    0.771187099085,1.),.UNSPECIFIED.);
#1271 = CARTESIAN_POINT('',(-63.64953365444,48.170562768161,
    -73.88738216825));
#1272 = CARTESIAN_POINT('',(-61.03207123864,46.842945274146,
    -74.82993738229));
#1273 = CARTESIAN_POINT('',(-58.42387026991,45.48329004957,
    -75.7537409018));
#1274 = CARTESIAN_POINT('',(-55.8242319692,44.093548321494,
    -76.65780906871));
#1275 = CARTESIAN_POINT('',(-53.23637157754,42.666874575094,
    -77.5380882948));
#1276 = CARTESIAN_POINT('',(-50.64904100365,41.228319648501,
    -78.40219600472));
#1277 = CARTESIAN_POINT('',(-48.08826134523,39.721949779711,
    -79.2271101449));
#1278 = CARTESIAN_POINT('',(-45.51068303851,38.241662799078,
    -80.04722272429));
#1279 = CARTESIAN_POINT('',(-42.96731740949,36.677450364178,
    -80.81908801903));
#1280 = CARTESIAN_POINT('',(-40.41467712117,35.122268201389,
    -81.57762688127));
#1281 = CARTESIAN_POINT('',(-37.87812453088,33.52525180026,
    -82.29935427577));
#1282 = CARTESIAN_POINT('',(-35.34728923008,31.905226791393,
    -82.99171675611));
#1283 = CARTESIAN_POINT('',(-32.82418127688,30.26091803715,
    -83.65175045024));
#1284 = CARTESIAN_POINT('',(-30.3082637052,28.592914195961,
    -84.27835371314));
#1285 = CARTESIAN_POINT('',(-26.04963134605,25.724098317122,
    -85.28327161999));
#1286 = CARTESIAN_POINT('',(-24.30339978095,24.534711495257,
    -85.67935248609));
#1287 = CARTESIAN_POINT('',(-22.56040735274,23.334841475209,
    -86.05814525848));
#1288 = CARTESIAN_POINT('',(-20.82038197405,22.12528902435,
    -86.41974299512));
#1289 = CARTESIAN_POINT('',(-19.08331188494,20.906214990581,
    -86.76341586468));
#1290 = CARTESIAN_POINT('',(-17.34911113552,19.677962556158,
    -87.08867937322));
#1291 = CARTESIAN_POINT('',(-15.61753987402,18.441255709623,
    -87.39553396211));
#1292 = CARTESIAN_POINT('',(-13.88837363847,17.196784746134,
    -87.68391528852));
#1293 = CARTESIAN_POINT('',(-12.16151493601,15.944929442618,
    -87.95334850182));
#1294 = CARTESIAN_POINT('',(-10.4368909611,14.686005461241,
    -88.20329862236));
#1295 = CARTESIAN_POINT('',(-8.714283881833,13.420678670652,
    -88.43372396227));
#1296 = CARTESIAN_POINT('',(-6.993398402688,12.149803487356,
    -88.64483723428));
#1297 = CARTESIAN_POINT('',(-5.274185934233,10.873634148122,
    -88.83603070863));
#1298 = CARTESIAN_POINT('',(-2.292204125634,8.650256700638,
    -89.13333926319));
#1299 = CARTESIAN_POINT('',(-1.02877777556,7.705145245666,
    -89.24855978379));
#1300 = CARTESIAN_POINT('',(0.233938224923,6.757770513997,
    -89.35295473549));
#1301 = CARTESIAN_POINT('',(1.496018783991,5.808367931913,
    -89.44647795065));
#1302 = CARTESIAN_POINT('',(2.757537739007,4.857169696334,
    -89.52907000396));
#1303 = CARTESIAN_POINT('',(4.018569206394,3.904408565084,
    -89.60067800802));
#1304 = CARTESIAN_POINT('',(5.279188263635,2.950319826766,
    -89.66126592815));
#1305 = CARTESIAN_POINT('',(6.53947118039,1.995141836499,-89.71081749449
    ));
#1306 = CARTESIAN_POINT('',(7.799495216961,1.039115486923,
    -89.74933349444));
#1307 = CARTESIAN_POINT('',(9.059338242286,8.248300332948E-02,
    -89.77682557573));
#1308 = CARTESIAN_POINT('',(10.319078184982,-0.874513567655,
    -89.79330833748));
#1309 = CARTESIAN_POINT('',(11.578792542811,-1.831633789657,
    -89.79879179716));
#1310 = CARTESIAN_POINT('',(12.838558012033,-2.788639814611,
    -89.79327608474));
#1311 = CARTESIAN_POINT('',(17.093815621974,-6.019725867175,
    -89.73746086659));
#1312 = CARTESIAN_POINT('',(20.089944323458,-8.292043275616,
    -89.6358623448));
#1313 = CARTESIAN_POINT('',(23.087346446016,-10.56060800813,
    -89.4741645256));
#1314 = CARTESIAN_POINT('',(26.090016178882,-12.81338690187,
    -89.2426689294));
#1315 = CARTESIAN_POINT('',(29.087778552723,-15.0805761302,
    -88.98530666494));
#1316 = CARTESIAN_POINT('',(32.111185515063,-17.27124566685,
    -88.57904130763));
#1317 = CARTESIAN_POINT('',(35.104939129668,-19.54957662837,
    -88.27066081453));
#1318 = CARTESIAN_POINT('',(38.147894378862,-21.68115231893,
    -87.71694240788));
#1319 = CARTESIAN_POINT('',(41.161889952469,-23.89820484959,
    -87.26956847535));
#1320 = CARTESIAN_POINT('',(44.205951979622,-26.02520408477,
    -86.67103642533));
#1321 = CARTESIAN_POINT('',(47.250359083762,-28.15051975975,
    -86.06232184592));
#1322 = CARTESIAN_POINT('',(50.306818677467,-30.23915930151,
    -85.39224994845));
#1323 = CARTESIAN_POINT('',(53.373264347946,-32.29724102041,
    -84.67710191302));
#1324 = CARTESIAN_POINT('',(59.018233455665,-36.01007425304,
    -83.28190401527));
#1325 = CARTESIAN_POINT('',(61.593393596621,-37.6751691323,
    -82.61583100048));
#1326 = CARTESIAN_POINT('',(64.176281559782,-39.31619725561,
    -81.91956859985));
#1327 = CARTESIAN_POINT('',(66.768254651472,-40.93025756179,
    -81.19442157237));
#1328 = CARTESIAN_POINT('',(69.366976949564,-42.52197895644,
    -80.44197487407));
#1329 = CARTESIAN_POINT('',(71.976211396392,-44.08212684199,
    -79.66295614954));
#1330 = CARTESIAN_POINT('',(74.594767180105,-45.61375370649,
    -78.85905462313));
#1331 = CARTESIAN_POINT('',(77.220431935942,-47.12202107744,
    -78.03204922844));
#1332 = CARTESIAN_POINT('',(79.856134727905,-48.5996436929,
    -77.18280290532));
#1333 = CARTESIAN_POINT('',(82.503126061069,-50.04361542906,
    -76.31253303982));
#1334 = CARTESIAN_POINT('',(85.157600853374,-51.46287987178,
    -75.42328070914));
#1335 = CARTESIAN_POINT('',(87.822539380408,-52.84959834808,
    -74.51578455007));
#1336 = CARTESIAN_POINT('',(90.496728561939,-54.20680765211,
    -73.59172997934));
#1337 = CARTESIAN_POINT('',(93.180474631869,-55.53336960435,
    -72.6523995291));
#1338 = ORIENTED_EDGE('',*,*,#1339,.F.);
#1339 = EDGE_CURVE('',#322,#1268,#1340,.T.);
#1340 = CIRCLE('',#1341,10.);
#1341 = AXIS2_PLACEMENT_3D('',#1342,#1343,#1344);
#1342 = CARTESIAN_POINT('',(98.3000000357,-47.75058244473,
    -76.28815029996));
#1343 = DIRECTION('',(0.857319822473,-0.43635478527,0.273124922642));
#1344 = DIRECTION('',(-1.050585391229E-10,0.530562027015,0.847646114537)
  );
#1345 = ORIENTED_EDGE('',*,*,#321,.F.);
#1346 = ORIENTED_EDGE('',*,*,#1181,.F.);
#1347 = ( BOUNDED_SURFACE() B_SPLINE_SURFACE(3,3,(
    (#1348,#1349,#1350,#1351,#1352,#1353,#1354,#1355,#1356,#1357,#1358
      ,#1359,#1360,#1361,#1362,#1363,#1364,#1365,#1366,#1367,#1368)
    ,(#1369,#1370,#1371,#1372,#1373,#1374,#1375,#1376,#1377,#1378,#1379
      ,#1380,#1381,#1382,#1383,#1384,#1385,#1386,#1387,#1388,#1389)
    ,(#1390,#1391,#1392,#1393,#1394,#1395,#1396,#1397,#1398,#1399,#1400
      ,#1401,#1402,#1403,#1404,#1405,#1406,#1407,#1408,#1409,#1410)
    ,(#1411,#1412,#1413,#1414,#1415,#1416,#1417,#1418,#1419,#1420,#1421
      ,#1422,#1423,#1424,#1425,#1426,#1427,#1428,#1429,#1430,#1431
)),.UNSPECIFIED.,.F.,.F.,.F.) B_SPLINE_SURFACE_WITH_KNOTS((4,4),(4,1,1,1
    ,1,1,1,1,1,1,1,1,1,1,1,1,1,1,4),(0.,1.),(-1.002220883466E-02,0.,
    7.780081335148E-02,0.152894451172,0.226279044585,0.294997613165,
    0.362696349494,0.431917062889,0.498907387505,0.559753550726,
    0.614377717947,0.666469600651,0.719110553088,0.772154918647,
    0.824819835804,0.878584455124,0.936207585346,1.,1.009889353677),
.UNSPECIFIED.) GEOMETRIC_REPRESENTATION_ITEM() RATIONAL_B_SPLINE_SURFACE
((
    (1.275975538055,1.275975538055,1.275975538055,1.275975538055
      ,1.275975538055,1.275975538055,1.275975538055,1.275975538055
      ,1.275975538055,1.275975538055,1.275975538055,1.275975538055
      ,1.275975538055,1.275975538055,1.275975538055,1.275975538055
      ,1.275975538055,1.275975538055,1.275975538055,1.275975538055
      ,1.275975538055)
    ,(0.908008153982,0.908008153982,0.908008153982,0.908008153982
      ,0.908008153982,0.908008153982,0.908008153982,0.908008153982
      ,0.908008153982,0.908008153982,0.908008153982,0.908008153982
      ,0.908008153982,0.908008153982,0.908008153982,0.908008153982
      ,0.908008153982,0.908008153982,0.908008153982,0.908008153982
      ,0.908008153982)
    ,(0.908008153982,0.908008153982,0.908008153982,0.908008153982
      ,0.908008153982,0.908008153982,0.908008153982,0.908008153982
      ,0.908008153982,0.908008153982,0.908008153982,0.908008153982
      ,0.908008153982,0.908008153982,0.908008153982,0.908008153982
      ,0.908008153982,0.908008153982,0.908008153982,0.908008153982
      ,0.908008153982)
    ,(1.275975538055,1.275975538055,1.275975538055,1.275975538055
      ,1.275975538055,1.275975538055,1.275975538055,1.275975538055
      ,1.275975538055,1.275975538055,1.275975538055,1.275975538055
      ,1.275975538055,1.275975538055,1.275975538055,1.275975538055
      ,1.275975538055,1.275975538055,1.275975538055,1.275975538055
,1.275975538055))) REPRESENTATION_ITEM('') SURFACE() );
#1348 = CARTESIAN_POINT('',(94.9573521902,-56.86509830164,
    -73.21064643655));
#1349 = CARTESIAN_POINT('',(94.4020248863,-56.59585128483,
    -73.41912300762));
#1350 = CARTESIAN_POINT('',(89.5406393094,-54.21927431928,
    -75.23847544492));
#1351 = CARTESIAN_POINT('',(80.6016476311,-49.53210115427,
    -78.48490305491));
#1352 = CARTESIAN_POINT('',(68.3819533858,-42.37411675028,
    -82.55895489897));
#1353 = CARTESIAN_POINT('',(56.8268509739,-34.94645064965,
    -85.95274264191));
#1354 = CARTESIAN_POINT('',(45.8124910271,-27.32444073872,
    -88.65776721546));
#1355 = CARTESIAN_POINT('',(35.1360133589,-19.51167067931,
    -90.69638667438));
#1356 = CARTESIAN_POINT('',(24.6434676493,-11.51693196104,
    -92.05086502519));
#1357 = CARTESIAN_POINT('',(14.5656198007,-3.655543654566,
    -92.68112330368));
#1358 = CARTESIAN_POINT('',(5.2616719151,3.649644515168,-92.66153871698)
  );
#1359 = CARTESIAN_POINT('',(-3.28063588754,10.31097194172,
    -92.14639142307));
#1360 = CARTESIAN_POINT('',(-11.4191589367,16.55207126093,
    -91.23097088187));
#1361 = CARTESIAN_POINT('',(-19.50534091904,22.59450350829,
    -89.92879407463));
#1362 = CARTESIAN_POINT('',(-27.66281677315,28.47817701806,
    -88.24523745735));
#1363 = CARTESIAN_POINT('',(-35.93216905252,34.18419581497,
    -86.20020610293));
#1364 = CARTESIAN_POINT('',(-44.50502123002,39.7948609441,
    -83.76909663546));
#1365 = CARTESIAN_POINT('',(-53.7426079345,45.46673451097,
    -80.85032632533));
#1366 = CARTESIAN_POINT('',(-60.74006274235,49.44031434643,
    -78.43658949821));
#1367 = CARTESIAN_POINT('',(-64.69302446994,51.56987680595,
    -77.02064563463));
#1368 = CARTESIAN_POINT('',(-65.22405676914,51.8538788424,
    -76.82953683208));
#1369 = CARTESIAN_POINT('',(94.0400720011,-54.11168666128,
    -66.06331248094));
#1370 = CARTESIAN_POINT('',(93.4829461459,-53.86734601891,
    -66.26242450084));
#1371 = CARTESIAN_POINT('',(88.6058595129,-51.71013114845,
    -68.00059315691));
#1372 = CARTESIAN_POINT('',(79.6387553856,-47.44777095304,
    -71.11107274239));
#1373 = CARTESIAN_POINT('',(67.3836518882,-40.92002686572,
    -75.03985111651));
#1374 = CARTESIAN_POINT('',(55.7990058427,-34.13063688663,
    -78.34199468541));
#1375 = CARTESIAN_POINT('',(44.7611052056,-27.15057755653,
    -81.00882242986));
#1376 = CARTESIAN_POINT('',(34.0669228572,-19.98483699037,
    -83.06207390176));
#1377 = CARTESIAN_POINT('',(23.5626698393,-12.64226866381,
    -84.48652880941));
#1378 = CARTESIAN_POINT('',(13.4794470593,-5.413258699301,
    -85.23999313751));
#1379 = CARTESIAN_POINT('',(4.1757803857,1.311881338981,-85.38331460295)
  );
#1380 = CARTESIAN_POINT('',(-4.36195614208,7.450746969086,
    -85.05759601804));
#1381 = CARTESIAN_POINT('',(-12.49246201458,13.20834402533,
    -84.35602113355));
#1382 = CARTESIAN_POINT('',(-20.56731795998,18.78891900947,
    -83.29645802626));
#1383 = CARTESIAN_POINT('',(-28.71023572676,24.22972230563,
    -81.88519607013));
#1384 = CARTESIAN_POINT('',(-36.96200731874,29.51371431847,
    -80.14036860073));
#1385 = CARTESIAN_POINT('',(-45.51409348802,34.71773121404,
    -78.04148682352));
#1386 = CARTESIAN_POINT('',(-54.72692971927,39.98843660801,
    -75.49929481633));
#1387 = CARTESIAN_POINT('',(-61.70411152255,43.68953614477,
    -73.38189720891));
#1388 = CARTESIAN_POINT('',(-65.6452544314,45.67610646051,
    -72.13549657698));
#1389 = CARTESIAN_POINT('',(-66.17469270226,45.94109575096,
    -71.96719752548));
#1390 = CARTESIAN_POINT('',(96.6814540015,-47.28456198462,
    -63.63009923554));
#1391 = CARTESIAN_POINT('',(96.1295072195,-47.05160383712,
    -63.80289406348));
#1392 = CARTESIAN_POINT('',(91.2976330389,-44.99570694268,
    -65.31044327447));
#1393 = CARTESIAN_POINT('',(82.4114809671,-40.94696962023,-67.993678363)
  );
#1394 = CARTESIAN_POINT('',(70.258341256,-34.77811778651,-71.34159591707
    ));
#1395 = CARTESIAN_POINT('',(58.7587684769,-28.38885892891,
    -74.10804227026));
#1396 = CARTESIAN_POINT('',(47.788655149,-21.84238354359,-76.28640393809
    ));
#1397 = CARTESIAN_POINT('',(37.1454548496,-15.14046526185,
    -77.89491737145));
#1398 = CARTESIAN_POINT('',(26.6749139664,-8.290041604724,
    -78.91756809413));
#1399 = CARTESIAN_POINT('',(16.6071687332,-1.560695631188,
    -79.32412988631));
#1400 = CARTESIAN_POINT('',(7.3026922871,4.686741973945,-79.18403844213)
  );
#1401 = CARTESIAN_POINT('',(-1.2482075938,10.37860621787,-78.62994376627
    ));
#1402 = CARTESIAN_POINT('',(-9.40179957061,15.70681394004,
    -77.73916374101));
#1403 = CARTESIAN_POINT('',(-17.50926974934,20.86063293245,
    -76.51911157461));
#1404 = CARTESIAN_POINT('',(-25.69410869821,25.87380250392,
    -74.97336103347));
#1405 = CARTESIAN_POINT('',(-33.996505292,30.7298905766,-73.11908123407)
  );
#1406 = CARTESIAN_POINT('',(-42.60838885034,35.49846349902,
    -70.93357925599));
#1407 = CARTESIAN_POINT('',(-51.89249605774,40.31147787027,
    -68.32672384424));
#1408 = CARTESIAN_POINT('',(-58.92805560648,43.67681110811,
    -66.18245891551));
#1409 = CARTESIAN_POINT('',(-62.90323175342,45.47807311775,
    -64.92787569727));
#1410 = CARTESIAN_POINT('',(-63.43726015696,45.71824893728,
    -64.75860169342));
#1411 = CARTESIAN_POINT('',(100.5963232893,-42.29016792928,
    -68.01608572286));
#1412 = CARTESIAN_POINT('',(100.0520525629,-42.04522090375,
    -68.16837886994));
#1413 = CARTESIAN_POINT('',(95.2871890763,-39.88494326127,
    -69.49539192371));
#1414 = CARTESIAN_POINT('',(86.5210184067,-35.65382424011,
    -71.82971391239));
#1415 = CARTESIAN_POINT('',(74.5190021965,-29.26202323764,
    -74.66371135443));
#1416 = CARTESIAN_POINT('',(63.1455189865,-22.68857959694,
    -76.91386250228));
#1417 = CARTESIAN_POINT('',(52.2758752063,-15.9922091177,-78.57608217724
    ));
#1418 = CARTESIAN_POINT('',(41.7082368884,-9.169633000948,
    -79.66524981676));
#1419 = CARTESIAN_POINT('',(31.287661743,-2.225552448405,-80.16193395745
    ));
#1420 = CARTESIAN_POINT('',(21.2428562333,4.56912502108,-80.05160515918)
  );
#1421 = CARTESIAN_POINT('',(11.9371795997,10.8544871247,-79.42697472668)
  );
#1422 = CARTESIAN_POINT('',(3.3667699293,16.5615308098,-78.42427728802)
  );
#1423 = CARTESIAN_POINT('',(-4.82103863587,21.88594558856,
    -77.10493095327));
#1424 = CARTESIAN_POINT('',(-12.97684732088,27.01731510304,
    -75.46013306134));
#1425 = CARTESIAN_POINT('',(-21.2238188762,31.98805204621,
    -73.48946263624));
#1426 = CARTESIAN_POINT('',(-29.60124826145,36.78055740529,
    -71.21076628162));
#1427 = CARTESIAN_POINT('',(-38.30175927385,41.46161220938,
    -68.59473512949));
#1428 = CARTESIAN_POINT('',(-47.69149927331,46.15638119647,
    -65.53791774045));
#1429 = CARTESIAN_POINT('',(-54.81358218095,49.41314822128,
    -63.0668230422));
#1430 = CARTESIAN_POINT('',(-58.8391999825,51.14710406943,-61.6334105324
    ));
#1431 = CARTESIAN_POINT('',(-59.38003155553,51.37813291026,
    -61.44022034665));
#1432 = ADVANCED_FACE('',(#1433),#1572,.F.);
#1433 = FACE_BOUND('',#1434,.F.);
#1434 = EDGE_LOOP('',(#1435,#1456,#1466,#1476,#1484,#1485,#1497,#1507,
    #1508,#1517,#1536,#1546,#1556,#1564,#1565));
#1435 = ORIENTED_EDGE('',*,*,#1436,.T.);
#1436 = EDGE_CURVE('',#1437,#1439,#1441,.T.);
#1437 = VERTEX_POINT('',#1438);
#1438 = CARTESIAN_POINT('',(99.908439485177,-67.32131347961,
    43.20499006111));
#1439 = VERTEX_POINT('',#1440);
#1440 = CARTESIAN_POINT('',(122.9120008731,-39.35385094274,
    67.70940589703));
#1441 = B_SPLINE_CURVE_WITH_KNOTS('',5,(#1442,#1443,#1444,#1445,#1446,
    #1447,#1448,#1449,#1450,#1451,#1452,#1453,#1454,#1455),
  .UNSPECIFIED.,.F.,.F.,(6,4,4,6),(0.,0.370514952797,0.565660123001,1.),
  .UNSPECIFIED.);
#1442 = CARTESIAN_POINT('',(99.908453437397,-67.32143439944,
    43.205076616389));
#1443 = CARTESIAN_POINT('',(102.86973774992,-66.40764757801,
    44.580098869831));
#1444 = CARTESIAN_POINT('',(105.64776921469,-65.24078178743,
    46.16133849607));
#1445 = CARTESIAN_POINT('',(108.2164614087,-63.82956948256,
    47.90354900025));
#1446 = CARTESIAN_POINT('',(110.55108563074,-62.18448761169,
    49.756961875939));
#1447 = CARTESIAN_POINT('',(113.72157968594,-59.3410706789,
    52.688266709223));
#1448 = CARTESIAN_POINT('',(114.74381138305,-58.29982258728,
    53.718021416597));
#1449 = CARTESIAN_POINT('',(115.69379672995,-57.2011249471,
    54.758747622861));
#1450 = CARTESIAN_POINT('',(116.57086293937,-56.04833188578,
    55.803431710925));
#1451 = CARTESIAN_POINT('',(119.16273955502,-52.1676597347,
    59.165081238172));
#1452 = CARTESIAN_POINT('',(120.58666900792,-49.24119831452,
    61.472063969991));
#1453 = CARTESIAN_POINT('',(121.67039546725,-46.0988161323,
    63.699760837273));
#1454 = CARTESIAN_POINT('',(122.43782894399,-42.78411809706,
    65.79111933405));
#1455 = CARTESIAN_POINT('',(122.91202350796,-39.35384249656,
    67.709414253295));
#1456 = ORIENTED_EDGE('',*,*,#1457,.T.);
#1457 = EDGE_CURVE('',#1439,#1458,#1460,.T.);
#1458 = VERTEX_POINT('',#1459);
#1459 = CARTESIAN_POINT('',(113.7433631018,-44.17786923118,
    65.90089137849));
#1460 = B_SPLINE_CURVE_WITH_KNOTS('',4,(#1461,#1462,#1463,#1464,#1465),
  .UNSPECIFIED.,.F.,.F.,(5,5),(0.,1.),.PIECEWISE_BEZIER_KNOTS.);
#1461 = CARTESIAN_POINT('',(122.91202350796,-39.35384249656,
    67.709414253295));
#1462 = CARTESIAN_POINT('',(120.63114408624,-40.61032195961,
    67.341987418891));
#1463 = CARTESIAN_POINT('',(118.34158085262,-41.83432241665,
    66.917324642796));
#1464 = CARTESIAN_POINT('',(116.04506295706,-43.02401758123,
    66.436603936289));
#1465 = CARTESIAN_POINT('',(113.74336310182,-44.17786923118,
    65.900891378488));
#1466 = ORIENTED_EDGE('',*,*,#1467,.T.);
#1467 = EDGE_CURVE('',#1458,#1468,#1470,.T.);
#1468 = VERTEX_POINT('',#1469);
#1469 = CARTESIAN_POINT('',(116.0071371793,-37.06803314995,
    69.91074658464));
#1470 = B_SPLINE_CURVE_WITH_KNOTS('',4,(#1471,#1472,#1473,#1474,#1475),
  .UNSPECIFIED.,.F.,.F.,(5,5),(0.,1.),.PIECEWISE_BEZIER_KNOTS.);
#1471 = CARTESIAN_POINT('',(113.74336310182,-44.17786923118,
    65.900891378488));
#1472 = CARTESIAN_POINT('',(114.45891766445,-42.48648541376,
    66.960816177673));
#1473 = CARTESIAN_POINT('',(115.06846527711,-40.73166154776,
    67.989106648941));
#1474 = CARTESIAN_POINT('',(115.58142604153,-38.92205325386,
    68.975174846769));
#1475 = CARTESIAN_POINT('',(116.00713718337,-37.06803313513,
    69.910746597114));
#1476 = ORIENTED_EDGE('',*,*,#1477,.T.);
#1477 = EDGE_CURVE('',#1468,#673,#1478,.T.);
#1478 = B_SPLINE_CURVE_WITH_KNOTS('',4,(#1479,#1480,#1481,#1482,#1483),
  .UNSPECIFIED.,.F.,.F.,(5,5),(0.,1.),.PIECEWISE_BEZIER_KNOTS.);
#1479 = CARTESIAN_POINT('',(116.00713718337,-37.06803313513,
    69.910746597114));
#1480 = CARTESIAN_POINT('',(111.60524385567,-39.40150724855,
    69.16429276909));
#1481 = CARTESIAN_POINT('',(107.17993513007,-41.62278849262,
    68.204777640618));
#1482 = CARTESIAN_POINT('',(102.74137525982,-43.71612249227,
    67.041435718366));
#1483 = CARTESIAN_POINT('',(98.299999999996,-45.66833848328,
    65.684114214745));
#1484 = ORIENTED_EDGE('',*,*,#672,.F.);
#1485 = ORIENTED_EDGE('',*,*,#1486,.T.);
#1486 = EDGE_CURVE('',#661,#1487,#1489,.T.);
#1487 = VERTEX_POINT('',#1488);
#1488 = CARTESIAN_POINT('',(248.3,0.,5.917019205751E-14));
#1489 = ( BOUNDED_CURVE() B_SPLINE_CURVE(6,(#1490,#1491,#1492,#1493,
#1494,#1495,#1496),.UNSPECIFIED.,.F.,.F.) B_SPLINE_CURVE_WITH_KNOTS((7,7
),(0.,0.979914652507),.PIECEWISE_BEZIER_KNOTS.) CURVE() 
GEOMETRIC_REPRESENTATION_ITEM() RATIONAL_B_SPLINE_CURVE((1.012085666645,
    1.003963569407,0.999195317162,0.997620315948,0.999195317162,
1.003963569407,1.012085666645)) REPRESENTATION_ITEM('') );
#1490 = CARTESIAN_POINT('',(98.299999999996,1.663553E-11,80.));
#1491 = CARTESIAN_POINT('',(128.03815791731,1.663552E-11,80.));
#1492 = CARTESIAN_POINT('',(157.48468007905,1.541779E-11,74.144017688988
    ));
#1493 = CARTESIAN_POINT('',(185.36192113082,1.302061E-11,62.616102120301
    ));
#1494 = CARTESIAN_POINT('',(210.46550433435,9.54199E-12,45.887578086158)
  );
#1495 = CARTESIAN_POINT('',(231.73306773464,5.13531E-12,24.696048097424)
  );
#1496 = CARTESIAN_POINT('',(248.3,-1.2E-16,-2.843839807942E-12));
#1497 = ORIENTED_EDGE('',*,*,#1498,.T.);
#1498 = EDGE_CURVE('',#1487,#353,#1499,.T.);
#1499 = ( BOUNDED_CURVE() B_SPLINE_CURVE(6,(#1500,#1501,#1502,#1503,
#1504,#1505,#1506),.UNSPECIFIED.,.F.,.F.) B_SPLINE_CURVE_WITH_KNOTS((7,7
),(0.,0.979914652507),.PIECEWISE_BEZIER_KNOTS.) CURVE() 
GEOMETRIC_REPRESENTATION_ITEM() RATIONAL_B_SPLINE_CURVE((1.012085666645,
    1.003963569407,0.999195317162,0.997620315948,0.999195317162,
1.003963569407,1.012085666645)) REPRESENTATION_ITEM('') );
#1500 = CARTESIAN_POINT('',(248.3,8.8E-16,2.939970192058E-12));
#1501 = CARTESIAN_POINT('',(231.73306773464,-4.947E-14,-24.69604809742)
  );
#1502 = CARTESIAN_POINT('',(210.46550433435,-9.271E-14,-45.88757808615)
  );
#1503 = CARTESIAN_POINT('',(185.36192113082,-1.2687E-13,-62.6161021203)
  );
#1504 = CARTESIAN_POINT('',(157.48468007905,-1.5045E-13,-74.14401768898)
  );
#1505 = CARTESIAN_POINT('',(128.03815791731,-1.6249E-13,-80.));
#1506 = CARTESIAN_POINT('',(98.299999999996,-1.6261E-13,-80.));
#1507 = ORIENTED_EDGE('',*,*,#352,.F.);
#1508 = ORIENTED_EDGE('',*,*,#1509,.T.);
#1509 = EDGE_CURVE('',#322,#1510,#1512,.T.);
#1510 = VERTEX_POINT('',#1511);
#1511 = CARTESIAN_POINT('',(99.9084495631,-43.20484187621,
    -67.32106863534));
#1512 = B_SPLINE_CURVE_WITH_KNOTS('',3,(#1513,#1514,#1515,#1516),
  .UNSPECIFIED.,.F.,.F.,(4,4),(0.,1.),.PIECEWISE_BEZIER_KNOTS.);
#1513 = CARTESIAN_POINT('',(98.299999999996,-42.44496215695,
    -67.81168916562));
#1514 = CARTESIAN_POINT('',(98.835745158652,-42.70114812356,
    -67.65133622659));
#1515 = CARTESIAN_POINT('',(99.372770116746,-42.95323593915,
    -67.48872724946));
#1516 = CARTESIAN_POINT('',(99.908453437397,-43.20507661637,
    -67.32143439945));
#1517 = ORIENTED_EDGE('',*,*,#1518,.T.);
#1518 = EDGE_CURVE('',#1510,#1519,#1521,.T.);
#1519 = VERTEX_POINT('',#1520);
#1520 = CARTESIAN_POINT('',(122.9120008731,-67.70940589703,
    -39.35385094274));
#1521 = B_SPLINE_CURVE_WITH_KNOTS('',5,(#1522,#1523,#1524,#1525,#1526,
    #1527,#1528,#1529,#1530,#1531,#1532,#1533,#1534,#1535),
  .UNSPECIFIED.,.F.,.F.,(6,4,4,6),(0.,0.370514952797,0.565660123001,1.),
  .UNSPECIFIED.);
#1522 = CARTESIAN_POINT('',(99.908453437397,-43.20507661637,
    -67.32143439945));
#1523 = CARTESIAN_POINT('',(102.86973774992,-44.5800988698,
    -66.40764757802));
#1524 = CARTESIAN_POINT('',(105.64776921469,-46.16133849605,
    -65.24078178744));
#1525 = CARTESIAN_POINT('',(108.2164614087,-47.90354900024,
    -63.82956948257));
#1526 = CARTESIAN_POINT('',(110.55108563074,-49.75696187593,
    -62.1844876117));
#1527 = CARTESIAN_POINT('',(113.72157968594,-52.68826670922,
    -59.3410706789));
#1528 = CARTESIAN_POINT('',(114.74381138305,-53.7180214166,
    -58.29982258727));
#1529 = CARTESIAN_POINT('',(115.69379672995,-54.75874762286,
    -57.20112494709));
#1530 = CARTESIAN_POINT('',(116.57086293937,-55.80343171093,
    -56.04833188578));
#1531 = CARTESIAN_POINT('',(119.16273955502,-59.16508123817,
    -52.1676597347));
#1532 = CARTESIAN_POINT('',(120.58666900792,-61.47206396997,
    -49.24119831453));
#1533 = CARTESIAN_POINT('',(121.67039546725,-63.69976083726,
    -46.09881613233));
#1534 = CARTESIAN_POINT('',(122.43782894399,-65.79111933404,
    -42.78411809706));
#1535 = CARTESIAN_POINT('',(122.91202350796,-67.70941425329,
    -39.35384249657));
#1536 = ORIENTED_EDGE('',*,*,#1537,.T.);
#1537 = EDGE_CURVE('',#1519,#1538,#1540,.T.);
#1538 = VERTEX_POINT('',#1539);
#1539 = CARTESIAN_POINT('',(113.7433631018,-65.90089137849,
    -44.17786923118));
#1540 = B_SPLINE_CURVE_WITH_KNOTS('',4,(#1541,#1542,#1543,#1544,#1545),
  .UNSPECIFIED.,.F.,.F.,(5,5),(0.,1.),.PIECEWISE_BEZIER_KNOTS.);
#1541 = CARTESIAN_POINT('',(122.91202350796,-67.70941425329,
    -39.35384249657));
#1542 = CARTESIAN_POINT('',(120.63114408624,-67.34198741888,
    -40.61032195961));
#1543 = CARTESIAN_POINT('',(118.34158085262,-66.91732464278,
    -41.83432241667));
#1544 = CARTESIAN_POINT('',(116.04506295706,-66.43660393629,
    -43.02401758122));
#1545 = CARTESIAN_POINT('',(113.74336310182,-65.90089137848,
    -44.17786923118));
#1546 = ORIENTED_EDGE('',*,*,#1547,.T.);
#1547 = EDGE_CURVE('',#1538,#1548,#1550,.T.);
#1548 = VERTEX_POINT('',#1549);
#1549 = CARTESIAN_POINT('',(116.0071371793,-69.91074658464,
    -37.06803314995));
#1550 = B_SPLINE_CURVE_WITH_KNOTS('',4,(#1551,#1552,#1553,#1554,#1555),
  .UNSPECIFIED.,.F.,.F.,(5,5),(0.,1.),.PIECEWISE_BEZIER_KNOTS.);
#1551 = CARTESIAN_POINT('',(113.74336310182,-65.90089137848,
    -44.17786923118));
#1552 = CARTESIAN_POINT('',(114.45891766214,-66.96081617539,
    -42.48648541752));
#1553 = CARTESIAN_POINT('',(115.06846527383,-67.9891066425,
    -40.73166155844));
#1554 = CARTESIAN_POINT('',(115.58142603904,-68.97517484036,
    -38.92205326646));
#1555 = CARTESIAN_POINT('',(116.00713718337,-69.91074659711,
    -37.06803313513));
#1556 = ORIENTED_EDGE('',*,*,#1557,.T.);
#1557 = EDGE_CURVE('',#1548,#775,#1558,.T.);
#1558 = B_SPLINE_CURVE_WITH_KNOTS('',4,(#1559,#1560,#1561,#1562,#1563),
  .UNSPECIFIED.,.F.,.F.,(5,5),(0.,1.),.PIECEWISE_BEZIER_KNOTS.);
#1559 = CARTESIAN_POINT('',(116.00713718337,-69.91074659711,
    -37.06803313513));
#1560 = CARTESIAN_POINT('',(111.60524385567,-69.16429276908,
    -39.40150724856));
#1561 = CARTESIAN_POINT('',(107.17993513007,-68.20477764059,
    -41.62278849265));
#1562 = CARTESIAN_POINT('',(102.74137525982,-67.04143571838,
    -43.71612249224));
#1563 = CARTESIAN_POINT('',(98.299999999996,-65.68411421473,
    -45.6683384833));
#1564 = ORIENTED_EDGE('',*,*,#774,.F.);
#1565 = ORIENTED_EDGE('',*,*,#1566,.T.);
#1566 = EDGE_CURVE('',#748,#1437,#1567,.T.);
#1567 = B_SPLINE_CURVE_WITH_KNOTS('',3,(#1568,#1569,#1570,#1571),
  .UNSPECIFIED.,.F.,.F.,(4,4),(0.,1.),.PIECEWISE_BEZIER_KNOTS.);
#1568 = CARTESIAN_POINT('',(98.299999999996,-67.81168916564,
    42.444962156924));
#1569 = CARTESIAN_POINT('',(98.835745039439,-67.65133611462,
    42.701148302458));
#1570 = CARTESIAN_POINT('',(99.372770351904,-67.48872747437,
    42.953235584834));
#1571 = CARTESIAN_POINT('',(99.908453437397,-67.32143439944,
    43.205076616389));
#1572 = SURFACE_OF_REVOLUTION('',#1573,#1578);
#1573 = CIRCLE('',#1574,180.625);
#1574 = AXIS2_PLACEMENT_3D('',#1575,#1576,#1577);
#1575 = CARTESIAN_POINT('',(98.3,-6.318296027678,-100.426439548));
#1576 = DIRECTION('',(-1.734723475977E-17,-0.998026728428,
    6.279051952972E-02));
#1577 = DIRECTION('',(0.83044982699,3.498018562036E-02,0.555994128986));
#1578 = AXIS1_PLACEMENT('',#1579,#1580);
#1579 = CARTESIAN_POINT('',(98.3,0.,2.186350131875E-14));
#1580 = DIRECTION('',(1.,0.,2.22044604925E-16));
#1581 = ADVANCED_FACE('',(#1582),#1700,.F.);
#1582 = FACE_BOUND('',#1583,.F.);
#1583 = EDGE_LOOP('',(#1584,#1605,#1615,#1625,#1633,#1634,#1643,#1659,
    #1669,#1679,#1689,#1690,#1691,#1692,#1693));
#1584 = ORIENTED_EDGE('',*,*,#1585,.T.);
#1585 = EDGE_CURVE('',#1586,#1588,#1590,.T.);
#1586 = VERTEX_POINT('',#1587);
#1587 = CARTESIAN_POINT('',(99.908437329092,43.205021764003,
    67.32136586195));
#1588 = VERTEX_POINT('',#1589);
#1589 = CARTESIAN_POINT('',(122.9120008731,67.70940589703,39.35385094274
    ));
#1590 = B_SPLINE_CURVE_WITH_KNOTS('',5,(#1591,#1592,#1593,#1594,#1595,
    #1596,#1597,#1598,#1599,#1600,#1601,#1602,#1603,#1604),
  .UNSPECIFIED.,.F.,.F.,(6,4,4,6),(0.,0.370514952797,0.565660123001,1.),
  .UNSPECIFIED.);
#1591 = CARTESIAN_POINT('',(99.908453437398,43.205076616368,
    67.32143439946));
#1592 = CARTESIAN_POINT('',(102.86973774992,44.580098869809,
    66.407647578024));
#1593 = CARTESIAN_POINT('',(105.64776921469,46.16133849605,
    65.24078178745));
#1594 = CARTESIAN_POINT('',(108.2164614087,47.903549000228,
    63.829569482579));
#1595 = CARTESIAN_POINT('',(110.55108563074,49.756961875917,
    62.184487611718));
#1596 = CARTESIAN_POINT('',(113.72157968594,52.688266709219,
    59.34107067891));
#1597 = CARTESIAN_POINT('',(114.74381138305,53.718021416602,
    58.299822587277));
#1598 = CARTESIAN_POINT('',(115.69379672995,54.758747622874,
    57.201124947091));
#1599 = CARTESIAN_POINT('',(116.57086293937,55.803431710944,
    56.048331885769));
#1600 = CARTESIAN_POINT('',(119.16273955502,59.165081238192,
    52.167659734678));
#1601 = CARTESIAN_POINT('',(120.58666900792,61.472063969982,
    49.241198314526));
#1602 = CARTESIAN_POINT('',(121.67039546725,63.699760837257,
    46.098816132332));
#1603 = CARTESIAN_POINT('',(122.43782894399,65.791119334037,
    42.784118097083));
#1604 = CARTESIAN_POINT('',(122.91202350796,67.709414253283,
    39.353842496586));
#1605 = ORIENTED_EDGE('',*,*,#1606,.T.);
#1606 = EDGE_CURVE('',#1588,#1607,#1609,.T.);
#1607 = VERTEX_POINT('',#1608);
#1608 = CARTESIAN_POINT('',(113.7433631018,65.90089137849,44.17786923118
    ));
#1609 = B_SPLINE_CURVE_WITH_KNOTS('',4,(#1610,#1611,#1612,#1613,#1614),
  .UNSPECIFIED.,.F.,.F.,(5,5),(0.,1.),.PIECEWISE_BEZIER_KNOTS.);
#1610 = CARTESIAN_POINT('',(122.91202350796,67.709414253283,
    39.353842496586));
#1611 = CARTESIAN_POINT('',(120.63114408624,67.341987418967,
    40.61032195948));
#1612 = CARTESIAN_POINT('',(118.34158085262,66.917324642727,
    41.834322416775));
#1613 = CARTESIAN_POINT('',(116.04506295706,66.436603936276,
    43.024017581256));
#1614 = CARTESIAN_POINT('',(113.74336310182,65.900891378474,
    44.177869231202));
#1615 = ORIENTED_EDGE('',*,*,#1616,.T.);
#1616 = EDGE_CURVE('',#1607,#1617,#1619,.T.);
#1617 = VERTEX_POINT('',#1618);
#1618 = CARTESIAN_POINT('',(116.0071371793,69.91074658464,37.06803314995
    ));
#1619 = B_SPLINE_CURVE_WITH_KNOTS('',4,(#1620,#1621,#1622,#1623,#1624),
  .UNSPECIFIED.,.F.,.F.,(5,5),(0.,1.),.PIECEWISE_BEZIER_KNOTS.);
#1620 = CARTESIAN_POINT('',(113.74336310182,65.900891378474,
    44.177869231202));
#1621 = CARTESIAN_POINT('',(114.4589177199,66.960816230488,
    42.486485326437));
#1622 = CARTESIAN_POINT('',(115.0684653535,67.989106800648,
    40.731661296521));
#1623 = CARTESIAN_POINT('',(115.58142610072,68.975174999453,
    38.922052953452));
#1624 = CARTESIAN_POINT('',(116.00713718337,69.910746597103,
    37.068033135152));
#1625 = ORIENTED_EDGE('',*,*,#1626,.T.);
#1626 = EDGE_CURVE('',#1617,#524,#1627,.T.);
#1627 = B_SPLINE_CURVE_WITH_KNOTS('',4,(#1628,#1629,#1630,#1631,#1632),
  .UNSPECIFIED.,.F.,.F.,(5,5),(0.,1.),.PIECEWISE_BEZIER_KNOTS.);
#1628 = CARTESIAN_POINT('',(116.00713718337,69.910746597103,
    37.068033135152));
#1629 = CARTESIAN_POINT('',(111.60524385567,69.164292769161,
    39.401507248421));
#1630 = CARTESIAN_POINT('',(107.17993513007,68.204777640553,
    41.62278849275));
#1631 = CARTESIAN_POINT('',(102.74137525982,67.041435718353,
    43.7161224923));
#1632 = CARTESIAN_POINT('',(98.299999999996,65.684114214731,
    45.66833848331));
#1633 = ORIENTED_EDGE('',*,*,#523,.T.);
#1634 = ORIENTED_EDGE('',*,*,#1635,.T.);
#1635 = EDGE_CURVE('',#473,#1636,#1638,.T.);
#1636 = VERTEX_POINT('',#1637);
#1637 = CARTESIAN_POINT('',(99.9084495502,67.32106863935,-43.20484187017
    ));
#1638 = B_SPLINE_CURVE_WITH_KNOTS('',3,(#1639,#1640,#1641,#1642),
  .UNSPECIFIED.,.F.,.F.,(4,4),(0.,1.),.PIECEWISE_BEZIER_KNOTS.);
#1639 = CARTESIAN_POINT('',(98.299999999996,67.811689165606,
    -42.44496215697));
#1640 = CARTESIAN_POINT('',(98.835743959863,67.651335111148,
    -42.70114990564));
#1641 = CARTESIAN_POINT('',(99.37277246943,67.48872952087,
    -42.95323236086));
#1642 = CARTESIAN_POINT('',(99.908453411732,67.321434407425,
    -43.20507660438));
#1643 = ORIENTED_EDGE('',*,*,#1644,.F.);
#1644 = EDGE_CURVE('',#1645,#1636,#1647,.T.);
#1645 = VERTEX_POINT('',#1646);
#1646 = CARTESIAN_POINT('',(122.9120239799,39.3538369349,-67.70941061218
    ));
#1647 = B_SPLINE_CURVE_WITH_KNOTS('',3,(#1648,#1649,#1650,#1651,#1652,
    #1653,#1654,#1655,#1656,#1657,#1658),.UNSPECIFIED.,.F.,.F.,(4,1,1,1,
    1,1,1,1,4),(0.,0.125,0.25,0.375,0.5,0.625,0.75,0.875,1.),
  .QUASI_UNIFORM_KNOTS.);
#1648 = CARTESIAN_POINT('',(122.9120239799,39.3538369349,-67.70941061218
    ));
#1649 = CARTESIAN_POINT('',(122.7026749518,40.83711240461,-66.8805987036
    ));
#1650 = CARTESIAN_POINT('',(122.1475220384,43.83679964776,-65.0950320682
    ));
#1651 = CARTESIAN_POINT('',(120.8041945624,48.34615047448,
    -62.05302250437));
#1652 = CARTESIAN_POINT('',(118.6989039207,52.95740971736,
    -58.51405310044));
#1653 = CARTESIAN_POINT('',(115.9213394316,57.03646805302,-54.9469692439
    ));
#1654 = CARTESIAN_POINT('',(112.8730182167,60.23786175487,
    -51.81212635771));
#1655 = CARTESIAN_POINT('',(109.5569501554,62.85430669189,
    -48.98655913601));
#1656 = CARTESIAN_POINT('',(105.5376661213,65.22803737982,
    -46.15122717938));
#1657 = CARTESIAN_POINT('',(101.9457227305,66.69000750859,-44.1546106123
    ));
#1658 = CARTESIAN_POINT('',(99.9084495502,67.32106863935,-43.20484187017
    ));
#1659 = ORIENTED_EDGE('',*,*,#1660,.T.);
#1660 = EDGE_CURVE('',#1645,#1661,#1663,.T.);
#1661 = VERTEX_POINT('',#1662);
#1662 = CARTESIAN_POINT('',(113.7433631018,44.17786923118,
    -65.90089137849));
#1663 = B_SPLINE_CURVE_WITH_KNOTS('',4,(#1664,#1665,#1666,#1667,#1668),
  .UNSPECIFIED.,.F.,.F.,(5,5),(0.,1.),.PIECEWISE_BEZIER_KNOTS.);
#1664 = CARTESIAN_POINT('',(122.91202429542,39.353839111249,
    -67.70941609562));
#1665 = CARTESIAN_POINT('',(120.63114629334,40.610321887904,
    -67.34198719359));
#1666 = CARTESIAN_POINT('',(118.34158233144,41.834322368268,
    -66.91732446479));
#1667 = CARTESIAN_POINT('',(116.04506315477,43.024016764197,
    -66.43660446358));
#1668 = CARTESIAN_POINT('',(113.74336310182,44.177869231182,
    -65.90089137848));
#1669 = ORIENTED_EDGE('',*,*,#1670,.T.);
#1670 = EDGE_CURVE('',#1661,#1671,#1673,.T.);
#1671 = VERTEX_POINT('',#1672);
#1672 = CARTESIAN_POINT('',(116.007137184,37.06803313235,-69.91074659375
    ));
#1673 = B_SPLINE_CURVE_WITH_KNOTS('',4,(#1674,#1675,#1676,#1677,#1678),
  .UNSPECIFIED.,.F.,.F.,(5,5),(0.,1.),.PIECEWISE_BEZIER_KNOTS.);
#1674 = CARTESIAN_POINT('',(113.74336310182,44.177869231182,
    -65.90089137848));
#1675 = CARTESIAN_POINT('',(114.45891766588,42.486485409099,
    -66.96081618065));
#1676 = CARTESIAN_POINT('',(115.06846527542,40.731661552415,
    -67.98910664552));
#1677 = CARTESIAN_POINT('',(115.58142603804,38.922053266307,
    -68.97517484058));
#1678 = CARTESIAN_POINT('',(116.00713718484,37.068033134357,
    -69.91074659736));
#1679 = ORIENTED_EDGE('',*,*,#1680,.T.);
#1680 = EDGE_CURVE('',#1671,#362,#1681,.T.);
#1681 = B_SPLINE_CURVE_WITH_KNOTS('',6,(#1682,#1683,#1684,#1685,#1686,
    #1687,#1688),.UNSPECIFIED.,.F.,.F.,(7,7),(0.,1.),
  .PIECEWISE_BEZIER_KNOTS.);
#1682 = CARTESIAN_POINT('',(116.00713718484,37.068033134357,
    -69.91074659736));
#1683 = CARTESIAN_POINT('',(113.07259872621,38.62390510197,
    -69.4129863414));
#1684 = CARTESIAN_POINT('',(110.12854323835,40.134580468596,
    -68.83017695512));
#1685 = CARTESIAN_POINT('',(107.17699768605,41.596893564371,
    -68.16421150736));
#1686 = CARTESIAN_POINT('',(104.22066718654,43.008983751684,
    -67.41626066354));
#1687 = CARTESIAN_POINT('',(101.26101823769,44.367081325859,
    -66.58884213914));
#1688 = CARTESIAN_POINT('',(98.299999999996,45.668338483303,
    -65.68411421473));
#1689 = ORIENTED_EDGE('',*,*,#361,.F.);
#1690 = ORIENTED_EDGE('',*,*,#1498,.F.);
#1691 = ORIENTED_EDGE('',*,*,#1486,.F.);
#1692 = ORIENTED_EDGE('',*,*,#660,.T.);
#1693 = ORIENTED_EDGE('',*,*,#1694,.T.);
#1694 = EDGE_CURVE('',#634,#1586,#1695,.T.);
#1695 = B_SPLINE_CURVE_WITH_KNOTS('',3,(#1696,#1697,#1698,#1699),
  .UNSPECIFIED.,.F.,.F.,(4,4),(0.,1.),.PIECEWISE_BEZIER_KNOTS.);
#1696 = CARTESIAN_POINT('',(98.299999999996,42.44496215697,
    67.81168916561));
#1697 = CARTESIAN_POINT('',(98.835744975608,42.701148398195,
    67.651336054698));
#1698 = CARTESIAN_POINT('',(99.372770478085,42.953235394749,
    67.488727595031));
#1699 = CARTESIAN_POINT('',(99.908453437398,43.205076616368,
    67.32143439946));
#1700 = SURFACE_OF_REVOLUTION('',#1701,#1706);
#1701 = CIRCLE('',#1702,180.625);
#1702 = AXIS2_PLACEMENT_3D('',#1703,#1704,#1705);
#1703 = CARTESIAN_POINT('',(98.3,6.318296027638,100.42643954809));
#1704 = DIRECTION('',(1.387778780781E-17,0.998026728428,
    -6.279051952932E-02));
#1705 = DIRECTION('',(0.83044982699,-3.498018562014E-02,-0.555994128986)
  );
#1706 = AXIS1_PLACEMENT('',#1707,#1708);
#1707 = CARTESIAN_POINT('',(98.3,0.,2.186350131875E-14));
#1708 = DIRECTION('',(1.,0.,2.22044604925E-16));
#1709 = ADVANCED_FACE('',(#1710),#1807,.F.);
#1710 = FACE_BOUND('',#1711,.F.);
#1711 = EDGE_LOOP('',(#1712,#1727,#1728,#1737));
#1712 = ORIENTED_EDGE('',*,*,#1713,.T.);
#1713 = EDGE_CURVE('',#1714,#371,#1716,.T.);
#1714 = VERTEX_POINT('',#1715);
#1715 = CARTESIAN_POINT('',(-88.21086192336,74.25029176026,
    51.60384568675));
#1716 = B_SPLINE_CURVE_WITH_KNOTS('',3,(#1717,#1718,#1719,#1720,#1721,
    #1722,#1723,#1724,#1725,#1726),.UNSPECIFIED.,.F.,.F.,(4,1,1,1,1,1,1,
    4),(0.,0.142857142857,0.285714285714,0.428571428571,0.571428571429,
    0.714285714286,0.857142857143,1.),.UNSPECIFIED.);
#1717 = CARTESIAN_POINT('',(-88.21086192336,74.25029176026,
    51.60384568675));
#1718 = CARTESIAN_POINT('',(-88.28910441671,73.64377688051,51.3162556336
    ));
#1719 = CARTESIAN_POINT('',(-88.62440340209,72.42202269621,
    50.67747754504));
#1720 = CARTESIAN_POINT('',(-89.71710456349,70.64998270611,
    49.51267763924));
#1721 = CARTESIAN_POINT('',(-91.32917757113,69.13752055713,
    48.16903566234));
#1722 = CARTESIAN_POINT('',(-93.21001238666,68.05769927711,
    46.74084996152));
#1723 = CARTESIAN_POINT('',(-95.38481585452,67.42164034153,45.1228334416
    ));
#1724 = CARTESIAN_POINT('',(-97.61402679152,67.42207918659,
    43.43333703089));
#1725 = CARTESIAN_POINT('',(-98.92497212342,67.83629925779,
    42.40936345844));
#1726 = CARTESIAN_POINT('',(-99.53525780075,68.13166216154,41.9294240689
    ));
#1727 = ORIENTED_EDGE('',*,*,#370,.F.);
#1728 = ORIENTED_EDGE('',*,*,#1729,.F.);
#1729 = EDGE_CURVE('',#1730,#362,#1732,.T.);
#1730 = VERTEX_POINT('',#1731);
#1731 = CARTESIAN_POINT('',(102.78253101488,55.393378282731,
    -65.90872443371));
#1732 = CIRCLE('',#1733,10.);
#1733 = AXIS2_PLACEMENT_3D('',#1734,#1735,#1736);
#1734 = CARTESIAN_POINT('',(98.3000000012,51.37688079316,-73.89462849197
    ));
#1735 = DIRECTION('',(0.868572472433,-0.406882023708,-0.28289375906));
#1736 = DIRECTION('',(0.448253101368,0.401649748957,0.798590405826));
#1737 = ORIENTED_EDGE('',*,*,#1738,.T.);
#1738 = EDGE_CURVE('',#1730,#1714,#1739,.T.);
#1739 = B_SPLINE_CURVE_WITH_KNOTS('',14,(#1740,#1741,#1742,#1743,#1744,
    #1745,#1746,#1747,#1748,#1749,#1750,#1751,#1752,#1753,#1754,#1755,
    #1756,#1757,#1758,#1759,#1760,#1761,#1762,#1763,#1764,#1765,#1766,
    #1767,#1768,#1769,#1770,#1771,#1772,#1773,#1774,#1775,#1776,#1777,
    #1778,#1779,#1780,#1781,#1782,#1783,#1784,#1785,#1786,#1787,#1788,
    #1789,#1790,#1791,#1792,#1793,#1794,#1795,#1796,#1797,#1798,#1799,
    #1800,#1801,#1802,#1803,#1804,#1805,#1806),.UNSPECIFIED.,.F.,.F.,(15
    ,13,13,13,13,15),(0.,0.250546670534,0.357841073911,0.515361013018,
    0.732553661873,1.),.UNSPECIFIED.);
#1740 = CARTESIAN_POINT('',(102.78253101371,55.393378283267,
    -65.90872443332));
#1741 = CARTESIAN_POINT('',(99.162106152849,57.005277428913,
    -64.68726249503));
#1742 = CARTESIAN_POINT('',(95.556792878839,58.608105575906,
    -63.40765531869));
#1743 = CARTESIAN_POINT('',(91.966609796699,60.19918471041,
    -62.06885364399));
#1744 = CARTESIAN_POINT('',(88.393014738867,61.773438820003,
    -60.67005674668));
#1745 = CARTESIAN_POINT('',(84.833860531459,63.331172976089,
    -59.21066820372));
#1746 = CARTESIAN_POINT('',(81.29162081618,64.865802019641,
    -57.69041268746));
#1747 = CARTESIAN_POINT('',(77.765858900095,66.374277433792,
    -56.10911727972));
#1748 = CARTESIAN_POINT('',(74.25467631449,67.856203567703,
    -54.46696157201));
#1749 = CARTESIAN_POINT('',(70.759177365637,69.307155410378,
    -52.76448245691));
#1750 = CARTESIAN_POINT('',(67.280207391196,70.721655343033,
    -51.00217977384));
#1751 = CARTESIAN_POINT('',(63.815557329738,72.098039856915,
    -49.18072378152));
#1752 = CARTESIAN_POINT('',(60.366118710031,73.432432244705,
    -47.30170364556));
#1753 = CARTESIAN_POINT('',(56.93108394103,74.721324540012,
    -45.36650100025));
#1754 = CARTESIAN_POINT('',(52.044874006454,76.492424154726,
    -42.52492382426));
#1755 = CARTESIAN_POINT('',(50.582350267163,77.014499174098,
    -41.66293930205));
#1756 = CARTESIAN_POINT('',(49.122336017314,77.52737315858,
    -40.79113489227));
#1757 = CARTESIAN_POINT('',(47.664788480912,78.030791163534,
    -39.90966659926));
#1758 = CARTESIAN_POINT('',(46.209661221993,78.524488548868,
    -39.01869757584));
#1759 = CARTESIAN_POINT('',(44.756904305564,79.008200664886,
    -38.11840007082));
#1760 = CARTESIAN_POINT('',(43.306464490501,79.481669858331,
    -37.20895678591));
#1761 = CARTESIAN_POINT('',(41.858285300112,79.944649720656,
    -36.29056161906));
#1762 = CARTESIAN_POINT('',(40.412307174738,80.396906681384,
    -35.3634198248));
#1763 = CARTESIAN_POINT('',(38.968467474169,80.838218829878,
    -34.42774755656));
#1764 = CARTESIAN_POINT('',(37.526700557525,81.268372079977,
    -33.48377082559));
#1765 = CARTESIAN_POINT('',(36.086937747807,81.687153580248,
    -32.53172384695));
#1766 = CARTESIAN_POINT('',(34.649107321796,82.094342441271,
    -31.57184679422));
#1767 = CARTESIAN_POINT('',(31.104968921165,83.07012262031,
    -29.18404003188));
#1768 = CARTESIAN_POINT('',(29.000807878457,83.625118556336,
    -27.7473508904));
#1769 = CARTESIAN_POINT('',(26.900409860412,84.153716525548,
    -26.2951051591));
#1770 = CARTESIAN_POINT('',(24.803537204765,84.65630666805,
    -24.8281859011));
#1771 = CARTESIAN_POINT('',(22.709923975962,85.131373227309,
    -23.34740230581));
#1772 = CARTESIAN_POINT('',(20.619290571031,85.578041734061,
    -21.85364466775));
#1773 = CARTESIAN_POINT('',(18.531354730391,85.996572594848,
    -20.3479037912));
#1774 = CARTESIAN_POINT('',(16.445829273443,86.387006673329,
    -18.83118081055));
#1775 = CARTESIAN_POINT('',(14.362414622424,86.748378757685,
    -17.30443827029));
#1776 = CARTESIAN_POINT('',(12.280796546069,87.079632319524,
    -15.76865694225));
#1777 = CARTESIAN_POINT('',(10.200652364833,87.380960332973,
    -14.22491276398));
#1778 = CARTESIAN_POINT('',(8.121659641262,87.65313062647,
    -12.67432224071));
#1779 = CARTESIAN_POINT('',(6.043496095522,87.894796987095,
    -11.11787018346));
#1780 = CARTESIAN_POINT('',(1.101078121819,88.397729095469,
    -7.404066173761));
#1781 = CARTESIAN_POINT('',(-1.762738411846,88.631531975762,
    -5.242452306989));
#1782 = CARTESIAN_POINT('',(-4.62641132389,88.808526049728,
    -3.074391145935));
#1783 = CARTESIAN_POINT('',(-7.491320452681,88.921526233015,
    -0.904338970823));
#1784 = CARTESIAN_POINT('',(-10.35651307203,89.003423759206,
    1.271025845147));
#1785 = CARTESIAN_POINT('',(-13.22759492815,88.953039668355,
    3.432394766174));
#1786 = CARTESIAN_POINT('',(-16.09672907167,88.984245745945,
    5.608316130776));
#1787 = CARTESIAN_POINT('',(-18.97663892388,88.780423138101,
    7.752296557092));
#1788 = CARTESIAN_POINT('',(-21.85619872855,88.684406155432,
    9.90662839462));
#1789 = CARTESIAN_POINT('',(-24.74508470143,88.428185333085,
    12.034707033774));
#1790 = CARTESIAN_POINT('',(-27.63932885119,88.166336422655,
    14.152570242573));
#1791 = CARTESIAN_POINT('',(-30.54143353071,87.838113619381,
    16.250712128809));
#1792 = CARTESIAN_POINT('',(-33.45161972143,87.462451675613,
    18.32876651225));
#1793 = CARTESIAN_POINT('',(-39.96499392384,86.514496323274,22.91529631)
  );
#1794 = CARTESIAN_POINT('',(-43.57271414771,85.917377900296,
    25.412194675876));
#1795 = CARTESIAN_POINT('',(-47.1949789227,85.248305004551,
    27.870636142361));
#1796 = CARTESIAN_POINT('',(-50.83267320061,84.515787696008,
    30.288491031927));
#1797 = CARTESIAN_POINT('',(-54.48711648843,83.711393350415,
    32.659152347221));
#1798 = CARTESIAN_POINT('',(-58.15876783624,82.852621975704,
    34.983169682432));
#1799 = CARTESIAN_POINT('',(-61.84855214936,81.936109262403,
    37.256533312696));
#1800 = CARTESIAN_POINT('',(-65.5566996429,80.964422232107,
    39.476175195375));
#1801 = CARTESIAN_POINT('',(-69.28368780723,79.946891391542,
    41.641650301215));
#1802 = CARTESIAN_POINT('',(-73.03037257206,78.882116736964,
    43.750694166789));
#1803 = CARTESIAN_POINT('',(-76.79620491806,77.776661190938,
    45.801950361488));
#1804 = CARTESIAN_POINT('',(-80.58176168802,76.633363402579,
    47.794854560019));
#1805 = CARTESIAN_POINT('',(-84.38675881528,75.456162794362,
    49.728646131157));
#1806 = CARTESIAN_POINT('',(-88.21105237447,74.248823363907,
    51.60315725477));
#1807 = ( BOUNDED_SURFACE() B_SPLINE_SURFACE(3,3,(
    (#1808,#1809,#1810,#1811,#1812,#1813,#1814,#1815,#1816,#1817,#1818
      ,#1819,#1820,#1821,#1822,#1823,#1824,#1825,#1826,#1827,#1828,#1829
      )
    ,(#1830,#1831,#1832,#1833,#1834,#1835,#1836,#1837,#1838,#1839,#1840
      ,#1841,#1842,#1843,#1844,#1845,#1846,#1847,#1848,#1849,#1850,#1851
      )
    ,(#1852,#1853,#1854,#1855,#1856,#1857,#1858,#1859,#1860,#1861,#1862
      ,#1863,#1864,#1865,#1866,#1867,#1868,#1869,#1870,#1871,#1872,#1873
      )
    ,(#1874,#1875,#1876,#1877,#1878,#1879,#1880,#1881,#1882,#1883,#1884
      ,#1885,#1886,#1887,#1888,#1889,#1890,#1891,#1892,#1893,#1894,#1895
)),.UNSPECIFIED.,.F.,.F.,.F.) B_SPLINE_SURFACE_WITH_KNOTS((4,4),(4,1,1,1
    ,1,1,1,1,1,1,1,1,1,1,1,1,1,1,1,4),(0.,1.),(0.663201887637,
    0.674435634907,0.694423951983,0.716668931761,0.739295775514,
    0.760223478981,0.779133931,0.796689716536,0.813671979432,
    0.830727335831,0.848074998807,0.865306737647,0.882155566658,
    0.899274624817,0.91734032537,0.935935852669,0.955334071415,
    0.976399691647,1.,1.003288082274),.UNSPECIFIED.) 
GEOMETRIC_REPRESENTATION_ITEM() RATIONAL_B_SPLINE_SURFACE((
    (1.242624195639,1.242624195639,1.242624195639,1.242624195639
      ,1.242624195639,1.242624195639,1.242624195639,1.242624195639
      ,1.242624195639,1.242624195639,1.242624195639,1.242624195639
      ,1.242624195639,1.242624195639,1.242624195639,1.242624195639
      ,1.242624195639,1.242624195639,1.242624195639,1.242624195639
      ,1.242624195639,1.242624195639)
    ,(0.91912526812,0.91912526812,0.91912526812,0.91912526812
      ,0.91912526812,0.91912526812,0.91912526812,0.91912526812
      ,0.91912526812,0.91912526812,0.91912526812,0.91912526812
      ,0.91912526812,0.91912526812,0.91912526812,0.91912526812
      ,0.91912526812,0.91912526812,0.91912526812,0.91912526812
      ,0.91912526812,0.91912526812)
    ,(0.91912526812,0.91912526812,0.91912526812,0.91912526812
      ,0.91912526812,0.91912526812,0.91912526812,0.91912526812
      ,0.91912526812,0.91912526812,0.91912526812,0.91912526812
      ,0.91912526812,0.91912526812,0.91912526812,0.91912526812
      ,0.91912526812,0.91912526812,0.91912526812,0.91912526812
      ,0.91912526812,0.91912526812)
    ,(1.242624195639,1.242624195639,1.242624195639,1.242624195639
      ,1.242624195639,1.242624195639,1.242624195639,1.242624195639
      ,1.242624195639,1.242624195639,1.242624195639,1.242624195639
      ,1.242624195639,1.242624195639,1.242624195639,1.242624195639
      ,1.242624195639,1.242624195639,1.242624195639,1.242624195639
,1.242624195639,1.242624195639))) REPRESENTATION_ITEM('') SURFACE() );
#1808 = CARTESIAN_POINT('',(-96.75863022226,72.50519141207,56.1581468657
    ));
#1809 = CARTESIAN_POINT('',(-94.38297628565,73.32916725676,55.0904597821
    ));
#1810 = CARTESIAN_POINT('',(-87.80726922136,75.58625128718,
    52.03054993431));
#1811 = CARTESIAN_POINT('',(-76.67889194071,79.25438550952,
    46.34772261606));
#1812 = CARTESIAN_POINT('',(-63.40262328456,83.25352820292,
    38.74333030276));
#1813 = CARTESIAN_POINT('',(-50.17227569054,86.66630907085,
    30.32096420051));
#1814 = CARTESIAN_POINT('',(-37.81658925895,89.17038942726,
    21.76983318067));
#1815 = CARTESIAN_POINT('',(-26.61279748408,90.75805795955,
    13.55092256795));
#1816 = CARTESIAN_POINT('',(-16.28155588727,91.57303994894,
    5.686273093756));
#1817 = CARTESIAN_POINT('',(-6.37739721589,91.72275784159,
    -2.005960931473));
#1818 = CARTESIAN_POINT('',(3.4459462178,91.23480137933,-9.674401927566)
  );
#1819 = CARTESIAN_POINT('',(13.3034444766,90.10285767753,-17.29437166365
    ));
#1820 = CARTESIAN_POINT('',(23.1358856444,88.3559608007,-24.70779324913)
  );
#1821 = CARTESIAN_POINT('',(32.9640730152,86.04637085238,-31.83569288126
    ));
#1822 = CARTESIAN_POINT('',(43.014641101,83.17028861781,-38.75555570096)
  );
#1823 = CARTESIAN_POINT('',(53.4896639311,79.69429052818,-45.49968219982
    ));
#1824 = CARTESIAN_POINT('',(64.5210307822,75.60373945805,-52.03333791648
    ));
#1825 = CARTESIAN_POINT('',(76.2797460633,70.87713292897,-58.33514921568
    ));
#1826 = CARTESIAN_POINT('',(89.202938492,65.37949920358,-64.4742358411)
  );
#1827 = CARTESIAN_POINT('',(99.019737581,61.0525061411,-68.4911975856));
#1828 = CARTESIAN_POINT('',(104.5704020458,58.58778253029,
    -70.55313281153));
#1829 = CARTESIAN_POINT('',(105.2498595085,58.28587285787,
    -70.80244022034));
#1830 = CARTESIAN_POINT('',(-96.30631698342,66.08520271833,
    53.05380078862));
#1831 = CARTESIAN_POINT('',(-93.92645298718,66.86562604319,
    52.07679640285));
#1832 = CARTESIAN_POINT('',(-87.33913243258,69.00526367392,49.2750780536
    ));
#1833 = CARTESIAN_POINT('',(-76.19149414344,72.49215429973,
    44.06354219708));
#1834 = CARTESIAN_POINT('',(-62.89357221671,76.31260651064,
    37.07667197553));
#1835 = CARTESIAN_POINT('',(-49.6439483365,79.59899248211,29.32520664701
    ));
#1836 = CARTESIAN_POINT('',(-37.27318084204,82.04300719296,
    21.44451282035));
#1837 = CARTESIAN_POINT('',(-26.05870962807,83.6320776975,13.86197301006
    ));
#1838 = CARTESIAN_POINT('',(-15.72049281362,84.50023132434,
    6.600005933115));
#1839 = CARTESIAN_POINT('',(-5.81244613771,84.75057979219,
    -0.508222626021));
#1840 = CARTESIAN_POINT('',(4.0119407961,84.41178119885,-7.599830201256)
  );
#1841 = CARTESIAN_POINT('',(13.867662813,83.47861173426,-14.6523149268)
  );
#1842 = CARTESIAN_POINT('',(23.6956367452,81.97641355391,-21.5198261364)
  );
#1843 = CARTESIAN_POINT('',(33.5169235841,79.95283231128,-28.12955288342
    ));
#1844 = CARTESIAN_POINT('',(43.5582375464,77.40591873222,-34.55388645542
    ));
#1845 = CARTESIAN_POINT('',(54.0215998004,74.30568426952,-40.82391605184
    ));
#1846 = CARTESIAN_POINT('',(65.0389093044,70.63828593271,-46.90871936742
    ));
#1847 = CARTESIAN_POINT('',(76.7811627819,66.38354575643,-52.78982539607
    ));
#1848 = CARTESIAN_POINT('',(89.6850825786,61.41808797217,-58.53394846609
    ));
#1849 = CARTESIAN_POINT('',(99.4866864673,57.49812745001,-62.30523427875
    ));
#1850 = CARTESIAN_POINT('',(105.0287040252,55.26180728896,
    -64.24546670922));
#1851 = CARTESIAN_POINT('',(105.7071024433,54.98782508935,
    -64.48012971741));
#1852 = CARTESIAN_POINT('',(-98.76510833138,64.17447836337,
    46.62252710357));
#1853 = CARTESIAN_POINT('',(-96.40813037361,64.85524993953,
    45.68387885145));
#1854 = CARTESIAN_POINT('',(-89.88394117809,66.71699841687,
    42.99658708453));
#1855 = CARTESIAN_POINT('',(-78.84100643719,69.72676057745,
    38.01934510633));
#1856 = CARTESIAN_POINT('',(-65.66079248315,72.97691519779,
    31.38078997946));
#1857 = CARTESIAN_POINT('',(-52.51595520137,75.70745928506,
    24.04968209963));
#1858 = CARTESIAN_POINT('',(-40.22716891753,77.6570332503,16.62418562567
    ));
#1859 = CARTESIAN_POINT('',(-29.070751526,78.82796200697,9.50041190302)
  );
#1860 = CARTESIAN_POINT('',(-18.77045225035,79.34245944245,
    2.694024608228));
#1861 = CARTESIAN_POINT('',(-8.88354090962,79.28702190417,
    -3.954129185387));
#1862 = CARTESIAN_POINT('',(0.9351735192,78.68027428442,-10.57286427108)
  );
#1863 = CARTESIAN_POINT('',(10.8005512525,77.51575419317,-17.1403523822)
  );
#1864 = CARTESIAN_POINT('',(20.6528092412,75.82100990162,-23.51960168188
    ));
#1865 = CARTESIAN_POINT('',(30.5116076244,73.64227558021,-29.64208192617
    ));
#1866 = CARTESIAN_POINT('',(40.603227341,70.97369068124,-35.57345905963)
  );
#1867 = CARTESIAN_POINT('',(51.1299769146,67.78488716513,-41.33960128531
    ));
#1868 = CARTESIAN_POINT('',(62.2237026721,64.06373801264,-46.90854944991
    ));
#1869 = CARTESIAN_POINT('',(74.055443118,59.79216759618,-52.2597187061)
  );
#1870 = CARTESIAN_POINT('',(87.0641296485,54.85129827571,-57.44815636267
    ));
#1871 = CARTESIAN_POINT('',(96.9483352032,50.9820289569,-60.82202765859)
  );
#1872 = CARTESIAN_POINT('',(102.5373576638,48.78372358268,
    -62.54659115442));
#1873 = CARTESIAN_POINT('',(103.2215130871,48.51453092748,
    -62.75499060179));
#1874 = CARTESIAN_POINT('',(-102.2146738069,68.2653052714,41.88718826648
    ));
#1875 = CARTESIAN_POINT('',(-99.88980385554,68.86815447,40.90461321855)
  );
#1876 = CARTESIAN_POINT('',(-93.4541849069,70.50860409835,38.09861528605
    ));
#1877 = CARTESIAN_POINT('',(-82.5581441859,73.11799305386,32.93568471007
    ));
#1878 = CARTESIAN_POINT('',(-69.54306883101,75.85164873755,
    26.10420154961));
#1879 = CARTESIAN_POINT('',(-56.54524208453,78.03101972345,
    18.61460616138));
#1880 = CARTESIAN_POINT('',(-44.37147147863,79.43793896436,
    11.07355539824));
#1881 = CARTESIAN_POINT('',(-33.29650079536,80.09775340978,
    3.872644044165));
#1882 = CARTESIAN_POINT('',(-23.04939799483,80.1279743841,
    -2.981076564592));
#1883 = CARTESIAN_POINT('',(-13.1921385083,79.59915492204,
    -9.652407382641));
#1884 = CARTESIAN_POINT('',(-3.38138233009,78.51662114123,-16.271547097)
  );
#1885 = CARTESIAN_POINT('',(6.4975419071,76.87131175532,-22.81531218929)
  );
#1886 = CARTESIAN_POINT('',(16.3838692538,74.69715618667,-29.14528345946
    ));
#1887 = CARTESIAN_POINT('',(26.2952945214,72.04328246623,-35.19198595886
    ));
#1888 = CARTESIAN_POINT('',(36.457490781,68.89721228617,-41.01798133174)
  );
#1889 = CARTESIAN_POINT('',(47.0731697018,65.22467998632,-46.64398470932
    ));
#1890 = CARTESIAN_POINT('',(58.2741037712,61.01485617135,-52.03296087053
    ));
#1891 = CARTESIAN_POINT('',(70.2313901107,56.25090343799,-57.15884557877
    ));
#1892 = CARTESIAN_POINT('',(83.3870593073,50.80783136958,-62.06486952985
    ));
#1893 = CARTESIAN_POINT('',(93.3871510088,46.59332179012,-65.1999707918)
  );
#1894 = CARTESIAN_POINT('',(99.042119077,44.21295276841,-66.7833379163)
  );
#1895 = CARTESIAN_POINT('',(99.7343513004,43.92167106694,-66.97436663763
    ));
#1896 = ADVANCED_FACE('',(#1897),#1976,.T.);
#1897 = FACE_BOUND('',#1898,.T.);
#1898 = EDGE_LOOP('',(#1899,#1934,#1943,#1949,#1950,#1951,#1959));
#1899 = ORIENTED_EDGE('',*,*,#1900,.T.);
#1900 = EDGE_CURVE('',#1901,#1903,#1905,.T.);
#1901 = VERTEX_POINT('',#1902);
#1902 = CARTESIAN_POINT('',(-63.64910310835,73.887019952746,
    48.171190582422));
#1903 = VERTEX_POINT('',#1904);
#1904 = CARTESIAN_POINT('',(-51.82511515985,194.69010990684,
    95.336560249922));
#1905 = B_SPLINE_CURVE_WITH_KNOTS('',14,(#1906,#1907,#1908,#1909,#1910,
    #1911,#1912,#1913,#1914,#1915,#1916,#1917,#1918,#1919,#1920,#1921,
    #1922,#1923,#1924,#1925,#1926,#1927,#1928,#1929,#1930,#1931,#1932,
    #1933),.UNSPECIFIED.,.F.,.F.,(15,13,15),(0.,0.365082946342,1.),
  .UNSPECIFIED.);
#1906 = CARTESIAN_POINT('',(-63.64911342555,73.887014601096,
    48.171195099696));
#1907 = CARTESIAN_POINT('',(-63.31814268106,77.05848091966,
    49.34021058913));
#1908 = CARTESIAN_POINT('',(-62.98998113247,80.229070488699,
    50.512305490576));
#1909 = CARTESIAN_POINT('',(-62.66449172483,83.398784983218,
    51.687436095135));
#1910 = CARTESIAN_POINT('',(-62.34151249757,86.56748318545,
    52.865911906905));
#1911 = CARTESIAN_POINT('',(-62.02090064725,89.735135958866,
    54.04776542689));
#1912 = CARTESIAN_POINT('',(-61.70251917311,92.901748828674,
    55.232943466096));
#1913 = CARTESIAN_POINT('',(-61.38622033676,96.067266293857,
    56.421543744573));
#1914 = CARTESIAN_POINT('',(-61.07184575582,99.231572148426,
    57.613813981208));
#1915 = CARTESIAN_POINT('',(-60.75923993553,102.39456790709,
    58.809958182551));
#1916 = CARTESIAN_POINT('',(-60.44826291287,105.55624572517,
    60.009956253914));
#1917 = CARTESIAN_POINT('',(-60.138787831,108.71667445992,61.21359857762
    ));
#1918 = CARTESIAN_POINT('',(-59.83068135059,111.87588611369,
    62.420766601417));
#1919 = CARTESIAN_POINT('',(-59.52378819315,115.03378638668,
    63.631653989642));
#1920 = CARTESIAN_POINT('',(-58.68613785715,123.68012221713,
    66.958203001485));
#1921 = CARTESIAN_POINT('',(-58.1576812015,129.16598433873,
    69.081094544654));
#1922 = CARTESIAN_POINT('',(-57.63066705224,134.64773567928,
    71.215442480347));
#1923 = CARTESIAN_POINT('',(-57.11038125766,140.12655871106,
    73.357139000507));
#1924 = CARTESIAN_POINT('',(-56.57726574834,145.59865492059,
    75.518421240226));
#1925 = CARTESIAN_POINT('',(-56.07044244342,151.07199228525,
    77.672916115671));
#1926 = CARTESIAN_POINT('',(-55.53106198145,156.53489478841,
    79.858710596774));
#1927 = CARTESIAN_POINT('',(-55.01509269291,161.99870906188,
    82.038345433484));
#1928 = CARTESIAN_POINT('',(-54.48673462618,167.45638140165,
    84.234740400889));
#1929 = CARTESIAN_POINT('',(-53.9589345311,172.91063263615,86.4387413725
    ));
#1930 = CARTESIAN_POINT('',(-53.4298983467,178.36122805346,
    88.650892628221));
#1931 = CARTESIAN_POINT('',(-52.89774123537,183.80791487206,
    90.871797903222));
#1932 = CARTESIAN_POINT('',(-52.36302578067,189.25093110558,
    93.10045049863));
#1933 = CARTESIAN_POINT('',(-51.82510647819,194.69027254371,
    95.336638613281));
#1934 = ORIENTED_EDGE('',*,*,#1935,.F.);
#1935 = EDGE_CURVE('',#1936,#1903,#1938,.T.);
#1936 = VERTEX_POINT('',#1937);
#1937 = CARTESIAN_POINT('',(-73.22841730262,190.37410986,106.6657202244)
  );
#1938 = CIRCLE('',#1939,30.00000000006);
#1939 = AXIS2_PLACEMENT_3D('',#1940,#1941,#1942);
#1940 = CARTESIAN_POINT('',(-75.9485275279,203.4601305443,79.80762874311
    ));
#1941 = DIRECTION('',(4.803357124156E-02,0.899838970966,0.433569604982)
  );
#1942 = DIRECTION('',(9.067010243104E-02,-0.436206605155,0.895266848568)
  );
#1943 = ORIENTED_EDGE('',*,*,#1944,.T.);
#1944 = EDGE_CURVE('',#1936,#1714,#1945,.T.);
#1945 = LINE('',#1946,#1947);
#1946 = CARTESIAN_POINT('',(-73.22841730262,190.37410986,106.6657202244)
  );
#1947 = VECTOR('',#1948,1.);
#1948 = DIRECTION('',(-0.115795494354,-0.897491381651,-0.425559189008));
#1949 = ORIENTED_EDGE('',*,*,#1713,.T.);
#1950 = ORIENTED_EDGE('',*,*,#429,.T.);
#1951 = ORIENTED_EDGE('',*,*,#1952,.T.);
#1952 = EDGE_CURVE('',#430,#1953,#1955,.T.);
#1953 = VERTEX_POINT('',#1954);
#1954 = CARTESIAN_POINT('',(-88.54981981779,71.62291975265,
    50.35802029816));
#1955 = LINE('',#1956,#1957);
#1956 = CARTESIAN_POINT('',(-89.44452392308,64.68749199188,
    47.06939961165));
#1957 = VECTOR('',#1958,1.);
#1958 = DIRECTION('',(0.115780451865,0.897488851644,0.425568617429));
#1959 = ORIENTED_EDGE('',*,*,#1960,.T.);
#1960 = EDGE_CURVE('',#1953,#1901,#1961,.T.);
#1961 = B_SPLINE_CURVE_WITH_KNOTS('',3,(#1962,#1963,#1964,#1965,#1966,
    #1967,#1968,#1969,#1970,#1971,#1972,#1973,#1974,#1975),
  .UNSPECIFIED.,.F.,.F.,(4,1,1,1,1,1,1,1,1,1,1,4),(0.,9.090909090909E-02
    ,0.181818181818,0.272727272727,0.363636363636,0.454545454545,
    0.545454545455,0.636363636364,0.727272727273,0.818181818182,
    0.909090909091,1.),.UNSPECIFIED.);
#1962 = CARTESIAN_POINT('',(-88.54981981779,71.62291975265,
    50.35802029816));
#1963 = CARTESIAN_POINT('',(-87.82002047698,71.43713261359,
    50.53684262991));
#1964 = CARTESIAN_POINT('',(-86.31582399819,71.09828697697,50.858506407)
  );
#1965 = CARTESIAN_POINT('',(-83.85643136473,70.70901734733,
    51.22223800448));
#1966 = CARTESIAN_POINT('',(-81.423960062,70.49234658983,51.42497399096)
  );
#1967 = CARTESIAN_POINT('',(-79.07443215035,70.43644595373,51.482443061)
  );
#1968 = CARTESIAN_POINT('',(-76.77451312132,70.52747863918,
    51.40830010928));
#1969 = CARTESIAN_POINT('',(-74.52129217937,70.75703452557,
    51.20857866494));
#1970 = CARTESIAN_POINT('',(-72.30471110699,71.11907245274,
    50.88477677315));
#1971 = CARTESIAN_POINT('',(-70.1190953623,71.60922948435,50.43468530092
    ));
#1972 = CARTESIAN_POINT('',(-67.94750230177,72.23023408072,
    49.84659553545));
#1973 = CARTESIAN_POINT('',(-65.81729577665,72.97022404494,
    49.12012695515));
#1974 = CARTESIAN_POINT('',(-64.36995742878,73.566370564,48.50925815175)
  );
#1975 = CARTESIAN_POINT('',(-63.64942842579,73.88727234669,
    48.17071292708));
#1976 = ( BOUNDED_SURFACE() B_SPLINE_SURFACE(3,3,(
    (#1977,#1978,#1979,#1980,#1981,#1982,#1983)
    ,(#1984,#1985,#1986,#1987,#1988,#1989,#1990)
    ,(#1991,#1992,#1993,#1994,#1995,#1996,#1997)
    ,(#1998,#1999,#2000,#2001,#2002,#2003,#2004
)),.UNSPECIFIED.,.F.,.F.,.F.) B_SPLINE_SURFACE_WITH_KNOTS((4,4),(4,1,1,1
    ,4),(0.,1.),(0.806286055882,0.860509206698,0.93474520145,1.,
1.00191409495),.UNSPECIFIED.) GEOMETRIC_REPRESENTATION_ITEM() 
RATIONAL_B_SPLINE_SURFACE((
    (1.122129658806,1.122129658806,1.122129658806,1.122129658806
      ,1.122129658806,1.122129658806,1.122129658806)
    ,(0.959290113731,0.959290113731,0.959290113731,0.959290113731
      ,0.959290113731,0.959290113731,0.959290113731)
    ,(0.959290113731,0.959290113731,0.959290113731,0.959290113731
      ,0.959290113731,0.959290113731,0.959290113731)
    ,(1.122129658806,1.122129658806,1.122129658806,1.122129658806
      ,1.122129658806,1.122129658806,1.122129658806
))) REPRESENTATION_ITEM('') SURFACE() );
#1977 = CARTESIAN_POINT('',(-100.6766459446,66.29086621497,
    39.96912221748));
#1978 = CARTESIAN_POINT('',(-99.59768943824,77.97974908085,
    46.03531509873));
#1979 = CARTESIAN_POINT('',(-96.9096760723,105.6686367723,60.48983202427
    ));
#1980 = CARTESIAN_POINT('',(-92.27637318974,147.4767935566,
    82.37597812832));
#1981 = CARTESIAN_POINT('',(-88.45545530563,178.0537072934,
    98.22140559551));
#1982 = CARTESIAN_POINT('',(-86.55910909701,192.5927908986,
    105.6957128029));
#1983 = CARTESIAN_POINT('',(-86.50500391749,193.0071191791,
    105.9086629454));
#1984 = CARTESIAN_POINT('',(-90.43752411461,62.15995938073,
    49.47864115965));
#1985 = CARTESIAN_POINT('',(-88.87486487776,73.96396178237,
    55.07338059077));
#1986 = CARTESIAN_POINT('',(-85.15080632996,101.9385784759,
    68.36031674358));
#1987 = CARTESIAN_POINT('',(-79.39778469787,144.186597486,88.47182065437
    ));
#1988 = CARTESIAN_POINT('',(-75.05161573764,175.0701692195,
    103.1315553674));
#1989 = CARTESIAN_POINT('',(-72.95547714069,189.7493682415,
    110.0776062331));
#1990 = CARTESIAN_POINT('',(-72.89571846747,190.1676848322,
    110.2755314366));
#1991 = CARTESIAN_POINT('',(-75.96961550124,61.38639448175,
    51.03294761196));
#1992 = CARTESIAN_POINT('',(-74.32654222337,73.4347344503,55.9967337205)
  );
#1993 = CARTESIAN_POINT('',(-70.52887232622,101.9645451357,
    67.81003024153));
#1994 = CARTESIAN_POINT('',(-65.01678022067,144.9154635489,
    85.92635552124));
#1995 = CARTESIAN_POINT('',(-61.0075457071,176.2114196712,99.37219920368
    ));
#1996 = CARTESIAN_POINT('',(-59.08915734924,191.0673865385,
    105.7959187879));
#1997 = CARTESIAN_POINT('',(-59.03447784164,191.4907251197,
    105.9790033694));
#1998 = CARTESIAN_POINT('',(-63.57151752144,64.30694264403,
    43.95537496923));
#1999 = CARTESIAN_POINT('',(-62.28632710804,76.62246596231,
    48.40339312398));
#2000 = CARTESIAN_POINT('',(-59.40952636144,105.7352321783,
    59.07853949584));
#2001 = CARTESIAN_POINT('',(-55.39412349899,149.3460802372,75.8477498138
    ));
#2002 = CARTESIAN_POINT('',(-52.43732469712,180.9806157849,88.5799710957
    ));
#2003 = CARTESIAN_POINT('',(-50.99684572025,195.9730471253,
    94.71468114412));
#2004 = CARTESIAN_POINT('',(-50.95576682517,196.4002550557,
    94.88957027839));
#2005 = ADVANCED_FACE('',(#2006),#2022,.T.);
#2006 = FACE_BOUND('',#2007,.T.);
#2007 = EDGE_LOOP('',(#2008,#2009,#2021));
#2008 = ORIENTED_EDGE('',*,*,#440,.T.);
#2009 = ORIENTED_EDGE('',*,*,#2010,.T.);
#2010 = EDGE_CURVE('',#441,#1953,#2011,.T.);
#2011 = B_SPLINE_CURVE_WITH_KNOTS('',3,(#2012,#2013,#2014,#2015,#2016,
    #2017,#2018,#2019,#2020),.UNSPECIFIED.,.F.,.F.,(4,1,1,1,1,1,4),(0.,
    0.166666666667,0.333333333333,0.5,0.666666666667,0.833333333333,1.),
  .UNSPECIFIED.);
#2012 = CARTESIAN_POINT('',(-97.95325563856,61.9365935953,50.63455714928
    ));
#2013 = CARTESIAN_POINT('',(-97.05608941934,62.23104046562,
    50.27438828776));
#2014 = CARTESIAN_POINT('',(-95.33845606316,62.97805019328,
    49.68559837927));
#2015 = CARTESIAN_POINT('',(-93.03926076391,64.48971379081,
    49.16373342046));
#2016 = CARTESIAN_POINT('',(-91.19866320219,66.20572421743,49.0050112221
    ));
#2017 = CARTESIAN_POINT('',(-89.81822396352,68.02737164291,49.1642514879
    ));
#2018 = CARTESIAN_POINT('',(-88.90938479788,69.88107497262,
    49.62012817692));
#2019 = CARTESIAN_POINT('',(-88.62263227116,71.05852478233,
    50.09039860496));
#2020 = CARTESIAN_POINT('',(-88.54981981779,71.62291975265,
    50.35802029816));
#2021 = ORIENTED_EDGE('',*,*,#1952,.F.);
#2022 = B_SPLINE_SURFACE_WITH_KNOTS('',3,3,(
    (#2023,#2024,#2025,#2026)
    ,(#2027,#2028,#2029,#2030)
    ,(#2031,#2032,#2033,#2034)
    ,(#2035,#2036,#2037,#2038)
    ,(#2039,#2040,#2041,#2042
  )),.UNSPECIFIED.,.F.,.F.,.F.,(4,1,4),(4,4),(0.994431446031,1.,
    1.046400780114),(0.168816335506,0.202182172086),.UNSPECIFIED.);
#2023 = CARTESIAN_POINT('',(-88.83495558361,60.77388078226,
    44.55527709843));
#2024 = CARTESIAN_POINT('',(-88.32607818699,64.77778117185,
    46.43368367264));
#2025 = CARTESIAN_POINT('',(-87.81720079037,68.78168156145,
    48.31209024685));
#2026 = CARTESIAN_POINT('',(-87.30832339374,72.78558195104,
    50.19049682106));
#2027 = CARTESIAN_POINT('',(-89.20638314789,60.77388078226,
    44.77470581737));
#2028 = CARTESIAN_POINT('',(-88.69493921181,64.77778117185,
    46.65981607123));
#2029 = CARTESIAN_POINT('',(-88.18349527573,68.78168156145,
    48.54492632508));
#2030 = CARTESIAN_POINT('',(-87.67205133965,72.78558195104,
    50.43003657894));
#2031 = CARTESIAN_POINT('',(-92.67278452998,60.77388078226,
    46.82255602491));
#2032 = CARTESIAN_POINT('',(-92.13738799378,64.77778117185,
    48.77022933717));
#2033 = CARTESIAN_POINT('',(-91.60199145758,68.78168156145,
    50.71790264942));
#2034 = CARTESIAN_POINT('',(-91.06659492137,72.78558195104,
    52.66557596168));
#2035 = CARTESIAN_POINT('',(-96.13918591207,60.77388078226,
    48.87040623246));
#2036 = CARTESIAN_POINT('',(-95.57983677575,64.77778117185,
    50.88064260311));
#2037 = CARTESIAN_POINT('',(-95.02048763942,68.78168156145,
    52.89087897376));
#2038 = CARTESIAN_POINT('',(-94.46113850309,72.78558195104,
    54.90111534442));
#2039 = CARTESIAN_POINT('',(-99.23415972989,60.77388078226,
    50.69882772107));
#2040 = CARTESIAN_POINT('',(-98.6534245329,64.77778117185,52.76492347047
    ));
#2041 = CARTESIAN_POINT('',(-98.0726893359,68.78168156145,54.83101921987
    ));
#2042 = CARTESIAN_POINT('',(-97.49195413891,72.78558195104,
    56.89711496927));
#2043 = ADVANCED_FACE('',(#2044),#2056,.F.);
#2044 = FACE_BOUND('',#2045,.F.);
#2045 = EDGE_LOOP('',(#2046,#2053,#2054,#2055));
#2046 = ORIENTED_EDGE('',*,*,#2047,.F.);
#2047 = EDGE_CURVE('',#452,#1901,#2048,.T.);
#2048 = CIRCLE('',#2049,9.999160842184);
#2049 = AXIS2_PLACEMENT_3D('',#2050,#2051,#2052);
#2050 = CARTESIAN_POINT('',(-58.44775235006,70.46075656873,
    55.99358708608));
#2051 = DIRECTION('',(0.846082020134,0.331639272849,-0.417325541886));
#2052 = DIRECTION('',(1.329832619745E-06,-0.782898607887,-0.622149314688
    ));
#2053 = ORIENTED_EDGE('',*,*,#451,.T.);
#2054 = ORIENTED_EDGE('',*,*,#2010,.T.);
#2055 = ORIENTED_EDGE('',*,*,#1960,.T.);
#2056 = ( BOUNDED_SURFACE() B_SPLINE_SURFACE(3,3,(
    (#2057,#2058,#2059,#2060,#2061,#2062,#2063,#2064,#2065,#2066,#2067
      ,#2068,#2069,#2070,#2071,#2072,#2073,#2074)
    ,(#2075,#2076,#2077,#2078,#2079,#2080,#2081,#2082,#2083,#2084,#2085
      ,#2086,#2087,#2088,#2089,#2090,#2091,#2092)
    ,(#2093,#2094,#2095,#2096,#2097,#2098,#2099,#2100,#2101,#2102,#2103
      ,#2104,#2105,#2106,#2107,#2108,#2109,#2110)
    ,(#2111,#2112,#2113,#2114,#2115,#2116,#2117,#2118,#2119,#2120,#2121
      ,#2122,#2123,#2124,#2125,#2126,#2127,#2128
)),.UNSPECIFIED.,.F.,.F.,.F.) B_SPLINE_SURFACE_WITH_KNOTS((4,4),(4,1,1,1
    ,1,1,1,1,1,1,1,1,1,1,1,4),(0.,1.),(-1.863214020256E-02,0.,
    7.504402508687E-02,0.146557999528,0.216625697024,0.285683615022,
    0.35445499869,0.423624890182,0.493876923388,0.565956682534,
    0.640559696201,0.715264433394,0.785641861448,0.852851667475,
    0.922832566381,0.934423436115),.UNSPECIFIED.) 
GEOMETRIC_REPRESENTATION_ITEM() RATIONAL_B_SPLINE_SURFACE((
    (1.181181807931,1.181181807931,1.181181807931,1.181181807931
      ,1.181181807931,1.181181807931,1.181181807931,1.181181807931
      ,1.181181807931,1.181181807931,1.181181807931,1.181181807931
      ,1.181181807931,1.181181807931,1.181181807931,1.181181807931
      ,1.181181807931,1.181181807931)
    ,(0.939606064023,0.939606064023,0.939606064023,0.939606064023
      ,0.939606064023,0.939606064023,0.939606064023,0.939606064023
      ,0.939606064023,0.939606064023,0.939606064023,0.939606064023
      ,0.939606064023,0.939606064023,0.939606064023,0.939606064023
      ,0.939606064023,0.939606064023)
    ,(0.939606064023,0.939606064023,0.939606064023,0.939606064023
      ,0.939606064023,0.939606064023,0.939606064023,0.939606064023
      ,0.939606064023,0.939606064023,0.939606064023,0.939606064023
      ,0.939606064023,0.939606064023,0.939606064023,0.939606064023
      ,0.939606064023,0.939606064023)
    ,(1.181181807931,1.181181807931,1.181181807931,1.181181807931
      ,1.181181807931,1.181181807931,1.181181807931,1.181181807931
      ,1.181181807931,1.181181807931,1.181181807931,1.181181807931
      ,1.181181807931,1.181181807931,1.181181807931,1.181181807931
,1.181181807931,1.181181807931))) REPRESENTATION_ITEM('') SURFACE() );
#2057 = CARTESIAN_POINT('',(-63.21801805199,75.23537878566,
    48.57897293924));
#2058 = CARTESIAN_POINT('',(-63.39625293928,75.15386795536,
    48.66570132635));
#2059 = CARTESIAN_POINT('',(-64.29783327001,74.74900624714,
    49.09336198459));
#2060 = CARTESIAN_POINT('',(-65.9342801915,74.08120367017,49.77340475885
    ));
#2061 = CARTESIAN_POINT('',(-68.16006252615,73.31882950397,
    50.51482513917));
#2062 = CARTESIAN_POINT('',(-70.38770986891,72.69687205395,
    51.09646341789));
#2063 = CARTESIAN_POINT('',(-72.63564679947,72.21027310039,
    51.53685472305));
#2064 = CARTESIAN_POINT('',(-74.9104927158,71.86031834544,51.84457539784
    ));
#2065 = CARTESIAN_POINT('',(-77.22280828323,71.65057928314,52.0231762429
    ));
#2066 = CARTESIAN_POINT('',(-79.58362021246,71.58784361554,
    52.07062020858));
#2067 = CARTESIAN_POINT('',(-82.00307875186,71.68230078358,
    51.97903712637));
#2068 = CARTESIAN_POINT('',(-84.45468159146,71.94361529883,
    51.73773556357));
#2069 = CARTESIAN_POINT('',(-86.85380550539,72.36353294749,
    51.34818610355));
#2070 = CARTESIAN_POINT('',(-89.12599268866,72.91118909123,
    50.82970633176));
#2071 = CARTESIAN_POINT('',(-91.29264509985,73.56805591908,50.1897352457
    ));
#2072 = CARTESIAN_POINT('',(-92.79827142035,74.11744491395,
    49.63489149587));
#2073 = CARTESIAN_POINT('',(-93.60577393231,74.44122104888,
    49.29886035045));
#2074 = CARTESIAN_POINT('',(-93.72014190421,74.4876712977,49.25046891322
    ));
#2075 = CARTESIAN_POINT('',(-62.94165701402,70.24505567905,
    45.18802732262));
#2076 = CARTESIAN_POINT('',(-63.11450440797,70.16150735283,
    45.27826278473));
#2077 = CARTESIAN_POINT('',(-63.99072748577,69.74564819619,
    45.72437564284));
#2078 = CARTESIAN_POINT('',(-65.59822586212,69.05258543736,
    46.44353359311));
#2079 = CARTESIAN_POINT('',(-67.82025675548,68.25216981134,
    47.24399430647));
#2080 = CARTESIAN_POINT('',(-70.07528237297,67.59170193077,
    47.88311065797));
#2081 = CARTESIAN_POINT('',(-72.37756061363,67.07015921516,
    48.37475246143));
#2082 = CARTESIAN_POINT('',(-74.72875932734,66.69208966795,
    48.72316444243));
#2083 = CARTESIAN_POINT('',(-77.13384693838,66.46385256436,
    48.92847546954));
#2084 = CARTESIAN_POINT('',(-79.59732507878,66.39437654042,
    48.98595011773));
#2085 = CARTESIAN_POINT('',(-82.1216379976,66.4952064681,48.88590124509)
  );
#2086 = CARTESIAN_POINT('',(-84.66984017889,66.77598269303,
    48.61742068878));
#2087 = CARTESIAN_POINT('',(-87.14499627111,67.22552391177,
    48.18554540219));
#2088 = CARTESIAN_POINT('',(-89.46512962678,67.80761316685,
    47.61661628599));
#2089 = CARTESIAN_POINT('',(-91.65093074917,68.4995209385,46.92374776516
    ));
#2090 = CARTESIAN_POINT('',(-93.14903051313,69.07213949683,
    46.33243686242));
#2091 = CARTESIAN_POINT('',(-93.94543503374,69.40710357689,
    45.97829857627));
#2092 = CARTESIAN_POINT('',(-94.05808686669,69.45510937351,
    45.92737709277));
#2093 = CARTESIAN_POINT('',(-60.36233772544,64.83145239471,
    45.90789872534));
#2094 = CARTESIAN_POINT('',(-60.55689681531,64.74000270941,
    46.01618500024));
#2095 = CARTESIAN_POINT('',(-61.54444640449,64.28435637909,
    46.55251125643));
#2096 = CARTESIAN_POINT('',(-63.36768926829,63.5213373213,47.42507343446
    ));
#2097 = CARTESIAN_POINT('',(-65.91290444231,62.63613419285,
    48.40766141753));
#2098 = CARTESIAN_POINT('',(-68.51682686317,61.90214455438,
    49.20051919725));
#2099 = CARTESIAN_POINT('',(-71.19316913706,61.32055843072,
    49.81599198731));
#2100 = CARTESIAN_POINT('',(-73.94047960993,60.89809146698,
    50.25581542614));
#2101 = CARTESIAN_POINT('',(-76.76071367518,60.64323928064,
    50.51753336723));
#2102 = CARTESIAN_POINT('',(-79.65465163368,60.56691663407,
    50.59358093007));
#2103 = CARTESIAN_POINT('',(-82.61992565885,60.68241791231,
    50.47125917418));
#2104 = CARTESIAN_POINT('',(-85.60715558526,61.00013285173,
    50.13763325182));
#2105 = CARTESIAN_POINT('',(-88.49689903572,61.50619585321,
    49.60127138482));
#2106 = CARTESIAN_POINT('',(-91.19007288354,62.15831196391,
    48.89831827765));
#2107 = CARTESIAN_POINT('',(-93.70990976508,62.92960468479,48.0484913925
    ));
#2108 = CARTESIAN_POINT('',(-95.42312517536,63.56449827391,47.3297572521
    ));
#2109 = CARTESIAN_POINT('',(-96.32913316645,63.93456640312,
    46.90215980721));
#2110 = CARTESIAN_POINT('',(-96.4571904386,63.98757708016,46.84073206169
    ));
#2111 = CARTESIAN_POINT('',(-57.06263021502,62.31614542121,
    50.29690204408));
#2112 = CARTESIAN_POINT('',(-57.29267873761,62.21577848036,
    50.42670759264));
#2113 = CARTESIAN_POINT('',(-58.45993298359,61.71596711391,
    51.06965701167));
#2114 = CARTESIAN_POINT('',(-60.61124093832,60.88121810511,
    52.11578959957));
#2115 = CARTESIAN_POINT('',(-63.60828280608,59.9165037465,53.29184557763
    ));
#2116 = CARTESIAN_POINT('',(-66.66855104589,59.11909111481,
    54.24037837829));
#2117 = CARTESIAN_POINT('',(-69.80916892937,58.48920223773,
    54.97628476455));
#2118 = CARTESIAN_POINT('',(-73.02931134899,58.03329576176,
    55.50215329649));
#2119 = CARTESIAN_POINT('',(-76.33234855611,57.76004143118,
    55.81536579424));
#2120 = CARTESIAN_POINT('',(-79.720426532,57.68096671711,55.90713288559)
  );
#2121 = CARTESIAN_POINT('',(-83.19221180062,57.81043616656,
    55.76239692877));
#2122 = CARTESIAN_POINT('',(-86.69152752106,58.1599026663,55.36562993152
    ));
#2123 = CARTESIAN_POINT('',(-90.08003882629,58.71470609491,
    54.72672963344));
#2124 = CARTESIAN_POINT('',(-93.24246434424,59.4294770496,53.88840979862
    ));
#2125 = CARTESIAN_POINT('',(-96.20627267875,60.2757912069,52.87386716921
    ));
#2126 = CARTESIAN_POINT('',(-98.22525934156,60.97379575654,
    52.01493565069));
#2127 = CARTESIAN_POINT('',(-99.29432383696,61.38134555925,
    51.50359871268));
#2128 = CARTESIAN_POINT('',(-99.44545594795,61.43973964929,
    51.43013472329));
#2129 = ADVANCED_FACE('',(#2130),#2213,.F.);
#2130 = FACE_BOUND('',#2131,.F.);
#2131 = EDGE_LOOP('',(#2132,#2204,#2211,#2212));
#2132 = ORIENTED_EDGE('',*,*,#2133,.T.);
#2133 = EDGE_CURVE('',#1901,#2134,#2136,.T.);
#2134 = VERTEX_POINT('',#2135);
#2135 = CARTESIAN_POINT('',(93.180474668299,72.652399517504,
    -55.53336962288));
#2136 = B_SPLINE_CURVE_WITH_KNOTS('',14,(#2137,#2138,#2139,#2140,#2141,
    #2142,#2143,#2144,#2145,#2146,#2147,#2148,#2149,#2150,#2151,#2152,
    #2153,#2154,#2155,#2156,#2157,#2158,#2159,#2160,#2161,#2162,#2163,
    #2164,#2165,#2166,#2167,#2168,#2169,#2170,#2171,#2172,#2173,#2174,
    #2175,#2176,#2177,#2178,#2179,#2180,#2181,#2182,#2183,#2184,#2185,
    #2186,#2187,#2188,#2189,#2190,#2191,#2192,#2193,#2194,#2195,#2196,
    #2197,#2198,#2199,#2200,#2201,#2202,#2203),.UNSPECIFIED.,.F.,.F.,(15
    ,13,13,13,13,15),(0.,0.224801024558,0.381551697351,0.496914555506,
    0.771187099085,1.),.UNSPECIFIED.);
#2137 = CARTESIAN_POINT('',(-63.6495336544,73.887382168267,
    48.170562768142));
#2138 = CARTESIAN_POINT('',(-61.03207123862,74.829937382299,
    46.842945274135));
#2139 = CARTESIAN_POINT('',(-58.42387026991,75.753740901833,
    45.483290049572));
#2140 = CARTESIAN_POINT('',(-55.82423196916,76.657809068665,
    44.093548321477));
#2141 = CARTESIAN_POINT('',(-53.23637157763,77.538088294881,
    42.66687457513));
#2142 = CARTESIAN_POINT('',(-50.64904100351,78.402196004663,
    41.228319648444));
#2143 = CARTESIAN_POINT('',(-48.08826134543,79.227110144882,
    39.721949779783));
#2144 = CARTESIAN_POINT('',(-45.51068303828,80.047222724422,
    38.241662799013));
#2145 = CARTESIAN_POINT('',(-42.96731740969,80.819088018826,
    36.67745036422));
#2146 = CARTESIAN_POINT('',(-40.41467712102,81.577626881492,
    35.122268201369));
#2147 = CARTESIAN_POINT('',(-37.87812453096,82.299354275617,
    33.525251800263));
#2148 = CARTESIAN_POINT('',(-35.34728923005,82.991716756207,
    31.905226791391));
#2149 = CARTESIAN_POINT('',(-32.82418127689,83.651750450208,
    30.260918037149));
#2150 = CARTESIAN_POINT('',(-30.3082637052,84.278353713154,
    28.592914195961));
#2151 = CARTESIAN_POINT('',(-26.04963134604,85.283271619986,
    25.724098317122));
#2152 = CARTESIAN_POINT('',(-24.30339978097,85.67935248612,
    24.53471149526));
#2153 = CARTESIAN_POINT('',(-22.56040735265,86.058145258426,
    23.3348414752));
#2154 = CARTESIAN_POINT('',(-20.82038197423,86.419742995228,
    22.12528902437));
#2155 = CARTESIAN_POINT('',(-19.08331188465,86.763415864526,
    20.906214990545));
#2156 = CARTESIAN_POINT('',(-17.34911113588,87.088679373402,
    19.677962556207));
#2157 = CARTESIAN_POINT('',(-15.61753987365,87.395533961947,
    18.441255709564));
#2158 = CARTESIAN_POINT('',(-13.88837363879,87.683915288661,
    17.19678474619));
#2159 = CARTESIAN_POINT('',(-12.16151493579,87.953348501734,
    15.944929442573));
#2160 = CARTESIAN_POINT('',(-10.43689096123,88.203298622412,
    14.686005461269));
#2161 = CARTESIAN_POINT('',(-8.714283881774,88.433723962246,
    13.420678670637));
#2162 = CARTESIAN_POINT('',(-6.993398402709,88.644837234288,
    12.14980348736));
#2163 = CARTESIAN_POINT('',(-5.274185934226,88.836030708628,
    10.87363414812));
#2164 = CARTESIAN_POINT('',(-2.292204125637,89.133339263194,
    8.650256700639));
#2165 = CARTESIAN_POINT('',(-1.028777775517,89.248559783784,
    7.705145245663));
#2166 = CARTESIAN_POINT('',(0.233938224812,89.352954735519,
    6.757770514006));
#2167 = CARTESIAN_POINT('',(1.496018784254,89.446477950616,
    5.808367931895));
#2168 = CARTESIAN_POINT('',(2.757537738592,89.529070004014,
    4.857169696364));
#2169 = CARTESIAN_POINT('',(4.018569206968,89.600678007978,
    3.904408565042));
#2170 = CARTESIAN_POINT('',(5.279188263038,89.661265928183,
    2.950319826813));
#2171 = CARTESIAN_POINT('',(6.539471180941,89.710817494485,
    1.995141836455));
#2172 = CARTESIAN_POINT('',(7.799495216572,89.749333494437,
    1.039115486956));
#2173 = CARTESIAN_POINT('',(9.059338242534,89.776825575742,
    8.248300330859E-02));
#2174 = CARTESIAN_POINT('',(10.319078184875,89.793308337478,
    -0.874513567645));
#2175 = CARTESIAN_POINT('',(11.578792542854,89.798791797171,
    -1.831633789661));
#2176 = CARTESIAN_POINT('',(12.838558012032,89.793276084742,
    -2.78863981461));
#2177 = CARTESIAN_POINT('',(17.09381562198,89.737460866603,
    -6.019725867178));
#2178 = CARTESIAN_POINT('',(20.089944323447,89.635862344763,
    -8.292043275601));
#2179 = CARTESIAN_POINT('',(23.087346446034,89.474164525716,
    -10.56060800817));
#2180 = CARTESIAN_POINT('',(26.090016178875,89.242668929193,
    -12.81338690178));
#2181 = CARTESIAN_POINT('',(29.087778552712,88.98530666528,
    -15.08057613035));
#2182 = CARTESIAN_POINT('',(32.111185515123,88.579041307212,
    -17.27124566664));
#2183 = CARTESIAN_POINT('',(35.10493912957,88.270660814985,
    -19.54957662861));
#2184 = CARTESIAN_POINT('',(38.147894378989,87.716942407485,
    -21.68115231872));
#2185 = CARTESIAN_POINT('',(41.161889952363,87.269568475648,
    -23.89820484975));
#2186 = CARTESIAN_POINT('',(44.205951979717,86.671036425163,
    -26.02520408467));
#2187 = CARTESIAN_POINT('',(47.250359083712,86.062321845998,
    -28.1505197598));
#2188 = CARTESIAN_POINT('',(50.306818677487,85.392249948429,
    -30.2391593015));
#2189 = CARTESIAN_POINT('',(53.373264347931,84.677101913022,
    -32.29724102041));
#2190 = CARTESIAN_POINT('',(59.018233455665,83.281904015273,
    -36.01007425304));
#2191 = CARTESIAN_POINT('',(61.593393596546,82.615831000467,
    -37.6751691323));
#2192 = CARTESIAN_POINT('',(64.176281559982,81.919568599901,
    -39.31619725561));
#2193 = CARTESIAN_POINT('',(66.768254650974,81.194421572288,
    -40.93025756178));
#2194 = CARTESIAN_POINT('',(69.366976950456,80.441974874201,
    -42.52197895646));
#2195 = CARTESIAN_POINT('',(71.976211395076,79.662956149402,
    -44.08212684195));
#2196 = CARTESIAN_POINT('',(74.594767181675,78.859054623262,
    -45.61375370654));
#2197 = CARTESIAN_POINT('',(77.220431934404,78.032049228348,
    -47.12202107738));
#2198 = CARTESIAN_POINT('',(79.856134729139,77.182802905381,
    -48.59964369295));
#2199 = CARTESIAN_POINT('',(82.503126060288,76.312533039801,
    -50.04361542902));
#2200 = CARTESIAN_POINT('',(85.157600853779,75.423280709158,
    -51.4628798718));
#2201 = CARTESIAN_POINT('',(87.822539380283,74.515784550074,
    -52.84959834807));
#2202 = CARTESIAN_POINT('',(90.496728561994,73.591729979339,
    -54.20680765211));
#2203 = CARTESIAN_POINT('',(93.180474631902,72.652399529098,
    -55.53336960435));
#2204 = ORIENTED_EDGE('',*,*,#2205,.F.);
#2205 = EDGE_CURVE('',#473,#2134,#2206,.T.);
#2206 = CIRCLE('',#2207,10.);
#2207 = AXIS2_PLACEMENT_3D('',#2208,#2209,#2210);
#2208 = CARTESIAN_POINT('',(98.3000000357,76.28815029996,-47.75058244473
    ));
#2209 = DIRECTION('',(0.857319822473,-0.273124922642,-0.43635478527));
#2210 = DIRECTION('',(-1.050561650033E-10,-0.847646114537,0.530562027015
    ));
#2211 = ORIENTED_EDGE('',*,*,#472,.F.);
#2212 = ORIENTED_EDGE('',*,*,#2047,.T.);
#2213 = ( BOUNDED_SURFACE() B_SPLINE_SURFACE(3,3,(
    (#2214,#2215,#2216,#2217,#2218,#2219,#2220,#2221,#2222,#2223,#2224
      ,#2225,#2226,#2227,#2228,#2229,#2230,#2231,#2232,#2233,#2234)
    ,(#2235,#2236,#2237,#2238,#2239,#2240,#2241,#2242,#2243,#2244,#2245
      ,#2246,#2247,#2248,#2249,#2250,#2251,#2252,#2253,#2254,#2255)
    ,(#2256,#2257,#2258,#2259,#2260,#2261,#2262,#2263,#2264,#2265,#2266
      ,#2267,#2268,#2269,#2270,#2271,#2272,#2273,#2274,#2275,#2276)
    ,(#2277,#2278,#2279,#2280,#2281,#2282,#2283,#2284,#2285,#2286,#2287
      ,#2288,#2289,#2290,#2291,#2292,#2293,#2294,#2295,#2296,#2297
)),.UNSPECIFIED.,.F.,.F.,.F.) B_SPLINE_SURFACE_WITH_KNOTS((4,4),(4,1,1,1
    ,1,1,1,1,1,1,1,1,1,1,1,1,1,1,4),(0.,1.),(-1.002220883424E-02,0.,
    7.780081335148E-02,0.152894451172,0.226279044585,0.294997613165,
    0.362696349494,0.431917062889,0.498907387505,0.559753550726,
    0.614377717947,0.666469600651,0.719110553088,0.772154918647,
    0.824819835804,0.878584455124,0.936207585346,1.,1.009889353635),
.UNSPECIFIED.) GEOMETRIC_REPRESENTATION_ITEM() RATIONAL_B_SPLINE_SURFACE
((
    (1.275975451981,1.275975451981,1.275975451981,1.275975451981
      ,1.275975451981,1.275975451981,1.275975451981,1.275975451981
      ,1.275975451981,1.275975451981,1.275975451981,1.275975451981
      ,1.275975451981,1.275975451981,1.275975451981,1.275975451981
      ,1.275975451981,1.275975451981,1.275975451981,1.275975451981
      ,1.275975451981)
    ,(0.908008182673,0.908008182673,0.908008182673,0.908008182673
      ,0.908008182673,0.908008182673,0.908008182673,0.908008182673
      ,0.908008182673,0.908008182673,0.908008182673,0.908008182673
      ,0.908008182673,0.908008182673,0.908008182673,0.908008182673
      ,0.908008182673,0.908008182673,0.908008182673,0.908008182673
      ,0.908008182673)
    ,(0.908008182673,0.908008182673,0.908008182673,0.908008182673
      ,0.908008182673,0.908008182673,0.908008182673,0.908008182673
      ,0.908008182673,0.908008182673,0.908008182673,0.908008182673
      ,0.908008182673,0.908008182673,0.908008182673,0.908008182673
      ,0.908008182673,0.908008182673,0.908008182673,0.908008182673
      ,0.908008182673)
    ,(1.275975451981,1.275975451981,1.275975451981,1.275975451981
      ,1.275975451981,1.275975451981,1.275975451981,1.275975451981
      ,1.275975451981,1.275975451981,1.275975451981,1.275975451981
      ,1.275975451981,1.275975451981,1.275975451981,1.275975451981
      ,1.275975451981,1.275975451981,1.275975451981,1.275975451981
,1.275975451981))) REPRESENTATION_ITEM('') SURFACE() );
#2214 = CARTESIAN_POINT('',(94.9573521901,73.21064643657,-56.86509830161
    ));
#2215 = CARTESIAN_POINT('',(94.4020248863,73.41912300763,-56.59585128481
    ));
#2216 = CARTESIAN_POINT('',(89.5406393094,75.23847544493,-54.21927431927
    ));
#2217 = CARTESIAN_POINT('',(80.6016476311,78.48490305491,-49.53210115427
    ));
#2218 = CARTESIAN_POINT('',(68.3819533858,82.55895489897,-42.37411675028
    ));
#2219 = CARTESIAN_POINT('',(56.8268509739,85.95274264191,-34.94645064965
    ));
#2220 = CARTESIAN_POINT('',(45.8124910271,88.65776721546,-27.32444073872
    ));
#2221 = CARTESIAN_POINT('',(35.1360133589,90.69638667438,-19.51167067931
    ));
#2222 = CARTESIAN_POINT('',(24.6434676493,92.05086502519,-11.51693196104
    ));
#2223 = CARTESIAN_POINT('',(14.5656198007,92.68112330368,-3.655543654566
    ));
#2224 = CARTESIAN_POINT('',(5.2616719151,92.66153871698,3.649644515168)
  );
#2225 = CARTESIAN_POINT('',(-3.28063588754,92.14639142307,10.31097194172
    ));
#2226 = CARTESIAN_POINT('',(-11.4191589367,91.23097088187,16.55207126093
    ));
#2227 = CARTESIAN_POINT('',(-19.50534091904,89.92879407463,
    22.59450350829));
#2228 = CARTESIAN_POINT('',(-27.66281677315,88.24523745735,
    28.47817701806));
#2229 = CARTESIAN_POINT('',(-35.93216905252,86.20020610293,
    34.18419581497));
#2230 = CARTESIAN_POINT('',(-44.50502123002,83.76909663546,39.7948609441
    ));
#2231 = CARTESIAN_POINT('',(-53.7426079345,80.85032632533,45.46673451097
    ));
#2232 = CARTESIAN_POINT('',(-60.74006274009,78.43658949899,
    49.44031434515));
#2233 = CARTESIAN_POINT('',(-64.69302446539,77.02064563626,51.5698768035
    ));
#2234 = CARTESIAN_POINT('',(-65.22405676232,76.82953683454,
    51.85387883875));
#2235 = CARTESIAN_POINT('',(94.0400721731,66.0633138214,-54.11168717764)
  );
#2236 = CARTESIAN_POINT('',(93.4829463182,66.26242584304,-53.8673465306)
  );
#2237 = CARTESIAN_POINT('',(88.6058596882,68.00059451433,-51.71013161901
    ));
#2238 = CARTESIAN_POINT('',(79.6387555662,71.1110741253,-47.44777134394)
  );
#2239 = CARTESIAN_POINT('',(67.3836520754,75.03985252667,-40.92002713843
    ));
#2240 = CARTESIAN_POINT('',(55.7990060354,78.34199611275,-34.13063703963
    ));
#2241 = CARTESIAN_POINT('',(44.7611054028,81.00882386436,-27.15057758913
    ));
#2242 = CARTESIAN_POINT('',(34.0669230577,83.06207533352,-19.98483690163
    ));
#2243 = CARTESIAN_POINT('',(23.562670042,84.48653022805,-12.64226845276)
  );
#2244 = CARTESIAN_POINT('',(13.479447263,85.23999453304,-5.413258369654)
  );
#2245 = CARTESIAN_POINT('',(4.1757805894,85.38331596793,1.311881777412)
  );
#2246 = CARTESIAN_POINT('',(-4.36195593929,85.05759734749,7.450747505501
    ));
#2247 = CARTESIAN_POINT('',(-12.49246181329,84.35602242289,
    13.20834465242));
#2248 = CARTESIAN_POINT('',(-20.56731776082,83.29645927011,
    18.78891972318));
#2249 = CARTESIAN_POINT('',(-28.71023553032,81.88519726291,24.2297231024
    ));
#2250 = CARTESIAN_POINT('',(-36.9620071256,80.14036973721,29.51371519438
    ));
#2251 = CARTESIAN_POINT('',(-45.51409329878,78.04148789769,
    34.71773216622));
#2252 = CARTESIAN_POINT('',(-54.72692953467,75.49929581988,
    39.98843763543));
#2253 = CARTESIAN_POINT('',(-61.7041113395,73.38189815756,43.6895372221)
  );
#2254 = CARTESIAN_POINT('',(-65.64525424829,72.13549749459,
    45.67610756356));
#2255 = CARTESIAN_POINT('',(-66.17469251717,71.96719843954,
    45.94109685646));
#2256 = CARTESIAN_POINT('',(96.6814533013,63.63010013304,-47.28456395609
    ));
#2257 = CARTESIAN_POINT('',(96.129506518,63.80289496854,-47.05160580467)
  );
#2258 = CARTESIAN_POINT('',(91.2976323254,65.31044424574,-44.99570887534
    ));
#2259 = CARTESIAN_POINT('',(82.4114802322,67.9936794565,-40.94697148051)
  );
#2260 = CARTESIAN_POINT('',(70.258340494,71.34159717549,-34.77811952781)
  );
#2261 = CARTESIAN_POINT('',(58.7587676924,74.10804367944,-28.38886053959
    ));
#2262 = CARTESIAN_POINT('',(47.7886543466,76.28640548331,-21.84238501431
    ));
#2263 = CARTESIAN_POINT('',(37.1454540337,77.89491903897,-15.1404665841)
  );
#2264 = CARTESIAN_POINT('',(26.6749131415,78.91756987035,-8.290042770513
    ));
#2265 = CARTESIAN_POINT('',(16.6071679042,79.32413175439,-1.560696639073
    ));
#2266 = CARTESIAN_POINT('',(7.3026914583,79.18404038329,4.686741116249)
  );
#2267 = CARTESIAN_POINT('',(-1.2482084191,78.62994576449,10.37860550007)
  );
#2268 = CARTESIAN_POINT('',(-9.40180038981,77.7391657847,15.70681335604)
  );
#2269 = CARTESIAN_POINT('',(-17.5092705599,76.51911365494,20.86063248084
    ));
#2270 = CARTESIAN_POINT('',(-25.69410949766,74.97336314231,
    25.87380218435));
#2271 = CARTESIAN_POINT('',(-33.99650607803,73.11908336364,
    30.72989038848));
#2272 = CARTESIAN_POINT('',(-42.60838962052,70.93358139897,
    35.49846344394));
#2273 = CARTESIAN_POINT('',(-51.89249680903,68.32672599317,40.3114779542
    ));
#2274 = CARTESIAN_POINT('',(-58.92805634002,66.18246106319,
    43.67681129225));
#2275 = CARTESIAN_POINT('',(-62.90323247564,64.9278778426,45.47807335657
    ));
#2276 = CARTESIAN_POINT('',(-63.43726087567,64.75860383903,
    45.71824918253));
#2277 = CARTESIAN_POINT('',(100.5963219859,68.0160842627,-42.29016959198
    ));
#2278 = CARTESIAN_POINT('',(100.052051257,68.16837741659,-42.04522257046
    ));
#2279 = CARTESIAN_POINT('',(95.2871877481,69.49539053046,-39.88494496274
    ));
#2280 = CARTESIAN_POINT('',(86.5210170386,71.8297126353,-35.6538260023)
  );
#2281 = CARTESIAN_POINT('',(74.5190007781,74.66371024843,-29.26202507406
    ));
#2282 = CARTESIAN_POINT('',(63.1455175261,76.91386156816,-22.68858149468
    ));
#2283 = CARTESIAN_POINT('',(52.2758737124,78.57608141496,-15.99221106534
    ));
#2284 = CARTESIAN_POINT('',(41.7082353694,79.66524922738,-9.169634988758
    ));
#2285 = CARTESIAN_POINT('',(31.2876602074,80.16193354318,-2.225554467394
    ));
#2286 = CARTESIAN_POINT('',(21.2428546899,80.05160491699,4.569122980341)
  );
#2287 = CARTESIAN_POINT('',(11.9371780568,79.4269746458,10.85448507134)
  );
#2288 = CARTESIAN_POINT('',(3.3667683929,78.4242773565,16.56152875138));
#2289 = CARTESIAN_POINT('',(-4.8210401609,77.10493116442,21.8859435314)
  );
#2290 = CARTESIAN_POINT('',(-12.97684882982,75.46013341389,
    27.01731305336));
#2291 = CARTESIAN_POINT('',(-21.22382036445,73.48946313026,
    31.98805001065));
#2292 = CARTESIAN_POINT('',(-29.60124972471,71.21076691694,36.7805553909
    ));
#2293 = CARTESIAN_POINT('',(-38.30176070761,68.59473590814,
    41.46161022413));
#2294 = CARTESIAN_POINT('',(-47.69150067191,65.5379186689,46.15637925059
    ));
#2295 = CARTESIAN_POINT('',(-54.81358354844,63.06682408026,
    49.41314631049));
#2296 = CARTESIAN_POINT('',(-58.83920133087,61.63341163084,51.1471021801
    ));
#2297 = CARTESIAN_POINT('',(-59.38003289931,61.44022145389,51.378131023)
  );
#2298 = ADVANCED_FACE('',(#2299),#2397,.F.);
#2299 = FACE_BOUND('',#2300,.F.);
#2300 = EDGE_LOOP('',(#2301,#2302,#2311,#2383,#2396));
#2301 = ORIENTED_EDGE('',*,*,#535,.F.);
#2302 = ORIENTED_EDGE('',*,*,#2303,.F.);
#2303 = EDGE_CURVE('',#2304,#524,#2306,.T.);
#2304 = VERTEX_POINT('',#2305);
#2305 = CARTESIAN_POINT('',(102.78253101488,65.908724433714,
    55.393378282731));
#2306 = CIRCLE('',#2307,10.);
#2307 = AXIS2_PLACEMENT_3D('',#2308,#2309,#2310);
#2308 = CARTESIAN_POINT('',(98.3000000012,73.89462849197,51.37688079316)
  );
#2309 = DIRECTION('',(0.868572472433,0.28289375906,-0.406882023708));
#2310 = DIRECTION('',(0.448253101368,-0.798590405826,0.401649748957));
#2311 = ORIENTED_EDGE('',*,*,#2312,.T.);
#2312 = EDGE_CURVE('',#2304,#2313,#2315,.T.);
#2313 = VERTEX_POINT('',#2314);
#2314 = CARTESIAN_POINT('',(-88.21086192336,-51.60384568675,
    74.25029176026));
#2315 = B_SPLINE_CURVE_WITH_KNOTS('',14,(#2316,#2317,#2318,#2319,#2320,
    #2321,#2322,#2323,#2324,#2325,#2326,#2327,#2328,#2329,#2330,#2331,
    #2332,#2333,#2334,#2335,#2336,#2337,#2338,#2339,#2340,#2341,#2342,
    #2343,#2344,#2345,#2346,#2347,#2348,#2349,#2350,#2351,#2352,#2353,
    #2354,#2355,#2356,#2357,#2358,#2359,#2360,#2361,#2362,#2363,#2364,
    #2365,#2366,#2367,#2368,#2369,#2370,#2371,#2372,#2373,#2374,#2375,
    #2376,#2377,#2378,#2379,#2380,#2381,#2382),.UNSPECIFIED.,.F.,.F.,(15
    ,13,13,13,13,15),(0.,0.250546670534,0.357841073911,0.515361013018,
    0.732553661873,1.),.UNSPECIFIED.);
#2316 = CARTESIAN_POINT('',(102.78253101372,65.908724433336,
    55.393378283284));
#2317 = CARTESIAN_POINT('',(99.162106152853,64.68726249504,
    57.005277428919));
#2318 = CARTESIAN_POINT('',(95.556792878837,63.407655318717,
    58.608105575974));
#2319 = CARTESIAN_POINT('',(91.966609796711,62.068853643983,
    60.199184710284));
#2320 = CARTESIAN_POINT('',(88.393014738844,60.670056746727,
    61.773438820335));
#2321 = CARTESIAN_POINT('',(84.833860531484,59.210668203704,
    63.331172975577));
#2322 = CARTESIAN_POINT('',(81.291620816141,57.690412687485,
    64.865802020406));
#2323 = CARTESIAN_POINT('',(77.765858900136,56.109117279762,
    66.374277432952));
#2324 = CARTESIAN_POINT('',(74.254676314432,54.46696157197,
    67.856203568556));
#2325 = CARTESIAN_POINT('',(70.759177365669,52.76448245699,
    69.307155409747));
#2326 = CARTESIAN_POINT('',(67.280207391166,51.002179773807,
    70.72165534347));
#2327 = CARTESIAN_POINT('',(63.815557329736,49.180723781556,
    72.098039856739));
#2328 = CARTESIAN_POINT('',(60.366118710017,47.301703645566,
    73.432432244799));
#2329 = CARTESIAN_POINT('',(56.931083941021,45.366501000261,
    74.721324540026));
#2330 = CARTESIAN_POINT('',(52.044874006438,42.524923824271,
    76.492424154755));
#2331 = CARTESIAN_POINT('',(50.582350267171,41.662939302056,
    77.014499174125));
#2332 = CARTESIAN_POINT('',(49.12233601725,40.791134892309,
    77.527373158599));
#2333 = CARTESIAN_POINT('',(47.664788480973,39.909666599208,
    78.030791163586));
#2334 = CARTESIAN_POINT('',(46.209661221934,39.018697575951,
    78.524488548847));
#2335 = CARTESIAN_POINT('',(44.756904305489,38.118400070704,
    79.008200664989));
#2336 = CARTESIAN_POINT('',(43.306464490694,37.208956786043,
    79.481669858265));
#2337 = CARTESIAN_POINT('',(41.858285299787,36.290561618959,
    79.944649720779));
#2338 = CARTESIAN_POINT('',(40.412307175035,35.36341982488,
    80.396906681335));
#2339 = CARTESIAN_POINT('',(38.968467473926,34.427747556523,
    80.838218829958));
#2340 = CARTESIAN_POINT('',(37.526700557634,33.48377082562,
    81.268372079982));
#2341 = CARTESIAN_POINT('',(36.086937747742,32.531723846948,
    81.687153580283));
#2342 = CARTESIAN_POINT('',(34.649107321793,31.571846794225,
    82.094342441301));
#2343 = CARTESIAN_POINT('',(31.104968921123,29.184040031886,
    83.070122620334));
#2344 = CARTESIAN_POINT('',(29.000807878573,27.747350890409,
    83.625118556399));
#2345 = CARTESIAN_POINT('',(26.900409860002,26.295105159088,
    84.153716525476));
#2346 = CARTESIAN_POINT('',(24.803537205599,24.828185901138,
    84.656306668298));
#2347 = CARTESIAN_POINT('',(22.709923974502,23.347402305761,
    85.131373226983));
#2348 = CARTESIAN_POINT('',(20.619290572983,21.853644667823,
    85.578041734555));
#2349 = CARTESIAN_POINT('',(18.531354728175,20.34790379114,
    85.996572594393));
#2350 = CARTESIAN_POINT('',(16.445829275435,18.831180810609,
    86.387006673776));
#2351 = CARTESIAN_POINT('',(14.362414620907,17.304438270255,
    86.748378757427));
#2352 = CARTESIAN_POINT('',(12.280796546946,15.768656942272,
    87.079632319716));
#2353 = CARTESIAN_POINT('',(10.200652364399,14.22491276397,
    87.380960332938));
#2354 = CARTESIAN_POINT('',(8.121659641379,12.674322240716,
    87.653130626518));
#2355 = CARTESIAN_POINT('',(6.043496095482,11.117870183464,
    87.894796987128));
#2356 = CARTESIAN_POINT('',(1.101078121817,7.404066173756,
    88.397729095489));
#2357 = CARTESIAN_POINT('',(-1.762738411906,5.242452306983,
    88.631531975873));
#2358 = CARTESIAN_POINT('',(-4.626411323836,3.074391145927,
    88.808526049507));
#2359 = CARTESIAN_POINT('',(-7.491320452789,0.90433897082,
    88.921526233623));
#2360 = CARTESIAN_POINT('',(-10.356513072,-1.271025845163,
    89.003423758221));
#2361 = CARTESIAN_POINT('',(-13.22759492811,-3.432394766168,
    88.953039669826));
#2362 = CARTESIAN_POINT('',(-16.09672907187,-5.608316130802,
    88.984245744319));
#2363 = CARTESIAN_POINT('',(-18.97663892364,-7.752296557083,
    88.780423139692));
#2364 = CARTESIAN_POINT('',(-21.85619872882,-9.906628394644,
    88.684406154271));
#2365 = CARTESIAN_POINT('',(-24.74508470127,-12.03470703377,
    88.428185333849));
#2366 = CARTESIAN_POINT('',(-27.6393288513,-14.15257024258,
    88.16633642234));
#2367 = CARTESIAN_POINT('',(-30.5414335307,-16.25071212881,
    87.838113619529));
#2368 = CARTESIAN_POINT('',(-33.45161972146,-18.32876651226,
    87.462451675626));
#2369 = CARTESIAN_POINT('',(-39.96499392386,-22.91529631001,
    86.514496323319));
#2370 = CARTESIAN_POINT('',(-43.57271414774,-25.4121946759,
    85.91737790029));
#2371 = CARTESIAN_POINT('',(-47.19497892271,-27.87063614233,
    85.248305004669));
#2372 = CARTESIAN_POINT('',(-50.83267320064,-30.28849103203,
    84.515787695862));
#2373 = CARTESIAN_POINT('',(-54.48711648844,-32.65915234706,
    83.711393350745));
#2374 = CARTESIAN_POINT('',(-58.15876783627,-34.98316968269,
    82.852621975306));
#2375 = CARTESIAN_POINT('',(-61.84855214936,-37.25653331241,
    81.936109262934));
#2376 = CARTESIAN_POINT('',(-65.55669964294,-39.47617519567,
    80.964422231651));
#2377 = CARTESIAN_POINT('',(-69.28368780723,-41.64165030099,
    79.946891391953));
#2378 = CARTESIAN_POINT('',(-73.03037257209,-43.75069416695,
    78.882116736749));
#2379 = CARTESIAN_POINT('',(-76.79620491807,-45.80195036142,
    77.776661191087));
#2380 = CARTESIAN_POINT('',(-80.58176168804,-47.79485456005,
    76.633363402561));
#2381 = CARTESIAN_POINT('',(-84.3867588153,-49.72864613116,
    75.456162794399));
#2382 = CARTESIAN_POINT('',(-88.21105237449,-51.60315725478,
    74.248823363933));
#2383 = ORIENTED_EDGE('',*,*,#2384,.T.);
#2384 = EDGE_CURVE('',#2313,#562,#2385,.T.);
#2385 = B_SPLINE_CURVE_WITH_KNOTS('',3,(#2386,#2387,#2388,#2389,#2390,
    #2391,#2392,#2393,#2394,#2395),.UNSPECIFIED.,.F.,.F.,(4,1,1,1,1,1,1,
    4),(0.,0.142857142857,0.285714285714,0.428571428571,0.571428571429,
    0.714285714286,0.857142857143,1.),.UNSPECIFIED.);
#2386 = CARTESIAN_POINT('',(-88.21086192336,-51.60384568675,
    74.25029176026));
#2387 = CARTESIAN_POINT('',(-88.28910441671,-51.3162556336,
    73.64377688051));
#2388 = CARTESIAN_POINT('',(-88.62440340197,-50.67747754511,
    72.42202269616));
#2389 = CARTESIAN_POINT('',(-89.7171045639,-49.51267763898,
    70.64998270628));
#2390 = CARTESIAN_POINT('',(-91.32917756958,-48.16903566333,
    69.13752055652));
#2391 = CARTESIAN_POINT('',(-93.21001239242,-46.74084995785,
    68.0576992794));
#2392 = CARTESIAN_POINT('',(-95.38481583297,-45.12283345531,
    67.42164033303));
#2393 = CARTESIAN_POINT('',(-97.61402687189,-43.43333697974,
    67.42207921833));
#2394 = CARTESIAN_POINT('',(-98.9249719502,-42.40936356868,
    67.83629918939));
#2395 = CARTESIAN_POINT('',(-99.53525763896,-41.92942419074,
    68.13166208599));
#2396 = ORIENTED_EDGE('',*,*,#561,.T.);
#2397 = ( BOUNDED_SURFACE() B_SPLINE_SURFACE(3,3,(
    (#2398,#2399,#2400,#2401,#2402,#2403,#2404,#2405,#2406,#2407,#2408
      ,#2409,#2410,#2411,#2412,#2413,#2414,#2415,#2416,#2417,#2418,#2419
      )
    ,(#2420,#2421,#2422,#2423,#2424,#2425,#2426,#2427,#2428,#2429,#2430
      ,#2431,#2432,#2433,#2434,#2435,#2436,#2437,#2438,#2439,#2440,#2441
      )
    ,(#2442,#2443,#2444,#2445,#2446,#2447,#2448,#2449,#2450,#2451,#2452
      ,#2453,#2454,#2455,#2456,#2457,#2458,#2459,#2460,#2461,#2462,#2463
      )
    ,(#2464,#2465,#2466,#2467,#2468,#2469,#2470,#2471,#2472,#2473,#2474
      ,#2475,#2476,#2477,#2478,#2479,#2480,#2481,#2482,#2483,#2484,#2485
)),.UNSPECIFIED.,.F.,.F.,.F.) B_SPLINE_SURFACE_WITH_KNOTS((4,4),(4,1,1,1
    ,1,1,1,1,1,1,1,1,1,1,1,1,1,1,1,4),(0.,1.),(0.663201887644,
    0.674435634907,0.694423951983,0.716668931761,0.739295775514,
    0.760223478981,0.779133931,0.796689716536,0.813671979432,
    0.830727335831,0.848074998807,0.865306737647,0.882155566658,
    0.899274624817,0.91734032537,0.935935852669,0.955334071415,
    0.976399691647,1.,1.003288082274),.UNSPECIFIED.) 
GEOMETRIC_REPRESENTATION_ITEM() RATIONAL_B_SPLINE_SURFACE((
    (1.242624094808,1.242624094808,1.242624094808,1.242624094808
      ,1.242624094808,1.242624094808,1.242624094808,1.242624094808
      ,1.242624094808,1.242624094808,1.242624094808,1.242624094808
      ,1.242624094808,1.242624094808,1.242624094808,1.242624094808
      ,1.242624094808,1.242624094808,1.242624094808,1.242624094808
      ,1.242624094808,1.242624094808)
    ,(0.919125301731,0.919125301731,0.919125301731,0.919125301731
      ,0.919125301731,0.919125301731,0.919125301731,0.919125301731
      ,0.919125301731,0.919125301731,0.919125301731,0.919125301731
      ,0.919125301731,0.919125301731,0.919125301731,0.919125301731
      ,0.919125301731,0.919125301731,0.919125301731,0.919125301731
      ,0.919125301731,0.919125301731)
    ,(0.919125301731,0.919125301731,0.919125301731,0.919125301731
      ,0.919125301731,0.919125301731,0.919125301731,0.919125301731
      ,0.919125301731,0.919125301731,0.919125301731,0.919125301731
      ,0.919125301731,0.919125301731,0.919125301731,0.919125301731
      ,0.919125301731,0.919125301731,0.919125301731,0.919125301731
      ,0.919125301731,0.919125301731)
    ,(1.242624094808,1.242624094808,1.242624094808,1.242624094808
      ,1.242624094808,1.242624094808,1.242624094808,1.242624094808
      ,1.242624094808,1.242624094808,1.242624094808,1.242624094808
      ,1.242624094808,1.242624094808,1.242624094808,1.242624094808
      ,1.242624094808,1.242624094808,1.242624094808,1.242624094808
,1.242624094808,1.242624094808))) REPRESENTATION_ITEM('') SURFACE() );
#2398 = CARTESIAN_POINT('',(-96.75863021785,-56.15814686371,
    72.5051914136));
#2399 = CARTESIAN_POINT('',(-94.38297628272,-55.09045978074,
    73.32916725777));
#2400 = CARTESIAN_POINT('',(-87.80726921991,-52.03054993357,
    75.58625128766));
#2401 = CARTESIAN_POINT('',(-76.67889194071,-46.34772261606,
    79.25438550952));
#2402 = CARTESIAN_POINT('',(-63.40262328456,-38.74333030276,
    83.25352820292));
#2403 = CARTESIAN_POINT('',(-50.17227569054,-30.32096420051,
    86.66630907085));
#2404 = CARTESIAN_POINT('',(-37.81658925895,-21.76983318067,
    89.17038942726));
#2405 = CARTESIAN_POINT('',(-26.61279748408,-13.55092256795,
    90.75805795955));
#2406 = CARTESIAN_POINT('',(-16.28155588727,-5.686273093756,
    91.57303994894));
#2407 = CARTESIAN_POINT('',(-6.37739721589,2.005960931473,91.72275784159
    ));
#2408 = CARTESIAN_POINT('',(3.4459462178,9.674401927566,91.23480137933)
  );
#2409 = CARTESIAN_POINT('',(13.3034444766,17.29437166365,90.10285767753)
  );
#2410 = CARTESIAN_POINT('',(23.1358856444,24.70779324913,88.3559608007)
  );
#2411 = CARTESIAN_POINT('',(32.9640730152,31.83569288126,86.04637085238)
  );
#2412 = CARTESIAN_POINT('',(43.014641101,38.75555570096,83.17028861781)
  );
#2413 = CARTESIAN_POINT('',(53.4896639311,45.49968219982,79.69429052818)
  );
#2414 = CARTESIAN_POINT('',(64.5210307822,52.03333791648,75.60373945805)
  );
#2415 = CARTESIAN_POINT('',(76.2797460633,58.33514921568,70.87713292897)
  );
#2416 = CARTESIAN_POINT('',(89.202938492,64.4742358411,65.37949920358));
#2417 = CARTESIAN_POINT('',(99.019737581,68.49119758559,61.0525061411));
#2418 = CARTESIAN_POINT('',(104.5704020457,70.55313281152,58.5877825303)
  );
#2419 = CARTESIAN_POINT('',(105.2498595084,70.80244022033,58.28587285789
    ));
#2420 = CARTESIAN_POINT('',(-96.30631708953,-53.05380154538,
    66.08520428857));
#2421 = CARTESIAN_POINT('',(-93.9264530958,-52.07679713802,
    66.86562762358));
#2422 = CARTESIAN_POINT('',(-87.33913254552,-49.27507872625,
    69.00526528251));
#2423 = CARTESIAN_POINT('',(-76.19149426254,-44.06354275524,
    72.49215595216));
#2424 = CARTESIAN_POINT('',(-62.8935723411,-37.0766723828,76.31260820673
    ));
#2425 = CARTESIAN_POINT('',(-49.6439484656,-29.32520689033,
    79.59899420909));
#2426 = CARTESIAN_POINT('',(-37.27318097482,-21.44451289985,
    82.04300893462));
#2427 = CARTESIAN_POINT('',(-26.05870976347,-13.86197293405,
    83.63207943881));
#2428 = CARTESIAN_POINT('',(-15.72049295072,-6.600005709835,
    84.50023305266));
#2429 = CARTESIAN_POINT('',(-5.81244627576,0.50822299201,84.75058149592)
  );
#2430 = CARTESIAN_POINT('',(4.0119406578,7.599830708201,84.41178286613)
  );
#2431 = CARTESIAN_POINT('',(13.8676626751,14.65231557242,83.47861335297)
  );
#2432 = CARTESIAN_POINT('',(23.6956366084,21.51982691541,81.97641511283)
  );
#2433 = CARTESIAN_POINT('',(33.516923449,28.12955378906,79.95283380031)
  );
#2434 = CARTESIAN_POINT('',(43.5582374136,34.55388748214,77.40592014081)
  );
#2435 = CARTESIAN_POINT('',(54.0215996704,40.82391719442,74.30568558629)
  );
#2436 = CARTESIAN_POINT('',(65.0389091779,46.90872061967,70.63828714608)
  );
#2437 = CARTESIAN_POINT('',(76.7811626594,52.78982675113,66.38354685448)
  );
#2438 = CARTESIAN_POINT('',(89.6850824608,58.53394991766,61.41808894019)
  );
#2439 = CARTESIAN_POINT('',(99.4866863532,62.30523579036,57.49812831857)
  );
#2440 = CARTESIAN_POINT('',(105.0287039132,64.24546825055,55.26180810171
    ));
#2441 = CARTESIAN_POINT('',(105.7071023315,64.48013126232,54.98782589528
    ));
#2442 = CARTESIAN_POINT('',(-98.76510743131,-46.62252960142,
    64.1744793083));
#2443 = CARTESIAN_POINT('',(-96.40812946667,-45.6838813323,
    64.85525092259));
#2444 = CARTESIAN_POINT('',(-89.88394024962,-42.99658951403,
    66.71699950688));
#2445 = CARTESIAN_POINT('',(-78.84100547202,-38.01934743232,
    69.72676185073));
#2446 = CARTESIAN_POINT('',(-65.6607914751,-31.38079215364,
    72.97691668918));
#2447 = CARTESIAN_POINT('',(-52.51595415515,-24.04968409332,
    75.70746098729));
#2448 = CARTESIAN_POINT('',(-40.22716784144,-16.62418742596,
    77.65703513818));
#2449 = CARTESIAN_POINT('',(-29.07075042876,-9.50041350983,
    78.82796404992));
#2450 = CARTESIAN_POINT('',(-18.7704511393,-2.694026023975,
    79.34246161467));
#2451 = CARTESIAN_POINT('',(-8.88353979087,3.954127961688,79.28702418616
    ));
#2452 = CARTESIAN_POINT('',(0.93517464,10.57286324392,78.68027666037));
#2453 = CARTESIAN_POINT('',(10.8005523698,17.14035155573,77.51575664769)
  );
#2454 = CARTESIAN_POINT('',(20.6528103497,23.51960105652,75.82101241863)
  );
#2455 = CARTESIAN_POINT('',(30.5116087191,29.64208150054,73.64227814432)
  );
#2456 = CARTESIAN_POINT('',(40.6032284174,35.573458835,70.97369327846));
#2457 = CARTESIAN_POINT('',(51.129977968,41.33960126497,67.78488978146)
  );
#2458 = CARTESIAN_POINT('',(62.2237036977,46.90854963737,64.06374063345)
  );
#2459 = CARTESIAN_POINT('',(74.055444111,52.25971910556,59.79217020597)
  );
#2460 = CARTESIAN_POINT('',(87.0641306033,57.44815698274,54.85130085692)
  );
#2461 = CARTESIAN_POINT('',(96.9483361279,60.82202843508,50.98203150443)
  );
#2462 = CARTESIAN_POINT('',(102.5373585713,62.54659201537,48.78372610776
    ));
#2463 = CARTESIAN_POINT('',(103.2215139925,62.75499147301,48.51453344976
    ));
#2464 = CARTESIAN_POINT('',(-102.214672212,-41.88719044808,
    68.26530338627));
#2465 = CARTESIAN_POINT('',(-99.8898022473,-40.90461542098,
    68.86815262042));
#2466 = CARTESIAN_POINT('',(-93.45418325927,-38.0986175438,
    70.50860235041));
#2467 = CARTESIAN_POINT('',(-82.55814247196,-32.93568705411,
    73.11799149019));
#2468 = CARTESIAN_POINT('',(-69.54306704092,-26.10420398261,
    75.85164741203));
#2469 = CARTESIAN_POINT('',(-56.54524022666,-18.61460866745,
    78.03101865208));
#2470 = CARTESIAN_POINT('',(-44.37146956773,-11.07355795759,
    79.4379381432));
#2471 = CARTESIAN_POINT('',(-33.2964988469,-3.872646639084,
    80.09775282429));
#2472 = CARTESIAN_POINT('',(-23.04939602185,2.981073947847,
    80.12797402191));
#2473 = CARTESIAN_POINT('',(-13.19213652164,9.65240475521,79.59915477812
    ));
#2474 = CARTESIAN_POINT('',(-3.38138033976,16.27154446938,78.51662121669
    ));
#2475 = CARTESIAN_POINT('',(6.4975438911,22.81530957261,76.87131205247)
  );
#2476 = CARTESIAN_POINT('',(16.3838712222,29.1452808655,74.69715670487)
  );
#2477 = CARTESIAN_POINT('',(26.2952964655,35.19198339984,72.04328320352)
  );
#2478 = CARTESIAN_POINT('',(36.4574926925,41.01797882131,68.89721324362)
  );
#2479 = CARTESIAN_POINT('',(47.0731715724,46.64398226352,65.22468116682)
  );
#2480 = CARTESIAN_POINT('',(58.2741055924,52.03295850771,61.01485757716)
  );
#2481 = CARTESIAN_POINT('',(70.2313918739,57.15884331982,56.25090507084)
  );
#2482 = CARTESIAN_POINT('',(83.3870610027,62.06486740112,50.80783323399)
  );
#2483 = CARTESIAN_POINT('',(93.3871526508,65.19996877316,46.59332381373)
  );
#2484 = CARTESIAN_POINT('',(99.0421206886,66.78333596276,44.21295487597)
  );
#2485 = CARTESIAN_POINT('',(99.7343529083,66.9743646921,43.92167318469)
  );
#2486 = ADVANCED_FACE('',(#2487),#2566,.T.);
#2487 = FACE_BOUND('',#2488,.T.);
#2488 = EDGE_LOOP('',(#2489,#2524,#2533,#2539,#2540,#2541,#2549));
#2489 = ORIENTED_EDGE('',*,*,#2490,.T.);
#2490 = EDGE_CURVE('',#2491,#2493,#2495,.T.);
#2491 = VERTEX_POINT('',#2492);
#2492 = CARTESIAN_POINT('',(-63.64910311747,-48.17119058692,
    73.887019949164));
#2493 = VERTEX_POINT('',#2494);
#2494 = CARTESIAN_POINT('',(-51.82511515985,-95.33656024992,
    194.69010990683));
#2495 = B_SPLINE_CURVE_WITH_KNOTS('',14,(#2496,#2497,#2498,#2499,#2500,
    #2501,#2502,#2503,#2504,#2505,#2506,#2507,#2508,#2509,#2510,#2511,
    #2512,#2513,#2514,#2515,#2516,#2517,#2518,#2519,#2520,#2521,#2522,
    #2523),.UNSPECIFIED.,.F.,.F.,(15,13,15),(0.,0.365082946342,1.),
  .UNSPECIFIED.);
#2496 = CARTESIAN_POINT('',(-63.64911342555,-48.17119509969,
    73.887014601096));
#2497 = CARTESIAN_POINT('',(-63.31814268107,-49.34021058913,
    77.058480919656));
#2498 = CARTESIAN_POINT('',(-62.98998113243,-50.51230549055,
    80.229070488713));
#2499 = CARTESIAN_POINT('',(-62.66449172492,-51.68743609518,
    83.398784983177));
#2500 = CARTESIAN_POINT('',(-62.34151249738,-52.86591190679,
    86.567483185527));
#2501 = CARTESIAN_POINT('',(-62.02090064755,-54.04776542706,
    89.735135958747));
#2502 = CARTESIAN_POINT('',(-61.70251917272,-55.23294346586,
    92.901748828815));
#2503 = CARTESIAN_POINT('',(-61.38622033718,-56.42154374482,
    96.067266293715));
#2504 = CARTESIAN_POINT('',(-61.07184575545,-57.61381398098,
    99.231572148536));
#2505 = CARTESIAN_POINT('',(-60.7592399358,-58.8099581827,
    102.39456790702));
#2506 = CARTESIAN_POINT('',(-60.44826291271,-60.00995625382,
    105.5562457252));
#2507 = CARTESIAN_POINT('',(-60.13878783107,-61.21359857766,
    108.71667445991));
#2508 = CARTESIAN_POINT('',(-59.83068135057,-62.4207666014,
    111.87588611369));
#2509 = CARTESIAN_POINT('',(-59.52378819315,-63.63165398964,
    115.03378638668));
#2510 = CARTESIAN_POINT('',(-58.68613785715,-66.95820300147,
    123.68012221711));
#2511 = CARTESIAN_POINT('',(-58.15768120151,-69.08109454467,
    129.16598433881));
#2512 = CARTESIAN_POINT('',(-57.63066705222,-71.21544248028,
    134.64773567898));
#2513 = CARTESIAN_POINT('',(-57.11038125768,-73.35713900061,
    140.12655871166));
#2514 = CARTESIAN_POINT('',(-56.57726574832,-75.51842124,145.59865491945
    ));
#2515 = CARTESIAN_POINT('',(-56.07044244344,-77.67291611593,
    151.07199228672));
#2516 = CARTESIAN_POINT('',(-55.53106198146,-79.85871059643,
    156.53489478659));
#2517 = CARTESIAN_POINT('',(-55.01509269292,-82.03834543371,
    161.9987090634));
#2518 = CARTESIAN_POINT('',(-54.48673462619,-84.23474040064,
    167.45638140028));
#2519 = CARTESIAN_POINT('',(-53.95893453112,-86.43874137252,
    172.91063263673));
#2520 = CARTESIAN_POINT('',(-53.42989834672,-88.65089262809,
    178.36122805287));
#2521 = CARTESIAN_POINT('',(-52.8977412354,-90.87179790311,
    183.8079148719));
#2522 = CARTESIAN_POINT('',(-52.3630257807,-93.10045049848,
    189.2509311052));
#2523 = CARTESIAN_POINT('',(-51.82510647823,-95.3366386131,
    194.69027254328));
#2524 = ORIENTED_EDGE('',*,*,#2525,.F.);
#2525 = EDGE_CURVE('',#2526,#2493,#2528,.T.);
#2526 = VERTEX_POINT('',#2527);
#2527 = CARTESIAN_POINT('',(-73.22841730262,-106.6657202244,190.37410986
    ));
#2528 = CIRCLE('',#2529,30.00000000006);
#2529 = AXIS2_PLACEMENT_3D('',#2530,#2531,#2532);
#2530 = CARTESIAN_POINT('',(-75.9485275279,-79.80762874311,
    203.4601305443));
#2531 = DIRECTION('',(4.803357124156E-02,-0.433569604982,0.899838970966)
  );
#2532 = DIRECTION('',(9.067010243104E-02,-0.895266848568,-0.436206605155
    ));
#2533 = ORIENTED_EDGE('',*,*,#2534,.T.);
#2534 = EDGE_CURVE('',#2526,#2313,#2535,.T.);
#2535 = LINE('',#2536,#2537);
#2536 = CARTESIAN_POINT('',(-73.22841730262,-106.6657202244,190.37410986
    ));
#2537 = VECTOR('',#2538,1.);
#2538 = DIRECTION('',(-0.115795494354,0.425559189008,-0.897491381651));
#2539 = ORIENTED_EDGE('',*,*,#2384,.T.);
#2540 = ORIENTED_EDGE('',*,*,#598,.T.);
#2541 = ORIENTED_EDGE('',*,*,#2542,.F.);
#2542 = EDGE_CURVE('',#2543,#599,#2545,.T.);
#2543 = VERTEX_POINT('',#2544);
#2544 = CARTESIAN_POINT('',(-88.54981981779,-50.35802029816,
    71.62291975265));
#2545 = LINE('',#2546,#2547);
#2546 = CARTESIAN_POINT('',(-88.54981981779,-50.35802029816,
    71.62291975265));
#2547 = VECTOR('',#2548,1.);
#2548 = DIRECTION('',(-0.115780451865,0.425568617429,-0.897488851644));
#2549 = ORIENTED_EDGE('',*,*,#2550,.T.);
#2550 = EDGE_CURVE('',#2543,#2491,#2551,.T.);
#2551 = B_SPLINE_CURVE_WITH_KNOTS('',3,(#2552,#2553,#2554,#2555,#2556,
    #2557,#2558,#2559,#2560,#2561,#2562,#2563,#2564,#2565),
  .UNSPECIFIED.,.F.,.F.,(4,1,1,1,1,1,1,1,1,1,1,4),(0.,9.090909090909E-02
    ,0.181818181818,0.272727272727,0.363636363636,0.454545454545,
    0.545454545455,0.636363636364,0.727272727273,0.818181818182,
    0.909090909091,1.),.UNSPECIFIED.);
#2552 = CARTESIAN_POINT('',(-88.54981981779,-50.35802029816,
    71.62291975265));
#2553 = CARTESIAN_POINT('',(-87.82002047698,-50.53684262991,
    71.43713261359));
#2554 = CARTESIAN_POINT('',(-86.31582399819,-50.858506407,71.09828697697
    ));
#2555 = CARTESIAN_POINT('',(-83.85643136473,-51.22223800448,
    70.70901734733));
#2556 = CARTESIAN_POINT('',(-81.423960062,-51.42497399096,70.49234658983
    ));
#2557 = CARTESIAN_POINT('',(-79.07443215035,-51.482443061,70.43644595373
    ));
#2558 = CARTESIAN_POINT('',(-76.77451312132,-51.40830010928,
    70.52747863918));
#2559 = CARTESIAN_POINT('',(-74.52129217937,-51.20857866494,
    70.75703452557));
#2560 = CARTESIAN_POINT('',(-72.30471110699,-50.88477677315,
    71.11907245274));
#2561 = CARTESIAN_POINT('',(-70.1190953623,-50.43468530092,
    71.60922948435));
#2562 = CARTESIAN_POINT('',(-67.94750230177,-49.84659553545,
    72.23023408072));
#2563 = CARTESIAN_POINT('',(-65.81729577665,-49.12012695515,
    72.97022404494));
#2564 = CARTESIAN_POINT('',(-64.36995742878,-48.50925815175,73.566370564
    ));
#2565 = CARTESIAN_POINT('',(-63.64942842579,-48.17071292708,
    73.88727234669));
#2566 = ( BOUNDED_SURFACE() B_SPLINE_SURFACE(3,3,(
    (#2567,#2568,#2569,#2570,#2571,#2572,#2573)
    ,(#2574,#2575,#2576,#2577,#2578,#2579,#2580)
    ,(#2581,#2582,#2583,#2584,#2585,#2586,#2587)
    ,(#2588,#2589,#2590,#2591,#2592,#2593,#2594
)),.UNSPECIFIED.,.F.,.F.,.F.) B_SPLINE_SURFACE_WITH_KNOTS((4,4),(4,1,1,1
    ,4),(0.,1.),(0.806286055882,0.860509206698,0.93474520145,1.,
1.001914094951),.UNSPECIFIED.) GEOMETRIC_REPRESENTATION_ITEM() 
RATIONAL_B_SPLINE_SURFACE((
    (1.122129654576,1.122129654576,1.122129654576,1.122129654576
      ,1.122129654576,1.122129654576,1.122129654576)
    ,(0.959290115141,0.959290115141,0.959290115141,0.959290115141
      ,0.959290115141,0.959290115141,0.959290115141)
    ,(0.959290115141,0.959290115141,0.959290115141,0.959290115141
      ,0.959290115141,0.959290115141,0.959290115141)
    ,(1.122129654576,1.122129654576,1.122129654576,1.122129654576
      ,1.122129654576,1.122129654576,1.122129654576
))) REPRESENTATION_ITEM('') SURFACE() );
#2567 = CARTESIAN_POINT('',(-100.6766454899,-39.96912263982,
    66.29086603151));
#2568 = CARTESIAN_POINT('',(-99.59768896201,-46.03531550013,
    77.97974890249));
#2569 = CARTESIAN_POINT('',(-96.90967555006,-60.48983237382,
    105.6686366066));
#2570 = CARTESIAN_POINT('',(-92.27637261777,-82.37597839905,
    147.4767934105));
#2571 = CARTESIAN_POINT('',(-88.45545471033,-98.22140581359,
    178.0537071609));
#2572 = CARTESIAN_POINT('',(-86.55910849283,-105.6957129975,
    192.5927907723));
#2573 = CARTESIAN_POINT('',(-86.50500331306,-105.9086631394,
    193.007119053));
#2574 = CARTESIAN_POINT('',(-90.43752362857,-49.4786411995,62.15995936)
  );
#2575 = CARTESIAN_POINT('',(-88.87486438964,-55.07338060947,
    73.96396176994));
#2576 = CARTESIAN_POINT('',(-85.15080584082,-68.36031671295,
    101.9385784822));
#2577 = CARTESIAN_POINT('',(-79.39778421872,-88.47182055725,
    144.1865975161));
#2578 = CARTESIAN_POINT('',(-75.05161527094,-103.13155523,175.0701692634
    ));
#2579 = CARTESIAN_POINT('',(-72.95547668044,-110.0776060783,
    189.7493682913));
#2580 = CARTESIAN_POINT('',(-72.8957180074,-110.2755312814,
    190.1676848822));
#2581 = CARTESIAN_POINT('',(-75.96961526831,-51.03294747899,
    61.38639453661));
#2582 = CARTESIAN_POINT('',(-74.32654199717,-55.99673357784,
    73.43473451019));
#2583 = CARTESIAN_POINT('',(-70.52887211732,-67.81003007749,
    101.9645452065));
#2584 = CARTESIAN_POINT('',(-65.01678003989,-85.9263553319,
    144.9154636321));
#2585 = CARTESIAN_POINT('',(-61.00754554609,-99.37219900092,
    176.2114197608));
#2586 = CARTESIAN_POINT('',(-59.08915719721,-105.7959185798,
    191.0673866307));
#2587 = CARTESIAN_POINT('',(-59.03447768986,-105.979003161,
    191.4907252119));
#2588 = CARTESIAN_POINT('',(-63.57151752144,-43.95537496923,
    64.30694264403));
#2589 = CARTESIAN_POINT('',(-62.28632710804,-48.40339312398,
    76.62246596231));
#2590 = CARTESIAN_POINT('',(-59.40952636144,-59.07853949584,
    105.7352321783));
#2591 = CARTESIAN_POINT('',(-55.39412349899,-75.8477498138,
    149.3460802372));
#2592 = CARTESIAN_POINT('',(-52.43732469712,-88.5799710957,
    180.9806157849));
#2593 = CARTESIAN_POINT('',(-50.99684572025,-94.71468114412,
    195.9730471253));
#2594 = CARTESIAN_POINT('',(-50.95576682517,-94.88957027839,
    196.4002550557));
#2595 = ADVANCED_FACE('',(#2596),#2612,.T.);
#2596 = FACE_BOUND('',#2597,.T.);
#2597 = EDGE_LOOP('',(#2598,#2599,#2611));
#2598 = ORIENTED_EDGE('',*,*,#609,.T.);
#2599 = ORIENTED_EDGE('',*,*,#2600,.T.);
#2600 = EDGE_CURVE('',#610,#2543,#2601,.T.);
#2601 = B_SPLINE_CURVE_WITH_KNOTS('',3,(#2602,#2603,#2604,#2605,#2606,
    #2607,#2608,#2609,#2610),.UNSPECIFIED.,.F.,.F.,(4,1,1,1,1,1,4),(0.,
    0.166666666667,0.333333333333,0.5,0.666666666667,0.833333333333,1.),
  .UNSPECIFIED.);
#2602 = CARTESIAN_POINT('',(-97.95325573553,-50.63455719038,61.936593562
    ));
#2603 = CARTESIAN_POINT('',(-97.05608951673,-50.27438832966,
    62.23104043168));
#2604 = CARTESIAN_POINT('',(-95.33845601793,-49.68559835982,
    62.97805020905));
#2605 = CARTESIAN_POINT('',(-93.03926077601,-49.16373342567,
    64.4897137866));
#2606 = CARTESIAN_POINT('',(-91.19866319894,-49.0050112207,
    66.20572421857));
#2607 = CARTESIAN_POINT('',(-89.81822396439,-49.16425148828,
    68.02737164261));
#2608 = CARTESIAN_POINT('',(-88.90938479763,-49.62012817681,
    69.88107497271));
#2609 = CARTESIAN_POINT('',(-88.62263227116,-50.09039860496,
    71.05852478233));
#2610 = CARTESIAN_POINT('',(-88.54981981779,-50.35802029816,
    71.62291975265));
#2611 = ORIENTED_EDGE('',*,*,#2542,.T.);
#2612 = B_SPLINE_SURFACE_WITH_KNOTS('',3,3,(
    (#2613,#2614,#2615,#2616)
    ,(#2617,#2618,#2619,#2620)
    ,(#2621,#2622,#2623,#2624)
    ,(#2625,#2626,#2627,#2628)
    ,(#2629,#2630,#2631,#2632
  )),.UNSPECIFIED.,.F.,.F.,.F.,(4,1,4),(4,4),(0.99443144603,1.,
    1.046400781544),(0.168816335235,0.202182172086),.UNSPECIFIED.);
#2613 = CARTESIAN_POINT('',(-88.83495559595,-44.55527705257,
    60.7738806846));
#2614 = CARTESIAN_POINT('',(-88.32607819519,-46.43368364205,
    64.77778110675));
#2615 = CARTESIAN_POINT('',(-87.81720079443,-48.31209023153,
    68.78168152889));
#2616 = CARTESIAN_POINT('',(-87.30832339367,-50.19049682101,
    72.78558195104));
#2617 = CARTESIAN_POINT('',(-89.20638316031,-44.77470577136,
    60.7738806846));
#2618 = CARTESIAN_POINT('',(-88.69493922008,-46.65981604054,
    64.77778110675));
#2619 = CARTESIAN_POINT('',(-88.18349527984,-48.54492630972,
    68.78168152889));
#2620 = CARTESIAN_POINT('',(-87.6720513396,-50.43003657891,
    72.78558195104));
#2621 = CARTESIAN_POINT('',(-92.67278463837,-46.82255603373,
    60.7738806846));
#2622 = CARTESIAN_POINT('',(-92.13738809716,-48.77022936354,
    64.77778110675));
#2623 = CARTESIAN_POINT('',(-91.60199155595,-50.71790269335,
    68.78168152889));
#2624 = CARTESIAN_POINT('',(-91.06659501473,-52.66557602316,
    72.78558195104));
#2625 = CARTESIAN_POINT('',(-96.13918611644,-48.8704062961,60.7738806846
    ));
#2626 = CARTESIAN_POINT('',(-95.57983697425,-50.88064268654,
    64.77778110675));
#2627 = CARTESIAN_POINT('',(-95.02048783206,-52.89087907698,
    68.78168152889));
#2628 = CARTESIAN_POINT('',(-94.46113868986,-54.90111546742,
    72.78558195104));
#2629 = CARTESIAN_POINT('',(-99.23416003014,-50.69882783969,
    60.7738806846));
#2630 = CARTESIAN_POINT('',(-98.65342482645,-52.76492361105,
    64.77778110675));
#2631 = CARTESIAN_POINT('',(-98.07268962276,-54.83101938241,
    68.78168152889));
#2632 = CARTESIAN_POINT('',(-97.49195441907,-56.89711515378,
    72.78558195104));
#2633 = ADVANCED_FACE('',(#2634),#2646,.F.);
#2634 = FACE_BOUND('',#2635,.F.);
#2635 = EDGE_LOOP('',(#2636,#2643,#2644,#2645));
#2636 = ORIENTED_EDGE('',*,*,#2637,.T.);
#2637 = EDGE_CURVE('',#2491,#621,#2638,.T.);
#2638 = CIRCLE('',#2639,9.999160842185);
#2639 = AXIS2_PLACEMENT_3D('',#2640,#2641,#2642);
#2640 = CARTESIAN_POINT('',(-58.44775236214,-55.99358709204,
    70.46075656399));
#2641 = DIRECTION('',(-0.846082020319,-0.417325541628,-0.331639272701));
#2642 = DIRECTION('',(-0.520178726738,0.782305298272,0.342655092687));
#2643 = ORIENTED_EDGE('',*,*,#620,.F.);
#2644 = ORIENTED_EDGE('',*,*,#2600,.T.);
#2645 = ORIENTED_EDGE('',*,*,#2550,.T.);
#2646 = ( BOUNDED_SURFACE() B_SPLINE_SURFACE(3,3,(
    (#2647,#2648,#2649,#2650,#2651,#2652,#2653,#2654,#2655,#2656,#2657
      ,#2658,#2659,#2660,#2661,#2662,#2663,#2664)
    ,(#2665,#2666,#2667,#2668,#2669,#2670,#2671,#2672,#2673,#2674,#2675
      ,#2676,#2677,#2678,#2679,#2680,#2681,#2682)
    ,(#2683,#2684,#2685,#2686,#2687,#2688,#2689,#2690,#2691,#2692,#2693
      ,#2694,#2695,#2696,#2697,#2698,#2699,#2700)
    ,(#2701,#2702,#2703,#2704,#2705,#2706,#2707,#2708,#2709,#2710,#2711
      ,#2712,#2713,#2714,#2715,#2716,#2717,#2718
)),.UNSPECIFIED.,.F.,.F.,.F.) B_SPLINE_SURFACE_WITH_KNOTS((4,4),(4,1,1,1
    ,1,1,1,1,1,1,1,1,1,1,1,4),(0.,1.),(-1.863214020263E-02,0.,
    7.504402508687E-02,0.146557999528,0.216625697024,0.285683615022,
    0.35445499869,0.423624890182,0.493876923388,0.565956682534,
    0.640559696201,0.715264433394,0.785641861448,0.852851667475,
    0.922832566381,0.934423436049),.UNSPECIFIED.) 
GEOMETRIC_REPRESENTATION_ITEM() RATIONAL_B_SPLINE_SURFACE((
    (1.181181807931,1.181181807931,1.181181807931,1.181181807931
      ,1.181181807931,1.181181807931,1.181181807931,1.181181807931
      ,1.181181807931,1.181181807931,1.181181807931,1.181181807931
      ,1.181181807931,1.181181807931,1.181181807931,1.181181807931
      ,1.181181807931,1.181181807931)
    ,(0.939606064023,0.939606064023,0.939606064023,0.939606064023
      ,0.939606064023,0.939606064023,0.939606064023,0.939606064023
      ,0.939606064023,0.939606064023,0.939606064023,0.939606064023
      ,0.939606064023,0.939606064023,0.939606064023,0.939606064023
      ,0.939606064023,0.939606064023)
    ,(0.939606064023,0.939606064023,0.939606064023,0.939606064023
      ,0.939606064023,0.939606064023,0.939606064023,0.939606064023
      ,0.939606064023,0.939606064023,0.939606064023,0.939606064023
      ,0.939606064023,0.939606064023,0.939606064023,0.939606064023
      ,0.939606064023,0.939606064023)
    ,(1.181181807931,1.181181807931,1.181181807931,1.181181807931
      ,1.181181807931,1.181181807931,1.181181807931,1.181181807931
      ,1.181181807931,1.181181807931,1.181181807931,1.181181807931
      ,1.181181807931,1.181181807931,1.181181807931,1.181181807931
,1.181181807931,1.181181807931))) REPRESENTATION_ITEM('') SURFACE() );
#2647 = CARTESIAN_POINT('',(-63.21801805199,-48.57897293923,
    75.23537878566));
#2648 = CARTESIAN_POINT('',(-63.39625293928,-48.66570132635,
    75.15386795536));
#2649 = CARTESIAN_POINT('',(-64.29783327001,-49.09336198459,
    74.74900624714));
#2650 = CARTESIAN_POINT('',(-65.9342801915,-49.77340475885,
    74.08120367017));
#2651 = CARTESIAN_POINT('',(-68.16006252615,-50.51482513917,
    73.31882950397));
#2652 = CARTESIAN_POINT('',(-70.38770986891,-51.09646341789,
    72.69687205395));
#2653 = CARTESIAN_POINT('',(-72.63564679947,-51.53685472305,
    72.21027310039));
#2654 = CARTESIAN_POINT('',(-74.9104927158,-51.84457539784,
    71.86031834544));
#2655 = CARTESIAN_POINT('',(-77.22280828323,-52.0231762429,
    71.65057928314));
#2656 = CARTESIAN_POINT('',(-79.58362021246,-52.07062020858,
    71.58784361554));
#2657 = CARTESIAN_POINT('',(-82.00307875186,-51.97903712637,
    71.68230078358));
#2658 = CARTESIAN_POINT('',(-84.45468159146,-51.73773556357,
    71.94361529883));
#2659 = CARTESIAN_POINT('',(-86.85380550539,-51.34818610355,
    72.36353294749));
#2660 = CARTESIAN_POINT('',(-89.12599268866,-50.82970633176,
    72.91118909123));
#2661 = CARTESIAN_POINT('',(-91.29264509985,-50.1897352457,
    73.56805591908));
#2662 = CARTESIAN_POINT('',(-92.79827141968,-49.63489149612,
    74.11744491371));
#2663 = CARTESIAN_POINT('',(-93.60577393101,-49.29886035099,
    74.44122104835));
#2664 = CARTESIAN_POINT('',(-93.72014190226,-49.25046891404,
    74.48767129691));
#2665 = CARTESIAN_POINT('',(-62.94165701402,-45.18802732262,
    70.24505567905));
#2666 = CARTESIAN_POINT('',(-63.11450440797,-45.27826278473,
    70.16150735283));
#2667 = CARTESIAN_POINT('',(-63.99072748577,-45.72437564284,
    69.74564819619));
#2668 = CARTESIAN_POINT('',(-65.59822586212,-46.44353359311,
    69.05258543736));
#2669 = CARTESIAN_POINT('',(-67.82025675548,-47.24399430647,
    68.25216981134));
#2670 = CARTESIAN_POINT('',(-70.07528237297,-47.88311065797,
    67.59170193077));
#2671 = CARTESIAN_POINT('',(-72.37756061363,-48.37475246143,
    67.07015921516));
#2672 = CARTESIAN_POINT('',(-74.72875932734,-48.72316444243,
    66.69208966795));
#2673 = CARTESIAN_POINT('',(-77.13384693838,-48.92847546954,
    66.46385256436));
#2674 = CARTESIAN_POINT('',(-79.59732507878,-48.98595011773,
    66.39437654042));
#2675 = CARTESIAN_POINT('',(-82.1216379976,-48.8859012451,66.4952064681)
  );
#2676 = CARTESIAN_POINT('',(-84.66984017889,-48.61742068878,
    66.77598269303));
#2677 = CARTESIAN_POINT('',(-87.14499627111,-48.18554540219,
    67.22552391178));
#2678 = CARTESIAN_POINT('',(-89.46512962678,-47.61661628599,
    67.80761316686));
#2679 = CARTESIAN_POINT('',(-91.65093074917,-46.92374776516,
    68.4995209385));
#2680 = CARTESIAN_POINT('',(-93.14903051247,-46.33243686269,
    69.07213949658));
#2681 = CARTESIAN_POINT('',(-93.94543503245,-45.97829857685,
    69.40710357636));
#2682 = CARTESIAN_POINT('',(-94.05808686478,-45.92737709363,
    69.4551093727));
#2683 = CARTESIAN_POINT('',(-60.36233772544,-45.90789872534,
    64.83145239472));
#2684 = CARTESIAN_POINT('',(-60.55689681531,-46.01618500024,
    64.74000270941));
#2685 = CARTESIAN_POINT('',(-61.54444640449,-46.55251125643,
    64.2843563791));
#2686 = CARTESIAN_POINT('',(-63.36768926829,-47.42507343446,
    63.5213373213));
#2687 = CARTESIAN_POINT('',(-65.91290444231,-48.40766141753,
    62.63613419286));
#2688 = CARTESIAN_POINT('',(-68.51682686317,-49.20051919725,
    61.90214455438));
#2689 = CARTESIAN_POINT('',(-71.19316913706,-49.81599198731,
    61.32055843072));
#2690 = CARTESIAN_POINT('',(-73.94047960993,-50.25581542614,
    60.89809146698));
#2691 = CARTESIAN_POINT('',(-76.76071367518,-50.51753336723,
    60.64323928065));
#2692 = CARTESIAN_POINT('',(-79.65465163368,-50.59358093007,
    60.56691663407));
#2693 = CARTESIAN_POINT('',(-82.61992565885,-50.47125917418,
    60.68241791231));
#2694 = CARTESIAN_POINT('',(-85.60715558526,-50.13763325182,
    61.00013285174));
#2695 = CARTESIAN_POINT('',(-88.49689903572,-49.60127138482,
    61.50619585322));
#2696 = CARTESIAN_POINT('',(-91.19007288354,-48.89831827765,
    62.15831196391));
#2697 = CARTESIAN_POINT('',(-93.70990976508,-48.0484913925,62.9296046848
    ));
#2698 = CARTESIAN_POINT('',(-95.42312517461,-47.32975725242,
    63.56449827363));
#2699 = CARTESIAN_POINT('',(-96.32913316499,-46.9021598079,
    63.93456640253));
#2700 = CARTESIAN_POINT('',(-96.45719043643,-46.84073206274,
    63.98757707926));
#2701 = CARTESIAN_POINT('',(-57.06263021502,-50.29690204408,
    62.31614542121));
#2702 = CARTESIAN_POINT('',(-57.29267873761,-50.42670759263,
    62.21577848036));
#2703 = CARTESIAN_POINT('',(-58.45993298359,-51.06965701167,
    61.71596711391));
#2704 = CARTESIAN_POINT('',(-60.61124093832,-52.11578959956,
    60.88121810512));
#2705 = CARTESIAN_POINT('',(-63.60828280609,-53.29184557762,
    59.91650374651));
#2706 = CARTESIAN_POINT('',(-66.66855104589,-54.24037837829,
    59.11909111481));
#2707 = CARTESIAN_POINT('',(-69.80916892937,-54.97628476455,
    58.48920223773));
#2708 = CARTESIAN_POINT('',(-73.02931134899,-55.50215329648,
    58.03329576176));
#2709 = CARTESIAN_POINT('',(-76.33234855611,-55.81536579424,
    57.76004143118));
#2710 = CARTESIAN_POINT('',(-79.720426532,-55.90713288559,57.68096671711
    ));
#2711 = CARTESIAN_POINT('',(-83.19221180062,-55.76239692877,
    57.81043616656));
#2712 = CARTESIAN_POINT('',(-86.69152752106,-55.36562993152,
    58.1599026663));
#2713 = CARTESIAN_POINT('',(-90.08003882628,-54.72672963344,
    58.71470609491));
#2714 = CARTESIAN_POINT('',(-93.24246434424,-53.88840979862,
    59.42947704961));
#2715 = CARTESIAN_POINT('',(-96.20627267875,-52.87386716921,
    60.2757912069));
#2716 = CARTESIAN_POINT('',(-98.22525934066,-52.01493565106,
    60.97379575623));
#2717 = CARTESIAN_POINT('',(-99.29432383524,-51.5035987135,61.3813455586
    ));
#2718 = CARTESIAN_POINT('',(-99.44545594538,-51.43013472454,
    61.4397396483));
#2719 = ADVANCED_FACE('',(#2720),#2803,.F.);
#2720 = FACE_BOUND('',#2721,.F.);
#2721 = EDGE_LOOP('',(#2722,#2794,#2801,#2802));
#2722 = ORIENTED_EDGE('',*,*,#2723,.T.);
#2723 = EDGE_CURVE('',#2491,#2724,#2726,.T.);
#2724 = VERTEX_POINT('',#2725);
#2725 = CARTESIAN_POINT('',(93.180474668299,55.533369622882,
    72.652399517505));
#2726 = B_SPLINE_CURVE_WITH_KNOTS('',14,(#2727,#2728,#2729,#2730,#2731,
    #2732,#2733,#2734,#2735,#2736,#2737,#2738,#2739,#2740,#2741,#2742,
    #2743,#2744,#2745,#2746,#2747,#2748,#2749,#2750,#2751,#2752,#2753,
    #2754,#2755,#2756,#2757,#2758,#2759,#2760,#2761,#2762,#2763,#2764,
    #2765,#2766,#2767,#2768,#2769,#2770,#2771,#2772,#2773,#2774,#2775,
    #2776,#2777,#2778,#2779,#2780,#2781,#2782,#2783,#2784,#2785,#2786,
    #2787,#2788,#2789,#2790,#2791,#2792,#2793),.UNSPECIFIED.,.F.,.F.,(15
    ,13,13,13,13,15),(0.,0.224801024558,0.381551697351,0.496914555506,
    0.771187099085,1.),.UNSPECIFIED.);
#2727 = CARTESIAN_POINT('',(-63.64953365444,-48.17056276816,
    73.887382168255));
#2728 = CARTESIAN_POINT('',(-61.03207123864,-46.84294527415,
    74.829937382289));
#2729 = CARTESIAN_POINT('',(-58.42387026991,-45.48329004954,
    75.753740901837));
#2730 = CARTESIAN_POINT('',(-55.82423196919,-44.09354832155,
    76.657809068631));
#2731 = CARTESIAN_POINT('',(-53.23637157757,-42.66687457496,
    77.538088294977));
#2732 = CARTESIAN_POINT('',(-50.64904100361,-41.22831964871,
    78.402196004452));
#2733 = CARTESIAN_POINT('',(-48.0882613453,-39.72194977942,
    79.22711014525));
#2734 = CARTESIAN_POINT('',(-45.51068303842,-38.24166279938,
    80.047222723928));
#2735 = CARTESIAN_POINT('',(-42.96731740958,-36.67745036389,
    80.819088019346));
#2736 = CARTESIAN_POINT('',(-40.41467712109,-35.1222682016,
    81.577626881061));
#2737 = CARTESIAN_POINT('',(-37.87812453093,-33.52525180013,
    82.299354275892));
#2738 = CARTESIAN_POINT('',(-35.34728923005,-31.90522679145,
    82.99171675607));
#2739 = CARTESIAN_POINT('',(-32.8241812769,-30.26091803712,
    83.651750450255));
#2740 = CARTESIAN_POINT('',(-30.3082637052,-28.59291419596,
    84.278353713144));
#2741 = CARTESIAN_POINT('',(-26.04963134605,-25.72409831711,
    85.283271619992));
#2742 = CARTESIAN_POINT('',(-24.3033997809,-24.53471149527,
    85.679352486097));
#2743 = CARTESIAN_POINT('',(-22.56040735287,-23.33484147516,
    86.058145258488));
#2744 = CARTESIAN_POINT('',(-20.82038197376,-22.12528902445,
    86.419742995099));
#2745 = CARTESIAN_POINT('',(-19.08331188544,-20.9062149904,
    86.763415864745));
#2746 = CARTESIAN_POINT('',(-17.34911113481,-19.67796255639,
    87.088679373097));
#2747 = CARTESIAN_POINT('',(-15.61753987482,-18.44125570936,
    87.395533962301));
#2748 = CARTESIAN_POINT('',(-13.88837363772,-17.19678474637,
    87.683915288324));
#2749 = CARTESIAN_POINT('',(-12.16151493657,-15.94492944243,
    87.953348501998));
#2750 = CARTESIAN_POINT('',(-10.43689096076,-14.68600546134,
    88.20329862225));
#2751 = CARTESIAN_POINT('',(-8.714283881992,-13.4206786706,
    88.433723962322));
#2752 = CARTESIAN_POINT('',(-6.993398402635,-12.14980348737,
    88.644837234266));
#2753 = CARTESIAN_POINT('',(-5.274185934241,-10.87363414811,
    88.836030708629));
#2754 = CARTESIAN_POINT('',(-2.292204125627,-8.65025670064,
    89.133339263198));
#2755 = CARTESIAN_POINT('',(-1.028777775567,-7.705145245662,
    89.248559783751));
#2756 = CARTESIAN_POINT('',(0.233938224956,-6.757770514007,
    89.352954735624));
#2757 = CARTESIAN_POINT('',(1.496018783922,-5.808367931895,
    89.446477950386));
#2758 = CARTESIAN_POINT('',(2.757537739175,-4.857169696361,
    89.529070004402));
#2759 = CARTESIAN_POINT('',(4.018569206114,-3.904408565049,
    89.600678007456));
#2760 = CARTESIAN_POINT('',(5.279188264049,-2.950319826803,
    89.661265928755));
#2761 = CARTESIAN_POINT('',(6.539471179949,-1.995141836466,
    89.710817493972));
#2762 = CARTESIAN_POINT('',(7.799495217368,-1.039115486947,
    89.749333494811));
#2763 = CARTESIAN_POINT('',(9.059338242033,-8.24830033151E-02,
    89.776825575524));
#2764 = CARTESIAN_POINT('',(10.319078185132,0.874513567649,
    89.793308337574));
#2765 = CARTESIAN_POINT('',(11.57879254278,1.83163378966,89.798791797141
    ));
#2766 = CARTESIAN_POINT('',(12.838558012056,2.788639814611,
    89.793276084744));
#2767 = CARTESIAN_POINT('',(17.093815621981,6.019725867176,
    89.737460866602));
#2768 = CARTESIAN_POINT('',(20.089944323485,8.292043275611,
    89.635862344751));
#2769 = CARTESIAN_POINT('',(23.087346445981,10.560608008145,
    89.474164525758));
#2770 = CARTESIAN_POINT('',(26.090016178975,12.813386901852,
    89.24266892911));
#2771 = CARTESIAN_POINT('',(29.087778552531,15.080576130244,
    88.98530666541));
#2772 = CARTESIAN_POINT('',(32.11118551541,17.271245666802,
    88.579041307055));
#2773 = CARTESIAN_POINT('',(35.104939129233,19.549576628434,
    88.270660815138));
#2774 = CARTESIAN_POINT('',(38.147894379375,21.681152318884,
    87.716942407342));
#2775 = CARTESIAN_POINT('',(41.16188995203,23.898204849626,
    87.269568475765));
#2776 = CARTESIAN_POINT('',(44.205951979914,26.025204084748,
    86.671036425079));
#2777 = CARTESIAN_POINT('',(47.250359083611,28.150519759769,
    86.062321846047));
#2778 = CARTESIAN_POINT('',(50.306818677516,30.239159301514,
    85.392249948408));
#2779 = CARTESIAN_POINT('',(53.373264347943,32.297241020411,
    84.677101913028));
#2780 = CARTESIAN_POINT('',(59.018233455666,36.010074253044,
    83.281904015266));
#2781 = CARTESIAN_POINT('',(61.593393596669,37.675169132324,
    82.615831000502));
#2782 = CARTESIAN_POINT('',(64.17628155965,39.316197255557,
    81.919568599796));
#2783 = CARTESIAN_POINT('',(66.76825465177,40.930257561922,
    81.194421572506));
#2784 = CARTESIAN_POINT('',(69.366976949108,42.521978956221,
    80.441974873835));
#2785 = CARTESIAN_POINT('',(71.976211396959,44.082126842289,
    79.662956149896));
#2786 = CARTESIAN_POINT('',(74.59476717956,45.613753706171,
    78.859054622704));
#2787 = CARTESIAN_POINT('',(77.220431936362,47.122021077736,
    78.032049228862));
#2788 = CARTESIAN_POINT('',(79.856134727646,48.599643692691,
    77.182802904992));
#2789 = CARTESIAN_POINT('',(82.503126061189,50.043615429188,
    76.312533040036));
#2790 = CARTESIAN_POINT('',(85.157600853344,51.462879871731,
    75.423280709045));
#2791 = CARTESIAN_POINT('',(87.822539380421,52.849598348099,
    74.515784550112));
#2792 = CARTESIAN_POINT('',(90.49672856194,54.206807652111,
    73.591729979332));
#2793 = CARTESIAN_POINT('',(93.180474631863,55.533369604355,
    72.652399529102));
#2794 = ORIENTED_EDGE('',*,*,#2795,.F.);
#2795 = EDGE_CURVE('',#634,#2724,#2796,.T.);
#2796 = CIRCLE('',#2797,10.);
#2797 = AXIS2_PLACEMENT_3D('',#2798,#2799,#2800);
#2798 = CARTESIAN_POINT('',(98.3000000357,47.75058244473,76.28815029996)
  );
#2799 = DIRECTION('',(0.857319822473,0.43635478527,-0.273124922642));
#2800 = DIRECTION('',(-1.050581626924E-10,-0.530562027015,
    -0.847646114537));
#2801 = ORIENTED_EDGE('',*,*,#633,.F.);
#2802 = ORIENTED_EDGE('',*,*,#2637,.F.);
#2803 = ( BOUNDED_SURFACE() B_SPLINE_SURFACE(3,3,(
    (#2804,#2805,#2806,#2807,#2808,#2809,#2810,#2811,#2812,#2813,#2814
      ,#2815,#2816,#2817,#2818,#2819,#2820,#2821,#2822,#2823,#2824)
    ,(#2825,#2826,#2827,#2828,#2829,#2830,#2831,#2832,#2833,#2834,#2835
      ,#2836,#2837,#2838,#2839,#2840,#2841,#2842,#2843,#2844,#2845)
    ,(#2846,#2847,#2848,#2849,#2850,#2851,#2852,#2853,#2854,#2855,#2856
      ,#2857,#2858,#2859,#2860,#2861,#2862,#2863,#2864,#2865,#2866)
    ,(#2867,#2868,#2869,#2870,#2871,#2872,#2873,#2874,#2875,#2876,#2877
      ,#2878,#2879,#2880,#2881,#2882,#2883,#2884,#2885,#2886,#2887
)),.UNSPECIFIED.,.F.,.F.,.F.) B_SPLINE_SURFACE_WITH_KNOTS((4,4),(4,1,1,1
    ,1,1,1,1,1,1,1,1,1,1,1,1,1,1,4),(0.,1.),(-1.002220883466E-02,0.,
    7.780081335148E-02,0.152894451172,0.226279044585,0.294997613165,
    0.362696349494,0.431917062889,0.498907387505,0.559753550726,
    0.614377717947,0.666469600651,0.719110553088,0.772154918647,
    0.824819835804,0.878584455124,0.936207585346,1.,1.009889353677),
.UNSPECIFIED.) GEOMETRIC_REPRESENTATION_ITEM() RATIONAL_B_SPLINE_SURFACE
((
    (1.275975433802,1.275975433802,1.275975433802,1.275975433802
      ,1.275975433802,1.275975433802,1.275975433802,1.275975433802
      ,1.275975433802,1.275975433802,1.275975433802,1.275975433802
      ,1.275975433802,1.275975433802,1.275975433802,1.275975433802
      ,1.275975433802,1.275975433802,1.275975433802,1.275975433802
      ,1.275975433802)
    ,(0.908008188733,0.908008188733,0.908008188733,0.908008188733
      ,0.908008188733,0.908008188733,0.908008188733,0.908008188733
      ,0.908008188733,0.908008188733,0.908008188733,0.908008188733
      ,0.908008188733,0.908008188733,0.908008188733,0.908008188733
      ,0.908008188733,0.908008188733,0.908008188733,0.908008188733
      ,0.908008188733)
    ,(0.908008188733,0.908008188733,0.908008188733,0.908008188733
      ,0.908008188733,0.908008188733,0.908008188733,0.908008188733
      ,0.908008188733,0.908008188733,0.908008188733,0.908008188733
      ,0.908008188733,0.908008188733,0.908008188733,0.908008188733
      ,0.908008188733,0.908008188733,0.908008188733,0.908008188733
      ,0.908008188733)
    ,(1.275975433802,1.275975433802,1.275975433802,1.275975433802
      ,1.275975433802,1.275975433802,1.275975433802,1.275975433802
      ,1.275975433802,1.275975433802,1.275975433802,1.275975433802
      ,1.275975433802,1.275975433802,1.275975433802,1.275975433802
      ,1.275975433802,1.275975433802,1.275975433802,1.275975433802
,1.275975433802))) REPRESENTATION_ITEM('') SURFACE() );
#2804 = CARTESIAN_POINT('',(94.9573521902,56.86509830164,73.21064643655)
  );
#2805 = CARTESIAN_POINT('',(94.4020248863,56.59585128483,73.41912300762)
  );
#2806 = CARTESIAN_POINT('',(89.5406393094,54.21927431928,75.23847544492)
  );
#2807 = CARTESIAN_POINT('',(80.6016476311,49.53210115427,78.48490305491)
  );
#2808 = CARTESIAN_POINT('',(68.3819533858,42.37411675028,82.55895489897)
  );
#2809 = CARTESIAN_POINT('',(56.8268509739,34.94645064965,85.95274264191)
  );
#2810 = CARTESIAN_POINT('',(45.8124910271,27.32444073872,88.65776721546)
  );
#2811 = CARTESIAN_POINT('',(35.1360133589,19.51167067931,90.69638667438)
  );
#2812 = CARTESIAN_POINT('',(24.6434676493,11.51693196104,92.05086502519)
  );
#2813 = CARTESIAN_POINT('',(14.5656198007,3.655543654566,92.68112330368)
  );
#2814 = CARTESIAN_POINT('',(5.2616719151,-3.649644515168,92.66153871698)
  );
#2815 = CARTESIAN_POINT('',(-3.28063588754,-10.31097194172,
    92.14639142307));
#2816 = CARTESIAN_POINT('',(-11.4191589367,-16.55207126093,
    91.23097088187));
#2817 = CARTESIAN_POINT('',(-19.50534091904,-22.59450350829,
    89.92879407463));
#2818 = CARTESIAN_POINT('',(-27.66281677315,-28.47817701806,
    88.24523745735));
#2819 = CARTESIAN_POINT('',(-35.93216905252,-34.18419581497,
    86.20020610293));
#2820 = CARTESIAN_POINT('',(-44.50502123002,-39.7948609441,
    83.76909663546));
#2821 = CARTESIAN_POINT('',(-53.7426079345,-45.46673451097,
    80.85032632533));
#2822 = CARTESIAN_POINT('',(-60.74006274235,-49.44031434643,
    78.43658949821));
#2823 = CARTESIAN_POINT('',(-64.69302446994,-51.56987680595,
    77.02064563463));
#2824 = CARTESIAN_POINT('',(-65.22405676914,-51.8538788424,
    76.82953683208));
#2825 = CARTESIAN_POINT('',(94.0400722095,54.11168728672,66.06331410447)
  );
#2826 = CARTESIAN_POINT('',(93.4829463546,53.8673466387,66.26242612649)
  );
#2827 = CARTESIAN_POINT('',(88.6058597253,51.71013171841,68.00059480101)
  );
#2828 = CARTESIAN_POINT('',(79.6387556043,47.4477714265,71.11107441737)
  );
#2829 = CARTESIAN_POINT('',(67.383652115,40.92002719602,75.03985282449)
  );
#2830 = CARTESIAN_POINT('',(55.7990060762,34.13063707194,78.3419964142)
  );
#2831 = CARTESIAN_POINT('',(44.7611054444,27.15057759602,81.00882416733)
  );
#2832 = CARTESIAN_POINT('',(34.0669231001,19.98483688289,83.0620756359)
  );
#2833 = CARTESIAN_POINT('',(23.5626700848,12.64226840819,84.48653052767)
  );
#2834 = CARTESIAN_POINT('',(13.4794473061,5.413258300033,85.23999482777)
  );
#2835 = CARTESIAN_POINT('',(4.1757806324,-1.311881870008,85.38331625621)
  );
#2836 = CARTESIAN_POINT('',(-4.36195589646,-7.450747618791,
    85.05759762827));
#2837 = CARTESIAN_POINT('',(-12.49246177078,-13.20834478486,
    84.3560226952));
#2838 = CARTESIAN_POINT('',(-20.56731771875,-18.78891987392,
    83.29645953281));
#2839 = CARTESIAN_POINT('',(-28.71023548884,-24.22972327067,
    81.88519751482));
#2840 = CARTESIAN_POINT('',(-36.96200708481,-29.51371537938,
    80.14036997723));
#2841 = CARTESIAN_POINT('',(-45.51409325881,-34.71773236732,
    78.04148812456));
#2842 = CARTESIAN_POINT('',(-54.72692949568,-39.98843785242,
    75.49929603183));
#2843 = CARTESIAN_POINT('',(-61.70411130356,-43.68953745107,
    73.38189835709));
#2844 = CARTESIAN_POINT('',(-65.6452542151,-45.67610779929,
    72.13549768665));
#2845 = CARTESIAN_POINT('',(-66.17469248632,-45.94109709406,
    71.96719862997));
#2846 = CARTESIAN_POINT('',(96.6814531535,47.2845643725,63.63010032257)
  );
#2847 = CARTESIAN_POINT('',(96.1295063699,47.05160622023,63.80289515967)
  );
#2848 = CARTESIAN_POINT('',(91.2976321747,44.99570928353,65.31044445086)
  );
#2849 = CARTESIAN_POINT('',(82.411480077,40.9469718734,67.99367968744));
#2850 = CARTESIAN_POINT('',(70.2583403331,34.77811989557,71.34159744126)
  );
#2851 = CARTESIAN_POINT('',(58.7587675267,28.38886087976,74.10804397706)
  );
#2852 = CARTESIAN_POINT('',(47.7886541771,21.84238532492,76.28640580966)
  );
#2853 = CARTESIAN_POINT('',(37.1454538613,15.14046686335,77.89491939115)
  );
#2854 = CARTESIAN_POINT('',(26.6749129673,8.290043016725,78.91757024548)
  );
#2855 = CARTESIAN_POINT('',(16.6071677291,1.560696851936,79.32413214893)
  );
#2856 = CARTESIAN_POINT('',(7.3026912832,-4.686740935105,79.18404079326)
  );
#2857 = CARTESIAN_POINT('',(-1.2482085934,-10.37860534848,78.62994618651
    ));
#2858 = CARTESIAN_POINT('',(-9.40180056283,-15.7068132327,77.73916621632
    ));
#2859 = CARTESIAN_POINT('',(-17.50927073109,-20.86063238546,
    76.5191140943));
#2860 = CARTESIAN_POINT('',(-25.6941096665,-25.87380211686,74.9733635877
    ));
#2861 = CARTESIAN_POINT('',(-33.99650624404,-30.72989034875,
    73.1190838134));
#2862 = CARTESIAN_POINT('',(-42.60838978318,-35.49846343231,
    70.93358185156));
#2863 = CARTESIAN_POINT('',(-51.8924969677,-40.31147797193,
    68.32672644702));
#2864 = CARTESIAN_POINT('',(-58.92805649769,-43.67681133245,
    66.18246151593));
#2865 = CARTESIAN_POINT('',(-62.90323263371,-45.47807340952,
    64.92787829394));
#2866 = CARTESIAN_POINT('',(-63.43726103577,-45.71824923807,
    64.75860428954));
#2867 = CARTESIAN_POINT('',(100.5963217107,42.29016994318,68.01608395429
    ));
#2868 = CARTESIAN_POINT('',(100.0520509812,42.04522292249,68.16837710963
    ));
#2869 = CARTESIAN_POINT('',(95.2871874676,39.8849453221,69.49539023621)
  );
#2870 = CARTESIAN_POINT('',(86.5210167496,35.65382637448,71.82971236558)
  );
#2871 = CARTESIAN_POINT('',(74.5190004785,29.26202546191,74.66371001485)
  );
#2872 = CARTESIAN_POINT('',(63.1455172177,22.68858189548,76.91386137088)
  );
#2873 = CARTESIAN_POINT('',(52.2758733969,15.99221147668,78.57608125397)
  );
#2874 = CARTESIAN_POINT('',(41.7082350486,9.16963540858,79.66524910291)
  );
#2875 = CARTESIAN_POINT('',(31.287659883,2.225554893802,80.16193345568)
  );
#2876 = CARTESIAN_POINT('',(21.242854364,-4.56912254934,80.05160486584)
  );
#2877 = CARTESIAN_POINT('',(11.9371777309,-10.85448463767,79.42697462872
    ));
#2878 = CARTESIAN_POINT('',(3.3667680684,-16.56152831665,78.42427737096)
  );
#2879 = CARTESIAN_POINT('',(-4.82104048298,-21.88594309693,
    77.10493120902));
#2880 = CARTESIAN_POINT('',(-12.9768491485,-27.01731262047,
    75.46013348835));
#2881 = CARTESIAN_POINT('',(-21.22382067876,-31.98804958075,
    73.4894632346));
#2882 = CARTESIAN_POINT('',(-29.60125003375,-36.78055496547,
    71.21076705112));
#2883 = CARTESIAN_POINT('',(-38.30176101042,-41.46160980485,
    68.59473607259));
#2884 = CARTESIAN_POINT('',(-47.69150096729,-46.15637883962,
    65.53791886499));
#2885 = CARTESIAN_POINT('',(-54.81358384004,-49.4131459082,
    63.06682429853));
#2886 = CARTESIAN_POINT('',(-58.83920162125,-51.14710178349,
    61.63341186083));
#2887 = CARTESIAN_POINT('',(-59.38003319154,-51.37813062801,
    61.44022168473));
#2888 = ADVANCED_FACE('',(#2889),#2986,.F.);
#2889 = FACE_BOUND('',#2890,.F.);
#2890 = EDGE_LOOP('',(#2891,#2906,#2907,#2916));
#2891 = ORIENTED_EDGE('',*,*,#2892,.T.);
#2892 = EDGE_CURVE('',#2893,#682,#2895,.T.);
#2893 = VERTEX_POINT('',#2894);
#2894 = CARTESIAN_POINT('',(-88.21086192336,-74.25029176026,
    -51.60384568675));
#2895 = B_SPLINE_CURVE_WITH_KNOTS('',3,(#2896,#2897,#2898,#2899,#2900,
    #2901,#2902,#2903,#2904,#2905),.UNSPECIFIED.,.F.,.F.,(4,1,1,1,1,1,1,
    4),(0.,0.142857142857,0.285714285714,0.428571428571,0.571428571429,
    0.714285714286,0.857142857143,1.),.UNSPECIFIED.);
#2896 = CARTESIAN_POINT('',(-88.21086192336,-74.25029176026,
    -51.60384568675));
#2897 = CARTESIAN_POINT('',(-88.28910441671,-73.64377688051,
    -51.3162556336));
#2898 = CARTESIAN_POINT('',(-88.62440340197,-72.42202269616,
    -50.67747754511));
#2899 = CARTESIAN_POINT('',(-89.7171045639,-70.64998270628,
    -49.51267763898));
#2900 = CARTESIAN_POINT('',(-91.32917756958,-69.13752055652,
    -48.16903566333));
#2901 = CARTESIAN_POINT('',(-93.21001239242,-68.0576992794,
    -46.74084995785));
#2902 = CARTESIAN_POINT('',(-95.38481583298,-67.42164033303,
    -45.12283345531));
#2903 = CARTESIAN_POINT('',(-97.61402687188,-67.42207921832,
    -43.43333697975));
#2904 = CARTESIAN_POINT('',(-98.92497195023,-67.8362991894,
    -42.40936356866));
#2905 = CARTESIAN_POINT('',(-99.53525763899,-68.131662086,
    -41.92942419072));
#2906 = ORIENTED_EDGE('',*,*,#681,.F.);
#2907 = ORIENTED_EDGE('',*,*,#2908,.F.);
#2908 = EDGE_CURVE('',#2909,#673,#2911,.T.);
#2909 = VERTEX_POINT('',#2910);
#2910 = CARTESIAN_POINT('',(102.78253101488,-55.39337828273,
    65.908724433714));
#2911 = CIRCLE('',#2912,10.);
#2912 = AXIS2_PLACEMENT_3D('',#2913,#2914,#2915);
#2913 = CARTESIAN_POINT('',(98.3000000012,-51.37688079316,73.89462849197
    ));
#2914 = DIRECTION('',(0.868572472433,0.406882023708,0.28289375906));
#2915 = DIRECTION('',(0.448253101368,-0.401649748957,-0.798590405826));
#2916 = ORIENTED_EDGE('',*,*,#2917,.T.);
#2917 = EDGE_CURVE('',#2909,#2893,#2918,.T.);
#2918 = B_SPLINE_CURVE_WITH_KNOTS('',14,(#2919,#2920,#2921,#2922,#2923,
    #2924,#2925,#2926,#2927,#2928,#2929,#2930,#2931,#2932,#2933,#2934,
    #2935,#2936,#2937,#2938,#2939,#2940,#2941,#2942,#2943,#2944,#2945,
    #2946,#2947,#2948,#2949,#2950,#2951,#2952,#2953,#2954,#2955,#2956,
    #2957,#2958,#2959,#2960,#2961,#2962,#2963,#2964,#2965,#2966,#2967,
    #2968,#2969,#2970,#2971,#2972,#2973,#2974,#2975,#2976,#2977,#2978,
    #2979,#2980,#2981,#2982,#2983,#2984,#2985),.UNSPECIFIED.,.F.,.F.,(15
    ,13,13,13,13,15),(0.,0.250546670534,0.357841073911,0.515361013018,
    0.732553661873,1.),.UNSPECIFIED.);
#2919 = CARTESIAN_POINT('',(102.78253101372,-55.39337828328,
    65.908724433336));
#2920 = CARTESIAN_POINT('',(99.162106152853,-57.00527742891,
    64.68726249504));
#2921 = CARTESIAN_POINT('',(95.556792878837,-58.60810557597,
    63.407655318717));
#2922 = CARTESIAN_POINT('',(91.966609796711,-60.19918471028,
    62.068853643983));
#2923 = CARTESIAN_POINT('',(88.393014738844,-61.77343882033,
    60.670056746727));
#2924 = CARTESIAN_POINT('',(84.833860531484,-63.33117297557,
    59.210668203704));
#2925 = CARTESIAN_POINT('',(81.291620816141,-64.8658020204,
    57.690412687485));
#2926 = CARTESIAN_POINT('',(77.765858900136,-66.37427743295,
    56.109117279762));
#2927 = CARTESIAN_POINT('',(74.254676314432,-67.85620356855,
    54.46696157197));
#2928 = CARTESIAN_POINT('',(70.759177365669,-69.30715540974,
    52.76448245699));
#2929 = CARTESIAN_POINT('',(67.280207391166,-70.72165534347,
    51.002179773807));
#2930 = CARTESIAN_POINT('',(63.815557329736,-72.09803985673,
    49.180723781556));
#2931 = CARTESIAN_POINT('',(60.366118710017,-73.43243224479,
    47.301703645566));
#2932 = CARTESIAN_POINT('',(56.931083941021,-74.72132454002,
    45.366501000261));
#2933 = CARTESIAN_POINT('',(52.044874006439,-76.49242415475,
    42.524923824271));
#2934 = CARTESIAN_POINT('',(50.582350267171,-77.01449917412,
    41.662939302056));
#2935 = CARTESIAN_POINT('',(49.12233601725,-77.52737315859,
    40.791134892309));
#2936 = CARTESIAN_POINT('',(47.664788480973,-78.03079116358,
    39.909666599208));
#2937 = CARTESIAN_POINT('',(46.209661221934,-78.52448854884,
    39.018697575951));
#2938 = CARTESIAN_POINT('',(44.756904305489,-79.00820066498,
    38.118400070704));
#2939 = CARTESIAN_POINT('',(43.306464490694,-79.48166985826,
    37.208956786043));
#2940 = CARTESIAN_POINT('',(41.858285299787,-79.94464972077,
    36.290561618959));
#2941 = CARTESIAN_POINT('',(40.412307175035,-80.39690668133,
    35.36341982488));
#2942 = CARTESIAN_POINT('',(38.968467473926,-80.83821882995,
    34.427747556523));
#2943 = CARTESIAN_POINT('',(37.526700557634,-81.26837207998,
    33.48377082562));
#2944 = CARTESIAN_POINT('',(36.086937747742,-81.68715358028,
    32.531723846948));
#2945 = CARTESIAN_POINT('',(34.649107321793,-82.0943424413,
    31.571846794225));
#2946 = CARTESIAN_POINT('',(31.104968921124,-83.07012262033,
    29.184040031886));
#2947 = CARTESIAN_POINT('',(29.000807878573,-83.62511855639,
    27.747350890409));
#2948 = CARTESIAN_POINT('',(26.900409860002,-84.15371652547,
    26.295105159088));
#2949 = CARTESIAN_POINT('',(24.803537205599,-84.65630666829,
    24.828185901138));
#2950 = CARTESIAN_POINT('',(22.709923974502,-85.13137322698,
    23.347402305761));
#2951 = CARTESIAN_POINT('',(20.619290572983,-85.57804173455,
    21.853644667823));
#2952 = CARTESIAN_POINT('',(18.531354728175,-85.99657259439,
    20.34790379114));
#2953 = CARTESIAN_POINT('',(16.445829275435,-86.38700667377,
    18.831180810609));
#2954 = CARTESIAN_POINT('',(14.362414620907,-86.74837875742,
    17.304438270255));
#2955 = CARTESIAN_POINT('',(12.280796546946,-87.07963231971,
    15.768656942272));
#2956 = CARTESIAN_POINT('',(10.2006523644,-87.38096033293,14.22491276397
    ));
#2957 = CARTESIAN_POINT('',(8.121659641379,-87.65313062651,
    12.674322240716));
#2958 = CARTESIAN_POINT('',(6.043496095482,-87.89479698712,
    11.117870183464));
#2959 = CARTESIAN_POINT('',(1.101078121817,-88.39772909548,
    7.404066173756));
#2960 = CARTESIAN_POINT('',(-1.762738411906,-88.63153197587,
    5.242452306983));
#2961 = CARTESIAN_POINT('',(-4.626411323836,-88.8085260495,
    3.074391145927));
#2962 = CARTESIAN_POINT('',(-7.491320452789,-88.92152623362,
    0.90433897082));
#2963 = CARTESIAN_POINT('',(-10.356513072,-89.00342375822,
    -1.271025845163));
#2964 = CARTESIAN_POINT('',(-13.22759492811,-88.95303966982,
    -3.432394766168));
#2965 = CARTESIAN_POINT('',(-16.09672907187,-88.98424574431,
    -5.608316130802));
#2966 = CARTESIAN_POINT('',(-18.97663892364,-88.78042313969,
    -7.752296557083));
#2967 = CARTESIAN_POINT('',(-21.85619872882,-88.68440615427,
    -9.906628394644));
#2968 = CARTESIAN_POINT('',(-24.74508470127,-88.42818533384,
    -12.03470703377));
#2969 = CARTESIAN_POINT('',(-27.6393288513,-88.16633642234,
    -14.15257024258));
#2970 = CARTESIAN_POINT('',(-30.5414335307,-87.83811361952,
    -16.25071212881));
#2971 = CARTESIAN_POINT('',(-33.45161972146,-87.46245167562,
    -18.32876651226));
#2972 = CARTESIAN_POINT('',(-39.96499392386,-86.51449632331,
    -22.91529631001));
#2973 = CARTESIAN_POINT('',(-43.57271414774,-85.91737790029,
    -25.4121946759));
#2974 = CARTESIAN_POINT('',(-47.19497892271,-85.24830500466,
    -27.87063614233));
#2975 = CARTESIAN_POINT('',(-50.83267320064,-84.51578769586,
    -30.28849103203));
#2976 = CARTESIAN_POINT('',(-54.48711648844,-83.71139335074,
    -32.65915234706));
#2977 = CARTESIAN_POINT('',(-58.15876783627,-82.8526219753,
    -34.98316968269));
#2978 = CARTESIAN_POINT('',(-61.84855214936,-81.93610926293,
    -37.25653331241));
#2979 = CARTESIAN_POINT('',(-65.55669964294,-80.96442223165,
    -39.47617519567));
#2980 = CARTESIAN_POINT('',(-69.28368780723,-79.94689139195,
    -41.64165030099));
#2981 = CARTESIAN_POINT('',(-73.03037257209,-78.88211673674,
    -43.75069416695));
#2982 = CARTESIAN_POINT('',(-76.79620491807,-77.77666119108,
    -45.80195036142));
#2983 = CARTESIAN_POINT('',(-80.58176168804,-76.63336340256,
    -47.79485456005));
#2984 = CARTESIAN_POINT('',(-84.3867588153,-75.45616279439,
    -49.72864613116));
#2985 = CARTESIAN_POINT('',(-88.21105237449,-74.24882336393,
    -51.60315725478));
#2986 = ( BOUNDED_SURFACE() B_SPLINE_SURFACE(3,3,(
    (#2987,#2988,#2989,#2990,#2991,#2992,#2993,#2994,#2995,#2996,#2997
      ,#2998,#2999,#3000,#3001,#3002,#3003,#3004,#3005,#3006,#3007,#3008
      )
    ,(#3009,#3010,#3011,#3012,#3013,#3014,#3015,#3016,#3017,#3018,#3019
      ,#3020,#3021,#3022,#3023,#3024,#3025,#3026,#3027,#3028,#3029,#3030
      )
    ,(#3031,#3032,#3033,#3034,#3035,#3036,#3037,#3038,#3039,#3040,#3041
      ,#3042,#3043,#3044,#3045,#3046,#3047,#3048,#3049,#3050,#3051,#3052
      )
    ,(#3053,#3054,#3055,#3056,#3057,#3058,#3059,#3060,#3061,#3062,#3063
      ,#3064,#3065,#3066,#3067,#3068,#3069,#3070,#3071,#3072,#3073,#3074
)),.UNSPECIFIED.,.F.,.F.,.F.) B_SPLINE_SURFACE_WITH_KNOTS((4,4),(4,1,1,1
    ,1,1,1,1,1,1,1,1,1,1,1,1,1,1,1,4),(0.,1.),(0.663201887644,
    0.674435634907,0.694423951983,0.716668931761,0.739295775514,
    0.760223478981,0.779133931,0.796689716536,0.813671979432,
    0.830727335831,0.848074998807,0.865306737647,0.882155566658,
    0.899274624817,0.91734032537,0.935935852669,0.955334071415,
    0.976399691647,1.,1.003288082274),.UNSPECIFIED.) 
GEOMETRIC_REPRESENTATION_ITEM() RATIONAL_B_SPLINE_SURFACE((
    (1.242624193039,1.242624193039,1.242624193039,1.242624193039
      ,1.242624193039,1.242624193039,1.242624193039,1.242624193039
      ,1.242624193039,1.242624193039,1.242624193039,1.242624193039
      ,1.242624193039,1.242624193039,1.242624193039,1.242624193039
      ,1.242624193039,1.242624193039,1.242624193039,1.242624193039
      ,1.242624193039,1.242624193039)
    ,(0.919125268987,0.919125268987,0.919125268987,0.919125268987
      ,0.919125268987,0.919125268987,0.919125268987,0.919125268987
      ,0.919125268987,0.919125268987,0.919125268987,0.919125268987
      ,0.919125268987,0.919125268987,0.919125268987,0.919125268987
      ,0.919125268987,0.919125268987,0.919125268987,0.919125268987
      ,0.919125268987,0.919125268987)
    ,(0.919125268987,0.919125268987,0.919125268987,0.919125268987
      ,0.919125268987,0.919125268987,0.919125268987,0.919125268987
      ,0.919125268987,0.919125268987,0.919125268987,0.919125268987
      ,0.919125268987,0.919125268987,0.919125268987,0.919125268987
      ,0.919125268987,0.919125268987,0.919125268987,0.919125268987
      ,0.919125268987,0.919125268987)
    ,(1.242624193039,1.242624193039,1.242624193039,1.242624193039
      ,1.242624193039,1.242624193039,1.242624193039,1.242624193039
      ,1.242624193039,1.242624193039,1.242624193039,1.242624193039
      ,1.242624193039,1.242624193039,1.242624193039,1.242624193039
      ,1.242624193039,1.242624193039,1.242624193039,1.242624193039
,1.242624193039,1.242624193039))) REPRESENTATION_ITEM('') SURFACE() );
#2987 = CARTESIAN_POINT('',(-96.75863021785,-72.5051914136,
    -56.15814686371));
#2988 = CARTESIAN_POINT('',(-94.38297628272,-73.32916725777,
    -55.09045978074));
#2989 = CARTESIAN_POINT('',(-87.80726921991,-75.58625128766,
    -52.03054993357));
#2990 = CARTESIAN_POINT('',(-76.67889194071,-79.25438550952,
    -46.34772261606));
#2991 = CARTESIAN_POINT('',(-63.40262328456,-83.25352820292,
    -38.74333030276));
#2992 = CARTESIAN_POINT('',(-50.17227569054,-86.66630907085,
    -30.32096420051));
#2993 = CARTESIAN_POINT('',(-37.81658925895,-89.17038942726,
    -21.76983318067));
#2994 = CARTESIAN_POINT('',(-26.61279748408,-90.75805795955,
    -13.55092256795));
#2995 = CARTESIAN_POINT('',(-16.28155588727,-91.57303994894,
    -5.686273093756));
#2996 = CARTESIAN_POINT('',(-6.37739721589,-91.72275784159,
    2.005960931473));
#2997 = CARTESIAN_POINT('',(3.4459462178,-91.23480137933,9.674401927566)
  );
#2998 = CARTESIAN_POINT('',(13.3034444766,-90.10285767753,17.29437166365
    ));
#2999 = CARTESIAN_POINT('',(23.1358856444,-88.3559608007,24.70779324913)
  );
#3000 = CARTESIAN_POINT('',(32.9640730152,-86.04637085238,31.83569288126
    ));
#3001 = CARTESIAN_POINT('',(43.014641101,-83.17028861781,38.75555570096)
  );
#3002 = CARTESIAN_POINT('',(53.4896639311,-79.69429052818,45.49968219982
    ));
#3003 = CARTESIAN_POINT('',(64.5210307822,-75.60373945805,52.03333791648
    ));
#3004 = CARTESIAN_POINT('',(76.2797460633,-70.87713292897,58.33514921568
    ));
#3005 = CARTESIAN_POINT('',(89.202938492,-65.37949920358,64.4742358411)
  );
#3006 = CARTESIAN_POINT('',(99.019737581,-61.0525061411,68.49119758559)
  );
#3007 = CARTESIAN_POINT('',(104.5704020457,-58.5877825303,70.55313281152
    ));
#3008 = CARTESIAN_POINT('',(105.2498595084,-58.28587285789,
    70.80244022033));
#3009 = CARTESIAN_POINT('',(-96.30631698186,-66.08520276024,
    -53.05380080637));
#3010 = CARTESIAN_POINT('',(-93.92645298712,-66.86562608488,
    -52.07679642059));
#3011 = CARTESIAN_POINT('',(-87.33913243408,-69.00526371585,
    -49.27507807029));
#3012 = CARTESIAN_POINT('',(-76.19149414651,-72.49215434235,
    -44.06354221147));
#3013 = CARTESIAN_POINT('',(-62.89357221992,-76.31260655438,
    -37.07667198604));
#3014 = CARTESIAN_POINT('',(-49.64394833983,-79.59899252666,
    -29.32520665328));
#3015 = CARTESIAN_POINT('',(-37.27318084546,-82.04300723789,
    -21.44451282241));
#3016 = CARTESIAN_POINT('',(-26.05870963156,-83.63207774241,
    -13.8619730081));
#3017 = CARTESIAN_POINT('',(-15.72049281716,-84.50023136891,
    -6.600005927357));
#3018 = CARTESIAN_POINT('',(-5.81244614127,-84.75057983613,
    0.508222635461));
#3019 = CARTESIAN_POINT('',(4.0119407926,-84.41178124185,7.599830214331)
  );
#3020 = CARTESIAN_POINT('',(13.8676628094,-83.47861177601,14.65231494345
    ));
#3021 = CARTESIAN_POINT('',(23.6956367416,-81.97641359412,21.51982615649
    ));
#3022 = CARTESIAN_POINT('',(33.5169235806,-79.95283234969,28.12955290678
    ));
#3023 = CARTESIAN_POINT('',(43.558237543,-77.40591876855,34.5538864819)
  );
#3024 = CARTESIAN_POINT('',(54.021599797,-74.30568430348,40.82391608131)
  );
#3025 = CARTESIAN_POINT('',(65.0389093012,-70.63828596401,46.90871939971
    ));
#3026 = CARTESIAN_POINT('',(76.7811627787,-66.38354578475,52.78982543102
    ));
#3027 = CARTESIAN_POINT('',(89.6850825756,-61.41808799714,58.53394850353
    ));
#3028 = CARTESIAN_POINT('',(99.4866864644,-57.49812747242,62.30523431773
    ));
#3029 = CARTESIAN_POINT('',(105.0287040223,-55.26180730993,
    64.24546674896));
#3030 = CARTESIAN_POINT('',(105.7071024404,-54.98782511015,
    64.48012975724));
#3031 = CARTESIAN_POINT('',(-98.7651083039,-64.17447838897,
    -46.6225271663));
#3032 = CARTESIAN_POINT('',(-96.40813034739,-64.8552499657,
    -45.68387891427));
#3033 = CARTESIAN_POINT('',(-89.88394115274,-66.71699844536,
    -42.99658714656));
#3034 = CARTESIAN_POINT('',(-78.8410064123,-69.72676061029,
    -38.01934516632));
#3035 = CARTESIAN_POINT('',(-65.66079245715,-72.97691523625,
    -31.38079003554));
#3036 = CARTESIAN_POINT('',(-52.51595517439,-75.70745932896,
    -24.04968215105));
#3037 = CARTESIAN_POINT('',(-40.22716888978,-77.65703329899,
    -16.6241856721));
#3038 = CARTESIAN_POINT('',(-29.0707514977,-78.82796205966,
    -9.500411944462));
#3039 = CARTESIAN_POINT('',(-18.7704522217,-79.34245949847,
    -2.694024644743));
#3040 = CARTESIAN_POINT('',(-8.88354088076,-79.28702196303,
    3.954129153826));
#3041 = CARTESIAN_POINT('',(0.9351735481,-78.6802743457,10.57286424459)
  );
#3042 = CARTESIAN_POINT('',(10.8005512813,-77.51575425648,17.14035236088
    ));
#3043 = CARTESIAN_POINT('',(20.6528092698,-75.82100996654,23.51960166575
    ));
#3044 = CARTESIAN_POINT('',(30.5116076526,-73.64227564635,29.6420819152)
  );
#3045 = CARTESIAN_POINT('',(40.6032273687,-70.97369074823,35.57345905384
    ));
#3046 = CARTESIAN_POINT('',(51.1299769418,-67.78488723261,41.33960128479
    ));
#3047 = CARTESIAN_POINT('',(62.2237026986,-64.06373808024,46.90854945475
    ));
#3048 = CARTESIAN_POINT('',(74.0554431436,-59.79216766349,52.25971871641
    ));
#3049 = CARTESIAN_POINT('',(87.0641296731,-54.85129834228,57.44815637867
    ));
#3050 = CARTESIAN_POINT('',(96.948335227,-50.98202902262,60.82202767861)
  );
#3051 = CARTESIAN_POINT('',(102.5373576871,-48.78372364782,
    62.54659117662));
#3052 = CARTESIAN_POINT('',(103.2215131104,-48.51453099255,
    62.75499062424));
#3053 = CARTESIAN_POINT('',(-102.2146737616,-68.26530522387,
    -41.88718832097));
#3054 = CARTESIAN_POINT('',(-99.88980381127,-68.86815442301,
    -40.90461327414));
#3055 = CARTESIAN_POINT('',(-93.45418486302,-70.5086040536,
    -38.09861534363));
#3056 = CARTESIAN_POINT('',(-82.5581441417,-73.11799301353,
    -32.93568477053));
#3057 = CARTESIAN_POINT('',(-69.54306878484,-75.85164870336,
    -26.10420161236));
#3058 = CARTESIAN_POINT('',(-56.54524203661,-78.03101969582,
    -18.61460622602));
#3059 = CARTESIAN_POINT('',(-44.37147142934,-79.43793894318,
    -11.07355546425));
#3060 = CARTESIAN_POINT('',(-33.29650074511,-80.09775339467,
    -3.872644111093));
#3061 = CARTESIAN_POINT('',(-23.04939794395,-80.12797437476,
    2.981076497101));
#3062 = CARTESIAN_POINT('',(-13.19213845706,-79.59915491833,
    9.652407314875));
#3063 = CARTESIAN_POINT('',(-3.38138227875,-78.51662114318,
    16.27154702922));
#3064 = CARTESIAN_POINT('',(6.4975419582,-76.87131176298,22.8153121218)
  );
#3065 = CARTESIAN_POINT('',(16.3838693046,-74.69715620003,29.14528339256
    ));
#3066 = CARTESIAN_POINT('',(26.2952945715,-72.04328248525,35.19198589286
    ));
#3067 = CARTESIAN_POINT('',(36.4574908303,-68.89721231087,41.01798126699
    ));
#3068 = CARTESIAN_POINT('',(47.0731697501,-65.22468001677,46.64398464624
    ));
#3069 = CARTESIAN_POINT('',(58.2741038182,-61.01485620761,52.03296080959
    ));
#3070 = CARTESIAN_POINT('',(70.2313901562,-56.25090348011,57.15884552051
    ));
#3071 = CARTESIAN_POINT('',(83.387059351,-50.80783141766,62.06486947494)
  );
#3072 = CARTESIAN_POINT('',(93.3871510511,-46.59332184232,65.19997073973
    ));
#3073 = CARTESIAN_POINT('',(99.0421191186,-44.21295282278,66.78333786591
    ));
#3074 = CARTESIAN_POINT('',(99.7343513419,-43.92167112158,66.97436658744
    ));
#3075 = ADVANCED_FACE('',(#3076),#3155,.T.);
#3076 = FACE_BOUND('',#3077,.T.);
#3077 = EDGE_LOOP('',(#3078,#3113,#3122,#3128,#3129,#3130,#3138));
#3078 = ORIENTED_EDGE('',*,*,#3079,.T.);
#3079 = EDGE_CURVE('',#3080,#3082,#3084,.T.);
#3080 = VERTEX_POINT('',#3081);
#3081 = CARTESIAN_POINT('',(-63.64910311747,-73.88701994916,
    -48.17119058692));
#3082 = VERTEX_POINT('',#3083);
#3083 = CARTESIAN_POINT('',(-51.82511515985,-194.6901099068,
    -95.33656024992));
#3084 = B_SPLINE_CURVE_WITH_KNOTS('',14,(#3085,#3086,#3087,#3088,#3089,
    #3090,#3091,#3092,#3093,#3094,#3095,#3096,#3097,#3098,#3099,#3100,
    #3101,#3102,#3103,#3104,#3105,#3106,#3107,#3108,#3109,#3110,#3111,
    #3112),.UNSPECIFIED.,.F.,.F.,(15,13,15),(0.,0.365082946342,1.),
  .UNSPECIFIED.);
#3085 = CARTESIAN_POINT('',(-63.64911342555,-73.88701460109,
    -48.17119509969));
#3086 = CARTESIAN_POINT('',(-63.31814268106,-77.05848091965,
    -49.34021058913));
#3087 = CARTESIAN_POINT('',(-62.98998113246,-80.22907048873,
    -50.51230549055));
#3088 = CARTESIAN_POINT('',(-62.66449172485,-83.39878498311,
    -51.68743609518));
#3089 = CARTESIAN_POINT('',(-62.34151249753,-86.56748318566,
    -52.86591190679));
#3090 = CARTESIAN_POINT('',(-62.02090064732,-89.73513595851,
    -54.04776542706));
#3091 = CARTESIAN_POINT('',(-61.70251917301,-92.90174882912,
    -55.23294346587));
#3092 = CARTESIAN_POINT('',(-61.38622033689,-96.06726629336,
    -56.4215437448));
#3093 = CARTESIAN_POINT('',(-61.0718457557,-99.23157214886,
    -57.61381398101));
#3094 = CARTESIAN_POINT('',(-60.75923993563,-102.3945679067,
    -58.80995818269));
#3095 = CARTESIAN_POINT('',(-60.44826291281,-105.5562457253,
    -60.00995625383));
#3096 = CARTESIAN_POINT('',(-60.13878783103,-108.7166744598,
    -61.21359857765));
#3097 = CARTESIAN_POINT('',(-59.83068135058,-111.8758861137,
    -62.4207666014));
#3098 = CARTESIAN_POINT('',(-59.52378819315,-115.0337863866,
    -63.63165398964));
#3099 = CARTESIAN_POINT('',(-58.68613785715,-123.6801222171,
    -66.95820300147));
#3100 = CARTESIAN_POINT('',(-58.15768120151,-129.1659843386,
    -69.08109454471));
#3101 = CARTESIAN_POINT('',(-57.63066705221,-134.6477356794,
    -71.21544248017));
#3102 = CARTESIAN_POINT('',(-57.11038125771,-140.1265587106,
    -73.35713900087));
#3103 = CARTESIAN_POINT('',(-56.57726574825,-145.5986549213,
    -75.5184212396));
#3104 = CARTESIAN_POINT('',(-56.07044244353,-151.0719922842,
    -77.67291611653));
#3105 = CARTESIAN_POINT('',(-55.53106198134,-156.5348947895,
    -79.8587105958));
#3106 = CARTESIAN_POINT('',(-55.015092693,-161.9987090608,
    -82.03834543438));
#3107 = CARTESIAN_POINT('',(-54.48673462612,-167.4563814025,
    -84.23474040021));
#3108 = CARTESIAN_POINT('',(-53.95893453113,-172.9106326356,
    -86.43874137291));
#3109 = CARTESIAN_POINT('',(-53.42989834669,-178.3612280537,
    -88.65089262802));
#3110 = CARTESIAN_POINT('',(-52.89774123537,-183.8079148719,
    -90.87179790329));
#3111 = CARTESIAN_POINT('',(-52.36302578067,-189.2509311056,
    -93.10045049861));
#3112 = CARTESIAN_POINT('',(-51.82510647819,-194.6902725437,
    -95.33663861328));
#3113 = ORIENTED_EDGE('',*,*,#3114,.F.);
#3114 = EDGE_CURVE('',#3115,#3082,#3117,.T.);
#3115 = VERTEX_POINT('',#3116);
#3116 = CARTESIAN_POINT('',(-73.22841730262,-190.37410986,
    -106.6657202244));
#3117 = CIRCLE('',#3118,30.00000000006);
#3118 = AXIS2_PLACEMENT_3D('',#3119,#3120,#3121);
#3119 = CARTESIAN_POINT('',(-75.9485275279,-203.4601305443,
    -79.80762874311));
#3120 = DIRECTION('',(4.803357124156E-02,-0.899838970966,-0.433569604982
    ));
#3121 = DIRECTION('',(9.067010243104E-02,0.436206605155,-0.895266848568)
  );
#3122 = ORIENTED_EDGE('',*,*,#3123,.T.);
#3123 = EDGE_CURVE('',#3115,#2893,#3124,.T.);
#3124 = LINE('',#3125,#3126);
#3125 = CARTESIAN_POINT('',(-73.22841730262,-190.37410986,
    -106.6657202244));
#3126 = VECTOR('',#3127,1.);
#3127 = DIRECTION('',(-0.115795494354,0.897491381651,0.425559189008));
#3128 = ORIENTED_EDGE('',*,*,#2892,.T.);
#3129 = ORIENTED_EDGE('',*,*,#712,.T.);
#3130 = ORIENTED_EDGE('',*,*,#3131,.F.);
#3131 = EDGE_CURVE('',#3132,#713,#3134,.T.);
#3132 = VERTEX_POINT('',#3133);
#3133 = CARTESIAN_POINT('',(-88.54981981779,-71.62291975265,
    -50.35802029816));
#3134 = LINE('',#3135,#3136);
#3135 = CARTESIAN_POINT('',(-88.54981981779,-71.62291975265,
    -50.35802029816));
#3136 = VECTOR('',#3137,1.);
#3137 = DIRECTION('',(-0.115780451865,0.897488851644,0.425568617429));
#3138 = ORIENTED_EDGE('',*,*,#3139,.T.);
#3139 = EDGE_CURVE('',#3132,#3080,#3140,.T.);
#3140 = B_SPLINE_CURVE_WITH_KNOTS('',3,(#3141,#3142,#3143,#3144,#3145,
    #3146,#3147,#3148,#3149,#3150,#3151,#3152,#3153,#3154),
  .UNSPECIFIED.,.F.,.F.,(4,1,1,1,1,1,1,1,1,1,1,4),(0.,9.090909090909E-02
    ,0.181818181818,0.272727272727,0.363636363636,0.454545454545,
    0.545454545455,0.636363636364,0.727272727273,0.818181818182,
    0.909090909091,1.),.UNSPECIFIED.);
#3141 = CARTESIAN_POINT('',(-88.54981981779,-71.62291975265,
    -50.35802029816));
#3142 = CARTESIAN_POINT('',(-87.82002047698,-71.43713261359,
    -50.53684262991));
#3143 = CARTESIAN_POINT('',(-86.31582399819,-71.09828697697,
    -50.858506407));
#3144 = CARTESIAN_POINT('',(-83.85643136473,-70.70901734733,
    -51.22223800448));
#3145 = CARTESIAN_POINT('',(-81.423960062,-70.49234658983,
    -51.42497399096));
#3146 = CARTESIAN_POINT('',(-79.07443215035,-70.43644595373,
    -51.482443061));
#3147 = CARTESIAN_POINT('',(-76.77451312132,-70.52747863918,
    -51.40830010928));
#3148 = CARTESIAN_POINT('',(-74.52129217937,-70.75703452557,
    -51.20857866494));
#3149 = CARTESIAN_POINT('',(-72.30471110699,-71.11907245274,
    -50.88477677315));
#3150 = CARTESIAN_POINT('',(-70.1190953623,-71.60922948435,
    -50.43468530092));
#3151 = CARTESIAN_POINT('',(-67.94750230177,-72.23023408072,
    -49.84659553545));
#3152 = CARTESIAN_POINT('',(-65.81729577665,-72.97022404494,
    -49.12012695515));
#3153 = CARTESIAN_POINT('',(-64.36995742878,-73.566370564,
    -48.50925815175));
#3154 = CARTESIAN_POINT('',(-63.64942842579,-73.88727234669,
    -48.17071292708));
#3155 = ( BOUNDED_SURFACE() B_SPLINE_SURFACE(3,3,(
    (#3156,#3157,#3158,#3159,#3160,#3161,#3162)
    ,(#3163,#3164,#3165,#3166,#3167,#3168,#3169)
    ,(#3170,#3171,#3172,#3173,#3174,#3175,#3176)
    ,(#3177,#3178,#3179,#3180,#3181,#3182,#3183
)),.UNSPECIFIED.,.F.,.F.,.F.) B_SPLINE_SURFACE_WITH_KNOTS((4,4),(4,1,1,1
    ,4),(0.,1.),(0.806286055882,0.860509206698,0.93474520145,1.,
1.00191409495),.UNSPECIFIED.) GEOMETRIC_REPRESENTATION_ITEM() 
RATIONAL_B_SPLINE_SURFACE((
    (1.122129654576,1.122129654576,1.122129654576,1.122129654576
      ,1.122129654576,1.122129654576,1.122129654576)
    ,(0.959290115141,0.959290115141,0.959290115141,0.959290115141
      ,0.959290115141,0.959290115141,0.959290115141)
    ,(0.959290115141,0.959290115141,0.959290115141,0.959290115141
      ,0.959290115141,0.959290115141,0.959290115141)
    ,(1.122129654576,1.122129654576,1.122129654576,1.122129654576
      ,1.122129654576,1.122129654576,1.122129654576
))) REPRESENTATION_ITEM('') SURFACE() );
#3156 = CARTESIAN_POINT('',(-100.6766454899,-66.29086603151,
    -39.96912263982));
#3157 = CARTESIAN_POINT('',(-99.59768896201,-77.97974890249,
    -46.03531550014));
#3158 = CARTESIAN_POINT('',(-96.90967555006,-105.6686366066,
    -60.48983237382));
#3159 = CARTESIAN_POINT('',(-92.27637261777,-147.4767934105,
    -82.37597839905));
#3160 = CARTESIAN_POINT('',(-88.45545471033,-178.0537071609,
    -98.22140581359));
#3161 = CARTESIAN_POINT('',(-86.55910849283,-192.5927907723,
    -105.6957129975));
#3162 = CARTESIAN_POINT('',(-86.50500331306,-193.007119053,
    -105.9086631394));
#3163 = CARTESIAN_POINT('',(-90.43752362857,-62.15995936001,
    -49.4786411995));
#3164 = CARTESIAN_POINT('',(-88.87486438964,-73.96396176994,
    -55.07338060947));
#3165 = CARTESIAN_POINT('',(-85.15080584082,-101.9385784822,
    -68.36031671295));
#3166 = CARTESIAN_POINT('',(-79.39778421872,-144.1865975161,
    -88.47182055725));
#3167 = CARTESIAN_POINT('',(-75.05161527094,-175.0701692634,
    -103.13155523));
#3168 = CARTESIAN_POINT('',(-72.95547668044,-189.7493682913,
    -110.0776060783));
#3169 = CARTESIAN_POINT('',(-72.8957180074,-190.1676848822,
    -110.2755312814));
#3170 = CARTESIAN_POINT('',(-75.96961526831,-61.38639453662,
    -51.032947479));
#3171 = CARTESIAN_POINT('',(-74.32654199717,-73.43473451019,
    -55.99673357785));
#3172 = CARTESIAN_POINT('',(-70.52887211732,-101.9645452065,
    -67.81003007749));
#3173 = CARTESIAN_POINT('',(-65.01678003989,-144.9154636321,
    -85.92635533189));
#3174 = CARTESIAN_POINT('',(-61.00754554609,-176.2114197608,
    -99.37219900092));
#3175 = CARTESIAN_POINT('',(-59.08915719721,-191.0673866307,
    -105.7959185798));
#3176 = CARTESIAN_POINT('',(-59.03447768986,-191.4907252119,
    -105.979003161));
#3177 = CARTESIAN_POINT('',(-63.57151752144,-64.30694264403,
    -43.95537496923));
#3178 = CARTESIAN_POINT('',(-62.28632710804,-76.62246596231,
    -48.40339312398));
#3179 = CARTESIAN_POINT('',(-59.40952636144,-105.7352321783,
    -59.07853949584));
#3180 = CARTESIAN_POINT('',(-55.39412349899,-149.3460802372,
    -75.8477498138));
#3181 = CARTESIAN_POINT('',(-52.43732469712,-180.9806157849,
    -88.5799710957));
#3182 = CARTESIAN_POINT('',(-50.99684572025,-195.9730471253,
    -94.71468114412));
#3183 = CARTESIAN_POINT('',(-50.95576682517,-196.4002550557,
    -94.88957027839));
#3184 = ADVANCED_FACE('',(#3185),#3201,.T.);
#3185 = FACE_BOUND('',#3186,.T.);
#3186 = EDGE_LOOP('',(#3187,#3188,#3200));
#3187 = ORIENTED_EDGE('',*,*,#723,.T.);
#3188 = ORIENTED_EDGE('',*,*,#3189,.T.);
#3189 = EDGE_CURVE('',#724,#3132,#3190,.T.);
#3190 = B_SPLINE_CURVE_WITH_KNOTS('',3,(#3191,#3192,#3193,#3194,#3195,
    #3196,#3197,#3198,#3199),.UNSPECIFIED.,.F.,.F.,(4,1,1,1,1,1,4),(0.,
    0.166666666667,0.333333333333,0.5,0.666666666667,0.833333333333,1.),
  .UNSPECIFIED.);
#3191 = CARTESIAN_POINT('',(-97.95325573553,-61.936593562,
    -50.63455719038));
#3192 = CARTESIAN_POINT('',(-97.05608951673,-62.23104043168,
    -50.27438832966));
#3193 = CARTESIAN_POINT('',(-95.33845601793,-62.97805020905,
    -49.68559835982));
#3194 = CARTESIAN_POINT('',(-93.03926077601,-64.4897137866,
    -49.16373342567));
#3195 = CARTESIAN_POINT('',(-91.19866319894,-66.20572421857,
    -49.0050112207));
#3196 = CARTESIAN_POINT('',(-89.81822396439,-68.02737164261,
    -49.16425148828));
#3197 = CARTESIAN_POINT('',(-88.90938479763,-69.88107497271,
    -49.62012817681));
#3198 = CARTESIAN_POINT('',(-88.62263227116,-71.05852478233,
    -50.09039860496));
#3199 = CARTESIAN_POINT('',(-88.54981981779,-71.62291975265,
    -50.35802029816));
#3200 = ORIENTED_EDGE('',*,*,#3131,.T.);
#3201 = B_SPLINE_SURFACE_WITH_KNOTS('',3,3,(
    (#3202,#3203,#3204,#3205)
    ,(#3206,#3207,#3208,#3209)
    ,(#3210,#3211,#3212,#3213)
    ,(#3214,#3215,#3216,#3217)
    ,(#3218,#3219,#3220,#3221
  )),.UNSPECIFIED.,.F.,.F.,.F.,(4,1,4),(4,4),(0.99443144603,1.,
    1.046400781544),(0.168816335235,0.202182172086),.UNSPECIFIED.);
#3202 = CARTESIAN_POINT('',(-88.83495559595,-60.7738806846,
    -44.55527705257));
#3203 = CARTESIAN_POINT('',(-88.32607819519,-64.77778110675,
    -46.43368364205));
#3204 = CARTESIAN_POINT('',(-87.81720079443,-68.78168152889,
    -48.31209023153));
#3205 = CARTESIAN_POINT('',(-87.30832339367,-72.78558195104,
    -50.19049682101));
#3206 = CARTESIAN_POINT('',(-89.20638316031,-60.7738806846,
    -44.77470577136));
#3207 = CARTESIAN_POINT('',(-88.69493922008,-64.77778110675,
    -46.65981604054));
#3208 = CARTESIAN_POINT('',(-88.18349527984,-68.78168152889,
    -48.54492630972));
#3209 = CARTESIAN_POINT('',(-87.6720513396,-72.78558195104,
    -50.43003657891));
#3210 = CARTESIAN_POINT('',(-92.67278463837,-60.7738806846,
    -46.82255603373));
#3211 = CARTESIAN_POINT('',(-92.13738809716,-64.77778110675,
    -48.77022936354));
#3212 = CARTESIAN_POINT('',(-91.60199155595,-68.78168152889,
    -50.71790269335));
#3213 = CARTESIAN_POINT('',(-91.06659501473,-72.78558195104,
    -52.66557602316));
#3214 = CARTESIAN_POINT('',(-96.13918611644,-60.7738806846,
    -48.8704062961));
#3215 = CARTESIAN_POINT('',(-95.57983697425,-64.77778110675,
    -50.88064268654));
#3216 = CARTESIAN_POINT('',(-95.02048783206,-68.78168152889,
    -52.89087907698));
#3217 = CARTESIAN_POINT('',(-94.46113868986,-72.78558195104,
    -54.90111546742));
#3218 = CARTESIAN_POINT('',(-99.23416003014,-60.7738806846,
    -50.69882783969));
#3219 = CARTESIAN_POINT('',(-98.65342482645,-64.77778110675,
    -52.76492361105));
#3220 = CARTESIAN_POINT('',(-98.07268962276,-68.78168152889,
    -54.83101938241));
#3221 = CARTESIAN_POINT('',(-97.49195441907,-72.78558195104,
    -56.89711515378));
#3222 = ADVANCED_FACE('',(#3223),#3235,.F.);
#3223 = FACE_BOUND('',#3224,.F.);
#3224 = EDGE_LOOP('',(#3225,#3232,#3233,#3234));
#3225 = ORIENTED_EDGE('',*,*,#3226,.T.);
#3226 = EDGE_CURVE('',#3080,#735,#3227,.T.);
#3227 = CIRCLE('',#3228,9.999160842185);
#3228 = AXIS2_PLACEMENT_3D('',#3229,#3230,#3231);
#3229 = CARTESIAN_POINT('',(-58.44775236214,-70.46075656399,
    -55.99358709204));
#3230 = DIRECTION('',(-0.846082020319,0.331639272701,-0.417325541628));
#3231 = DIRECTION('',(-0.520178726738,-0.342655092687,0.782305298272));
#3232 = ORIENTED_EDGE('',*,*,#734,.F.);
#3233 = ORIENTED_EDGE('',*,*,#3189,.T.);
#3234 = ORIENTED_EDGE('',*,*,#3139,.T.);
#3235 = ( BOUNDED_SURFACE() B_SPLINE_SURFACE(3,3,(
    (#3236,#3237,#3238,#3239,#3240,#3241,#3242,#3243,#3244,#3245,#3246
      ,#3247,#3248,#3249,#3250,#3251,#3252,#3253)
    ,(#3254,#3255,#3256,#3257,#3258,#3259,#3260,#3261,#3262,#3263,#3264
      ,#3265,#3266,#3267,#3268,#3269,#3270,#3271)
    ,(#3272,#3273,#3274,#3275,#3276,#3277,#3278,#3279,#3280,#3281,#3282
      ,#3283,#3284,#3285,#3286,#3287,#3288,#3289)
    ,(#3290,#3291,#3292,#3293,#3294,#3295,#3296,#3297,#3298,#3299,#3300
      ,#3301,#3302,#3303,#3304,#3305,#3306,#3307
)),.UNSPECIFIED.,.F.,.F.,.F.) B_SPLINE_SURFACE_WITH_KNOTS((4,4),(4,1,1,1
    ,1,1,1,1,1,1,1,1,1,1,1,4),(0.,1.),(-1.863214020263E-02,0.,
    7.504402508687E-02,0.146557999528,0.216625697024,0.285683615022,
    0.35445499869,0.423624890182,0.493876923388,0.565956682534,
    0.640559696201,0.715264433394,0.785641861448,0.852851667475,
    0.922832566381,0.934423436049),.UNSPECIFIED.) 
GEOMETRIC_REPRESENTATION_ITEM() RATIONAL_B_SPLINE_SURFACE((
    (1.181181807931,1.181181807931,1.181181807931,1.181181807931
      ,1.181181807931,1.181181807931,1.181181807931,1.181181807931
      ,1.181181807931,1.181181807931,1.181181807931,1.181181807931
      ,1.181181807931,1.181181807931,1.181181807931,1.181181807931
      ,1.181181807931,1.181181807931)
    ,(0.939606064023,0.939606064023,0.939606064023,0.939606064023
      ,0.939606064023,0.939606064023,0.939606064023,0.939606064023
      ,0.939606064023,0.939606064023,0.939606064023,0.939606064023
      ,0.939606064023,0.939606064023,0.939606064023,0.939606064023
      ,0.939606064023,0.939606064023)
    ,(0.939606064023,0.939606064023,0.939606064023,0.939606064023
      ,0.939606064023,0.939606064023,0.939606064023,0.939606064023
      ,0.939606064023,0.939606064023,0.939606064023,0.939606064023
      ,0.939606064023,0.939606064023,0.939606064023,0.939606064023
      ,0.939606064023,0.939606064023)
    ,(1.181181807931,1.181181807931,1.181181807931,1.181181807931
      ,1.181181807931,1.181181807931,1.181181807931,1.181181807931
      ,1.181181807931,1.181181807931,1.181181807931,1.181181807931
      ,1.181181807931,1.181181807931,1.181181807931,1.181181807931
,1.181181807931,1.181181807931))) REPRESENTATION_ITEM('') SURFACE() );
#3236 = CARTESIAN_POINT('',(-63.21801805199,-75.23537878566,
    -48.57897293923));
#3237 = CARTESIAN_POINT('',(-63.39625293928,-75.15386795536,
    -48.66570132635));
#3238 = CARTESIAN_POINT('',(-64.29783327001,-74.74900624714,
    -49.09336198459));
#3239 = CARTESIAN_POINT('',(-65.9342801915,-74.08120367017,
    -49.77340475885));
#3240 = CARTESIAN_POINT('',(-68.16006252615,-73.31882950397,
    -50.51482513917));
#3241 = CARTESIAN_POINT('',(-70.38770986891,-72.69687205395,
    -51.09646341789));
#3242 = CARTESIAN_POINT('',(-72.63564679947,-72.21027310039,
    -51.53685472305));
#3243 = CARTESIAN_POINT('',(-74.9104927158,-71.86031834544,
    -51.84457539784));
#3244 = CARTESIAN_POINT('',(-77.22280828323,-71.65057928314,
    -52.0231762429));
#3245 = CARTESIAN_POINT('',(-79.58362021246,-71.58784361554,
    -52.07062020858));
#3246 = CARTESIAN_POINT('',(-82.00307875186,-71.68230078358,
    -51.97903712637));
#3247 = CARTESIAN_POINT('',(-84.45468159146,-71.94361529883,
    -51.73773556357));
#3248 = CARTESIAN_POINT('',(-86.85380550539,-72.36353294749,
    -51.34818610355));
#3249 = CARTESIAN_POINT('',(-89.12599268866,-72.91118909123,
    -50.82970633176));
#3250 = CARTESIAN_POINT('',(-91.29264509985,-73.56805591908,
    -50.1897352457));
#3251 = CARTESIAN_POINT('',(-92.79827141968,-74.11744491371,
    -49.63489149612));
#3252 = CARTESIAN_POINT('',(-93.60577393101,-74.44122104835,
    -49.29886035099));
#3253 = CARTESIAN_POINT('',(-93.72014190226,-74.48767129691,
    -49.25046891404));
#3254 = CARTESIAN_POINT('',(-62.94165701402,-70.24505567905,
    -45.18802732262));
#3255 = CARTESIAN_POINT('',(-63.11450440797,-70.16150735283,
    -45.27826278473));
#3256 = CARTESIAN_POINT('',(-63.99072748577,-69.74564819619,
    -45.72437564284));
#3257 = CARTESIAN_POINT('',(-65.59822586212,-69.05258543736,
    -46.44353359311));
#3258 = CARTESIAN_POINT('',(-67.82025675548,-68.25216981134,
    -47.24399430647));
#3259 = CARTESIAN_POINT('',(-70.07528237297,-67.59170193077,
    -47.88311065797));
#3260 = CARTESIAN_POINT('',(-72.37756061363,-67.07015921516,
    -48.37475246143));
#3261 = CARTESIAN_POINT('',(-74.72875932734,-66.69208966795,
    -48.72316444243));
#3262 = CARTESIAN_POINT('',(-77.13384693838,-66.46385256436,
    -48.92847546954));
#3263 = CARTESIAN_POINT('',(-79.59732507878,-66.39437654042,
    -48.98595011773));
#3264 = CARTESIAN_POINT('',(-82.1216379976,-66.4952064681,-48.8859012451
    ));
#3265 = CARTESIAN_POINT('',(-84.66984017889,-66.77598269303,
    -48.61742068878));
#3266 = CARTESIAN_POINT('',(-87.14499627111,-67.22552391178,
    -48.18554540219));
#3267 = CARTESIAN_POINT('',(-89.46512962678,-67.80761316686,
    -47.61661628599));
#3268 = CARTESIAN_POINT('',(-91.65093074917,-68.4995209385,
    -46.92374776516));
#3269 = CARTESIAN_POINT('',(-93.14903051247,-69.07213949658,
    -46.33243686269));
#3270 = CARTESIAN_POINT('',(-93.94543503245,-69.40710357636,
    -45.97829857685));
#3271 = CARTESIAN_POINT('',(-94.05808686478,-69.4551093727,
    -45.92737709363));
#3272 = CARTESIAN_POINT('',(-60.36233772544,-64.83145239472,
    -45.90789872534));
#3273 = CARTESIAN_POINT('',(-60.55689681531,-64.74000270941,
    -46.01618500024));
#3274 = CARTESIAN_POINT('',(-61.54444640449,-64.2843563791,
    -46.55251125643));
#3275 = CARTESIAN_POINT('',(-63.36768926829,-63.5213373213,
    -47.42507343446));
#3276 = CARTESIAN_POINT('',(-65.91290444231,-62.63613419286,
    -48.40766141753));
#3277 = CARTESIAN_POINT('',(-68.51682686317,-61.90214455438,
    -49.20051919725));
#3278 = CARTESIAN_POINT('',(-71.19316913706,-61.32055843072,
    -49.81599198731));
#3279 = CARTESIAN_POINT('',(-73.94047960993,-60.89809146698,
    -50.25581542614));
#3280 = CARTESIAN_POINT('',(-76.76071367518,-60.64323928065,
    -50.51753336723));
#3281 = CARTESIAN_POINT('',(-79.65465163368,-60.56691663407,
    -50.59358093007));
#3282 = CARTESIAN_POINT('',(-82.61992565885,-60.68241791231,
    -50.47125917418));
#3283 = CARTESIAN_POINT('',(-85.60715558526,-61.00013285174,
    -50.13763325182));
#3284 = CARTESIAN_POINT('',(-88.49689903572,-61.50619585322,
    -49.60127138482));
#3285 = CARTESIAN_POINT('',(-91.19007288354,-62.15831196391,
    -48.89831827765));
#3286 = CARTESIAN_POINT('',(-93.70990976508,-62.9296046848,
    -48.0484913925));
#3287 = CARTESIAN_POINT('',(-95.42312517461,-63.56449827363,
    -47.32975725242));
#3288 = CARTESIAN_POINT('',(-96.32913316499,-63.93456640253,
    -46.9021598079));
#3289 = CARTESIAN_POINT('',(-96.45719043643,-63.98757707926,
    -46.84073206274));
#3290 = CARTESIAN_POINT('',(-57.06263021502,-62.31614542121,
    -50.29690204408));
#3291 = CARTESIAN_POINT('',(-57.29267873761,-62.21577848036,
    -50.42670759263));
#3292 = CARTESIAN_POINT('',(-58.45993298359,-61.71596711391,
    -51.06965701167));
#3293 = CARTESIAN_POINT('',(-60.61124093832,-60.88121810512,
    -52.11578959956));
#3294 = CARTESIAN_POINT('',(-63.60828280609,-59.91650374651,
    -53.29184557762));
#3295 = CARTESIAN_POINT('',(-66.66855104589,-59.11909111481,
    -54.24037837829));
#3296 = CARTESIAN_POINT('',(-69.80916892937,-58.48920223773,
    -54.97628476455));
#3297 = CARTESIAN_POINT('',(-73.02931134899,-58.03329576176,
    -55.50215329648));
#3298 = CARTESIAN_POINT('',(-76.33234855611,-57.76004143118,
    -55.81536579424));
#3299 = CARTESIAN_POINT('',(-79.720426532,-57.68096671711,
    -55.90713288559));
#3300 = CARTESIAN_POINT('',(-83.19221180062,-57.81043616656,
    -55.76239692877));
#3301 = CARTESIAN_POINT('',(-86.69152752106,-58.1599026663,
    -55.36562993152));
#3302 = CARTESIAN_POINT('',(-90.08003882628,-58.71470609491,
    -54.72672963344));
#3303 = CARTESIAN_POINT('',(-93.24246434424,-59.42947704961,
    -53.88840979862));
#3304 = CARTESIAN_POINT('',(-96.20627267875,-60.2757912069,
    -52.87386716921));
#3305 = CARTESIAN_POINT('',(-98.22525934066,-60.97379575623,
    -52.01493565106));
#3306 = CARTESIAN_POINT('',(-99.29432383524,-61.3813455586,
    -51.5035987135));
#3307 = CARTESIAN_POINT('',(-99.44545594538,-61.4397396483,
    -51.43013472454));
#3308 = ADVANCED_FACE('',(#3309),#3392,.F.);
#3309 = FACE_BOUND('',#3310,.F.);
#3310 = EDGE_LOOP('',(#3311,#3383,#3390,#3391));
#3311 = ORIENTED_EDGE('',*,*,#3312,.T.);
#3312 = EDGE_CURVE('',#3080,#3313,#3315,.T.);
#3313 = VERTEX_POINT('',#3314);
#3314 = CARTESIAN_POINT('',(93.180474668299,-72.6523995175,
    55.533369622882));
#3315 = B_SPLINE_CURVE_WITH_KNOTS('',14,(#3316,#3317,#3318,#3319,#3320,
    #3321,#3322,#3323,#3324,#3325,#3326,#3327,#3328,#3329,#3330,#3331,
    #3332,#3333,#3334,#3335,#3336,#3337,#3338,#3339,#3340,#3341,#3342,
    #3343,#3344,#3345,#3346,#3347,#3348,#3349,#3350,#3351,#3352,#3353,
    #3354,#3355,#3356,#3357,#3358,#3359,#3360,#3361,#3362,#3363,#3364,
    #3365,#3366,#3367,#3368,#3369,#3370,#3371,#3372,#3373,#3374,#3375,
    #3376,#3377,#3378,#3379,#3380,#3381,#3382),.UNSPECIFIED.,.F.,.F.,(15
    ,13,13,13,13,15),(0.,0.224801024558,0.381551697351,0.496914555506,
    0.771187099085,1.),.UNSPECIFIED.);
#3316 = CARTESIAN_POINT('',(-63.64953365444,-73.88738216825,
    -48.17056276816));
#3317 = CARTESIAN_POINT('',(-61.03207123863,-74.82993738229,
    -46.84294527414));
#3318 = CARTESIAN_POINT('',(-58.42387026993,-75.75374090179,
    -45.48329004954));
#3319 = CARTESIAN_POINT('',(-55.82423196913,-76.65780906874,
    -44.09354832155));
#3320 = CARTESIAN_POINT('',(-53.23637157769,-77.53808829472,
    -42.66687457495));
#3321 = CARTESIAN_POINT('',(-50.64904100341,-78.40219600487,
    -41.22831964874));
#3322 = CARTESIAN_POINT('',(-48.08826134555,-79.22711014467,
    -39.72194977936));
#3323 = CARTESIAN_POINT('',(-45.51068303814,-80.04722272455,
    -38.24166279946));
#3324 = CARTESIAN_POINT('',(-42.96731740982,-80.81908801879,
    -36.6774503638));
#3325 = CARTESIAN_POINT('',(-40.41467712091,-81.57762688145,
    -35.12226820166));
#3326 = CARTESIAN_POINT('',(-37.87812453104,-82.29935427567,
    -33.52525180008));
#3327 = CARTESIAN_POINT('',(-35.34728923001,-82.99171675616,
    -31.90522679147));
#3328 = CARTESIAN_POINT('',(-32.82418127691,-83.65175045022,
    -30.26091803712));
#3329 = CARTESIAN_POINT('',(-30.30826370519,-84.27835371314,
    -28.59291419596));
#3330 = CARTESIAN_POINT('',(-26.04963134605,-85.28327161999,
    -25.72409831711));
#3331 = CARTESIAN_POINT('',(-24.30339978094,-85.67935248608,
    -24.53471149527));
#3332 = CARTESIAN_POINT('',(-22.56040735274,-86.05814525852,
    -23.33484147516));
#3333 = CARTESIAN_POINT('',(-20.82038197407,-86.41974299502,
    -22.12528902444));
#3334 = CARTESIAN_POINT('',(-19.08331188488,-86.76341586482,
    -20.90621499042));
#3335 = CARTESIAN_POINT('',(-17.34911113563,-87.08867937305,
    -19.67796255637));
#3336 = CARTESIAN_POINT('',(-15.61753987385,-87.39553396226,
    -18.44125570937));
#3337 = CARTESIAN_POINT('',(-13.88837363865,-87.68391528844,
    -17.19678474636));
#3338 = CARTESIAN_POINT('',(-12.16151493585,-87.95334850185,
    -15.94492944244));
#3339 = CARTESIAN_POINT('',(-10.43689096121,-88.20329862236,
    -14.68600546134));
#3340 = CARTESIAN_POINT('',(-8.714283881779,-88.43372396225,
    -13.4206786706));
#3341 = CARTESIAN_POINT('',(-6.99339840271,-88.64483723429,
    -12.14980348737));
#3342 = CARTESIAN_POINT('',(-5.274185934229,-88.83603070862,
    -10.87363414811));
#3343 = CARTESIAN_POINT('',(-2.292204125639,-89.1333392632,
    -8.650256700639));
#3344 = CARTESIAN_POINT('',(-1.02877777554,-89.24855978374,
    -7.705145245661));
#3345 = CARTESIAN_POINT('',(0.233938224859,-89.35295473563,
    -6.757770514008));
#3346 = CARTESIAN_POINT('',(1.496018784131,-89.44647795036,
    -5.808367931891));
#3347 = CARTESIAN_POINT('',(2.757537738763,-89.52907000443,
    -4.857169696366));
#3348 = CARTESIAN_POINT('',(4.018569206734,-89.60067800742,
    -3.904408565042));
#3349 = CARTESIAN_POINT('',(5.279188263257,-89.66126592876,
    -2.950319826809));
#3350 = CARTESIAN_POINT('',(6.53947118074,-89.71081749398,
    -1.995141836461));
#3351 = CARTESIAN_POINT('',(7.799495216709,-89.74933349478,
    -1.039115486949));
#3352 = CARTESIAN_POINT('',(9.059338242447,-89.77682557555,
    -8.248300331369E-02));
#3353 = CARTESIAN_POINT('',(10.319078184919,-89.79330833755,
    0.874513567648));
#3354 = CARTESIAN_POINT('',(11.578792542845,-89.79879179714,
    1.83163378966));
#3355 = CARTESIAN_POINT('',(12.838558012039,-89.79327608474,
    2.788639814611));
#3356 = CARTESIAN_POINT('',(17.093815621996,-89.73746086659,
    6.019725867177));
#3357 = CARTESIAN_POINT('',(20.089944323427,-89.63586234478,
    8.292043275606));
#3358 = CARTESIAN_POINT('',(23.087346446134,-89.47416452564,
    10.560608008158));
#3359 = CARTESIAN_POINT('',(26.090016178695,-89.24266892934,
    12.813386901821));
#3360 = CARTESIAN_POINT('',(29.087778552981,-88.985306665,
    15.080576130295));
#3361 = CARTESIAN_POINT('',(32.111185514832,-88.57904130761,
    17.271245666729));
#3362 = CARTESIAN_POINT('',(35.104939129804,-88.27066081449,
    19.549576628514));
#3363 = CARTESIAN_POINT('',(38.147894378851,-87.71694240796,
    21.681152318806));
#3364 = CARTESIAN_POINT('',(41.161889952399,-87.26956847527,
    23.898204849687));
#3365 = CARTESIAN_POINT('',(44.205951979702,-86.67103642539,
    26.025204084709));
#3366 = CARTESIAN_POINT('',(47.250359083703,-86.06232184588,
    28.150519759788));
#3367 = CARTESIAN_POINT('',(50.30681867748,-85.39224994846,
    30.239159301507));
#3368 = CARTESIAN_POINT('',(53.373264347935,-84.67710191301,
    32.297241020413));
#3369 = CARTESIAN_POINT('',(59.018233455656,-83.28190401527,
    36.010074253044));
#3370 = CARTESIAN_POINT('',(61.593393596643,-82.61583100044,
    37.675169132324));
#3371 = CARTESIAN_POINT('',(64.176281559693,-81.91956859996,
    39.316197255563));
#3372 = CARTESIAN_POINT('',(66.768254651663,-81.19442157213,
    40.930257561898));
#3373 = CARTESIAN_POINT('',(69.366976949244,-80.44197487445,
    42.521978956279));
#3374 = CARTESIAN_POINT('',(71.97621139683,-79.66295614903,
    44.082126842186));
#3375 = CARTESIAN_POINT('',(74.594767179626,-78.85905462369,
    45.613753706309));
#3376 = CARTESIAN_POINT('',(77.220431936367,-78.03204922792,
    47.12202107759));
#3377 = CARTESIAN_POINT('',(79.85613472759,-77.18280290571,
    48.599643692809));
#3378 = CARTESIAN_POINT('',(82.503126061255,-76.31253303958,
    50.043615429113));
#3379 = CARTESIAN_POINT('',(85.157600853292,-75.42328070926,
    51.462879871766));
#3380 = CARTESIAN_POINT('',(87.822539380443,-74.51578455003,
    52.849598348086));
#3381 = CARTESIAN_POINT('',(90.496728561936,-73.59172997934,
    54.206807652114));
#3382 = CARTESIAN_POINT('',(93.180474631868,-72.6523995291,
    55.533369604355));
#3383 = ORIENTED_EDGE('',*,*,#3384,.F.);
#3384 = EDGE_CURVE('',#748,#3313,#3385,.T.);
#3385 = CIRCLE('',#3386,10.);
#3386 = AXIS2_PLACEMENT_3D('',#3387,#3388,#3389);
#3387 = CARTESIAN_POINT('',(98.3000000357,-76.28815029996,47.75058244473
    ));
#3388 = DIRECTION('',(0.857319822473,0.273124922642,0.43635478527));
#3389 = DIRECTION('',(-1.050582330992E-10,0.847646114537,-0.530562027015
    ));
#3390 = ORIENTED_EDGE('',*,*,#747,.F.);
#3391 = ORIENTED_EDGE('',*,*,#3226,.F.);
#3392 = ( BOUNDED_SURFACE() B_SPLINE_SURFACE(3,3,(
    (#3393,#3394,#3395,#3396,#3397,#3398,#3399,#3400,#3401,#3402,#3403
      ,#3404,#3405,#3406,#3407,#3408,#3409,#3410,#3411,#3412,#3413)
    ,(#3414,#3415,#3416,#3417,#3418,#3419,#3420,#3421,#3422,#3423,#3424
      ,#3425,#3426,#3427,#3428,#3429,#3430,#3431,#3432,#3433,#3434)
    ,(#3435,#3436,#3437,#3438,#3439,#3440,#3441,#3442,#3443,#3444,#3445
      ,#3446,#3447,#3448,#3449,#3450,#3451,#3452,#3453,#3454,#3455)
    ,(#3456,#3457,#3458,#3459,#3460,#3461,#3462,#3463,#3464,#3465,#3466
      ,#3467,#3468,#3469,#3470,#3471,#3472,#3473,#3474,#3475,#3476
)),.UNSPECIFIED.,.F.,.F.,.F.) B_SPLINE_SURFACE_WITH_KNOTS((4,4),(4,1,1,1
    ,1,1,1,1,1,1,1,1,1,1,1,1,1,1,4),(0.,1.),(-1.002220883466E-02,0.,
    7.780081335148E-02,0.152894451172,0.226279044585,0.294997613165,
    0.362696349494,0.431917062889,0.498907387505,0.559753550726,
    0.614377717947,0.666469600651,0.719110553088,0.772154918647,
    0.824819835804,0.878584455124,0.936207585346,1.,1.009889353677),
.UNSPECIFIED.) GEOMETRIC_REPRESENTATION_ITEM() RATIONAL_B_SPLINE_SURFACE
((
    (1.275975437425,1.275975437425,1.275975437425,1.275975437425
      ,1.275975437425,1.275975437425,1.275975437425,1.275975437425
      ,1.275975437425,1.275975437425,1.275975437425,1.275975437425
      ,1.275975437425,1.275975437425,1.275975437425,1.275975437425
      ,1.275975437425,1.275975437425,1.275975437425,1.275975437425
      ,1.275975437425)
    ,(0.908008187525,0.908008187525,0.908008187525,0.908008187525
      ,0.908008187525,0.908008187525,0.908008187525,0.908008187525
      ,0.908008187525,0.908008187525,0.908008187525,0.908008187525
      ,0.908008187525,0.908008187525,0.908008187525,0.908008187525
      ,0.908008187525,0.908008187525,0.908008187525,0.908008187525
      ,0.908008187525)
    ,(0.908008187525,0.908008187525,0.908008187525,0.908008187525
      ,0.908008187525,0.908008187525,0.908008187525,0.908008187525
      ,0.908008187525,0.908008187525,0.908008187525,0.908008187525
      ,0.908008187525,0.908008187525,0.908008187525,0.908008187525
      ,0.908008187525,0.908008187525,0.908008187525,0.908008187525
      ,0.908008187525)
    ,(1.275975437425,1.275975437425,1.275975437425,1.275975437425
      ,1.275975437425,1.275975437425,1.275975437425,1.275975437425
      ,1.275975437425,1.275975437425,1.275975437425,1.275975437425
      ,1.275975437425,1.275975437425,1.275975437425,1.275975437425
      ,1.275975437425,1.275975437425,1.275975437425,1.275975437425
,1.275975437425))) REPRESENTATION_ITEM('') SURFACE() );
#3393 = CARTESIAN_POINT('',(94.9573521902,-73.21064643655,56.86509830164
    ));
#3394 = CARTESIAN_POINT('',(94.4020248863,-73.41912300762,56.59585128483
    ));
#3395 = CARTESIAN_POINT('',(89.5406393094,-75.23847544492,54.21927431928
    ));
#3396 = CARTESIAN_POINT('',(80.6016476311,-78.48490305491,49.53210115427
    ));
#3397 = CARTESIAN_POINT('',(68.3819533858,-82.55895489897,42.37411675028
    ));
#3398 = CARTESIAN_POINT('',(56.8268509739,-85.95274264191,34.94645064965
    ));
#3399 = CARTESIAN_POINT('',(45.8124910271,-88.65776721546,27.32444073872
    ));
#3400 = CARTESIAN_POINT('',(35.1360133589,-90.69638667438,19.51167067931
    ));
#3401 = CARTESIAN_POINT('',(24.6434676493,-92.05086502519,11.51693196104
    ));
#3402 = CARTESIAN_POINT('',(14.5656198007,-92.68112330368,3.655543654566
    ));
#3403 = CARTESIAN_POINT('',(5.2616719151,-92.66153871698,-3.649644515168
    ));
#3404 = CARTESIAN_POINT('',(-3.28063588754,-92.14639142307,
    -10.31097194172));
#3405 = CARTESIAN_POINT('',(-11.4191589367,-91.23097088187,
    -16.55207126093));
#3406 = CARTESIAN_POINT('',(-19.50534091904,-89.92879407463,
    -22.59450350829));
#3407 = CARTESIAN_POINT('',(-27.66281677315,-88.24523745735,
    -28.47817701806));
#3408 = CARTESIAN_POINT('',(-35.93216905252,-86.20020610293,
    -34.18419581497));
#3409 = CARTESIAN_POINT('',(-44.50502123002,-83.76909663546,
    -39.7948609441));
#3410 = CARTESIAN_POINT('',(-53.7426079345,-80.85032632533,
    -45.46673451097));
#3411 = CARTESIAN_POINT('',(-60.74006274235,-78.43658949821,
    -49.44031434643));
#3412 = CARTESIAN_POINT('',(-64.69302446994,-77.02064563463,
    -51.56987680595));
#3413 = CARTESIAN_POINT('',(-65.22405676914,-76.82953683208,
    -51.8538788424));
#3414 = CARTESIAN_POINT('',(94.0400722022,-66.06331404804,54.11168726499
    ));
#3415 = CARTESIAN_POINT('',(93.4829463474,-66.26242606999,53.86734661716
    ));
#3416 = CARTESIAN_POINT('',(88.6058597179,-68.00059474386,51.7101316986)
  );
#3417 = CARTESIAN_POINT('',(79.6387555967,-71.11107435915,47.44777141004
    ));
#3418 = CARTESIAN_POINT('',(67.3836521071,-75.03985276513,40.92002718454
    ));
#3419 = CARTESIAN_POINT('',(55.799006068,-78.34199635411,34.1306370655)
  );
#3420 = CARTESIAN_POINT('',(44.7611054361,-81.00882410694,27.15057759465
    ));
#3421 = CARTESIAN_POINT('',(34.0669230916,-83.06207557563,19.98483688662
    ));
#3422 = CARTESIAN_POINT('',(23.5626700763,-84.48653046795,12.64226841707
    ));
#3423 = CARTESIAN_POINT('',(13.4794472975,-85.23999476902,5.41325831391)
  );
#3424 = CARTESIAN_POINT('',(4.1757806238,-85.38331619875,-1.311881851551
    ));
#3425 = CARTESIAN_POINT('',(-4.361955905,-85.05759757231,-7.450747596209
    ));
#3426 = CARTESIAN_POINT('',(-12.49246177925,-84.35602264093,
    -13.20834475846));
#3427 = CARTESIAN_POINT('',(-20.56731772714,-83.29645948044,
    -18.78891984387));
#3428 = CARTESIAN_POINT('',(-28.7102354971,-81.88519746461,
    -24.22972323713));
#3429 = CARTESIAN_POINT('',(-36.96200709294,-80.14036992939,
    -29.5137153425));
#3430 = CARTESIAN_POINT('',(-45.51409326677,-78.04148807934,
    -34.71773232723));
#3431 = CARTESIAN_POINT('',(-54.72692950345,-75.49929598958,
    -39.98843780917));
#3432 = CARTESIAN_POINT('',(-61.70411131117,-73.38189831718,
    -43.68953740567));
#3433 = CARTESIAN_POINT('',(-65.64525422262,-72.13549764808,
    -45.67610775276));
#3434 = CARTESIAN_POINT('',(-66.17469249383,-71.96719859158,
    -45.94109704738));
#3435 = CARTESIAN_POINT('',(96.681453183,-63.63010028479,47.2845642895)
  );
#3436 = CARTESIAN_POINT('',(96.1295063994,-63.80289512157,47.05160613741
    ));
#3437 = CARTESIAN_POINT('',(91.2976322048,-65.31044440998,44.99570920217
    ));
#3438 = CARTESIAN_POINT('',(82.4114801079,-67.99367964141,40.94697179509
    ));
#3439 = CARTESIAN_POINT('',(70.2583403652,-71.34159738829,34.77811982227
    ));
#3440 = CARTESIAN_POINT('',(58.7587675598,-74.10804391774,28.38886081196
    ));
#3441 = CARTESIAN_POINT('',(47.7886542109,-76.28640574461,21.84238526301
    ));
#3442 = CARTESIAN_POINT('',(37.1454538957,-77.89491932095,15.14046680769
    ));
#3443 = CARTESIAN_POINT('',(26.674913002,-78.91757017071,8.29004296765)
  );
#3444 = CARTESIAN_POINT('',(16.607167764,-79.32413207029,1.560696809507)
  );
#3445 = CARTESIAN_POINT('',(7.3026913181,-79.18404071155,-4.686740971212
    ));
#3446 = CARTESIAN_POINT('',(-1.2482085587,-78.62994610239,
    -10.37860537869));
#3447 = CARTESIAN_POINT('',(-9.40180052834,-77.73916613029,
    -15.70681325729));
#3448 = CARTESIAN_POINT('',(-17.50927069697,-76.51911400672,
    -20.86063240447));
#3449 = CARTESIAN_POINT('',(-25.69410963285,-74.97336349892,
    -25.87380213031));
#3450 = CARTESIAN_POINT('',(-33.99650621095,-73.11908372375,
    -30.72989035667));
#3451 = CARTESIAN_POINT('',(-42.60838975076,-70.93358176135,
    -35.49846343462));
#3452 = CARTESIAN_POINT('',(-51.89249693607,-68.32672635656,
    -40.3114779684));
#3453 = CARTESIAN_POINT('',(-58.92805646672,-66.18246142555,
    -43.67681132465));
#3454 = CARTESIAN_POINT('',(-62.90323260311,-64.92787820369,
    -45.47807339938));
#3455 = CARTESIAN_POINT('',(-63.43726100523,-64.75860419931,
    -45.71824922762));
#3456 = CARTESIAN_POINT('',(100.5963217656,-68.01608401576,
    42.29016987319));
#3457 = CARTESIAN_POINT('',(100.0520510362,-68.16837717082,
    42.04522285232));
#3458 = CARTESIAN_POINT('',(95.2871875235,-69.49539029486,39.88494525047
    ));
#3459 = CARTESIAN_POINT('',(86.5210168072,-71.82971241934,35.65382630029
    ));
#3460 = CARTESIAN_POINT('',(74.5190005382,-74.66371006141,29.2620253846)
  );
#3461 = CARTESIAN_POINT('',(63.1455172791,-76.9138614102,22.68858181559)
  );
#3462 = CARTESIAN_POINT('',(52.2758734598,-78.57608128606,15.99221139469
    ));
#3463 = CARTESIAN_POINT('',(41.7082351125,-79.66524912772,9.169635324899
    ));
#3464 = CARTESIAN_POINT('',(31.2876599477,-80.16193347312,2.225554808809
    ));
#3465 = CARTESIAN_POINT('',(21.242854429,-80.05160487604,-4.569122635248
    ));
#3466 = CARTESIAN_POINT('',(11.9371777959,-79.42697463213,
    -10.85448472411));
#3467 = CARTESIAN_POINT('',(3.3667681331,-78.42427736807,-16.5615284033)
  );
#3468 = CARTESIAN_POINT('',(-4.82104041878,-77.10493120013,
    -21.88594318353));
#3469 = CARTESIAN_POINT('',(-12.97684908498,-75.46013347351,
    -27.01731270676));
#3470 = CARTESIAN_POINT('',(-21.22382061611,-73.4894632138,
    -31.98804966644));
#3471 = CARTESIAN_POINT('',(-29.60124997216,-71.21076702437,
    -36.78055505027));
#3472 = CARTESIAN_POINT('',(-38.30176095007,-68.59473603981,
    -41.46160988842));
#3473 = CARTESIAN_POINT('',(-47.69150090841,-65.5379188259,
    -46.15637892154));
#3474 = CARTESIAN_POINT('',(-54.81358378237,-63.06682425486,
    -49.4131459886));
#3475 = CARTESIAN_POINT('',(-58.83920156429,-61.63341181466,
    -51.14710186294));
#3476 = CARTESIAN_POINT('',(-59.38003313467,-61.44022163822,
    -51.37813070733));
#3477 = ADVANCED_FACE('',(#3478),#3504,.F.);
#3478 = FACE_BOUND('',#3479,.F.);
#3479 = EDGE_LOOP('',(#3480,#3481,#3494,#3503));
#3480 = ORIENTED_EDGE('',*,*,#1557,.F.);
#3481 = ORIENTED_EDGE('',*,*,#3482,.T.);
#3482 = EDGE_CURVE('',#1548,#3483,#3485,.T.);
#3483 = VERTEX_POINT('',#3484);
#3484 = CARTESIAN_POINT('',(112.290482938,-68.77637149057,
    -50.89786171131));
#3485 = B_SPLINE_CURVE_WITH_KNOTS('',3,(#3486,#3487,#3488,#3489,#3490,
    #3491,#3492,#3493),.UNSPECIFIED.,.F.,.F.,(4,1,1,1,1,4),(0.,0.2,0.4,
    0.6,0.8,1.),.QUASI_UNIFORM_KNOTS.);
#3486 = CARTESIAN_POINT('',(116.0071371793,-69.91074658464,
    -37.06803314995));
#3487 = CARTESIAN_POINT('',(115.7786499977,-69.40866039358,-38.063021321
    ));
#3488 = CARTESIAN_POINT('',(115.2514548422,-68.61864222097,
    -40.08275222092));
#3489 = CARTESIAN_POINT('',(114.3637998577,-67.93864964451,
    -43.16135626545));
#3490 = CARTESIAN_POINT('',(113.5349828145,-67.75012825391,
    -46.00680270824));
#3491 = CARTESIAN_POINT('',(112.8120276781,-68.00677605651,
    -48.64616656004));
#3492 = CARTESIAN_POINT('',(112.4437901666,-68.4730481662,
    -50.18895420065));
#3493 = CARTESIAN_POINT('',(112.290482938,-68.77637149057,
    -50.89786171131));
#3494 = ORIENTED_EDGE('',*,*,#3495,.T.);
#3495 = EDGE_CURVE('',#3483,#848,#3496,.T.);
#3496 = B_SPLINE_CURVE_WITH_KNOTS('',3,(#3497,#3498,#3499,#3500,#3501,
    #3502),.UNSPECIFIED.,.F.,.F.,(4,1,1,4),(0.,0.333333333333,
    0.666666666667,1.),.UNSPECIFIED.);
#3497 = CARTESIAN_POINT('',(112.290482938,-68.77637149057,
    -50.89786171131));
#3498 = CARTESIAN_POINT('',(111.1556479004,-68.47536237573,
    -51.46494592158));
#3499 = CARTESIAN_POINT('',(108.9394059984,-67.8569473626,
    -52.55057188153));
#3500 = CARTESIAN_POINT('',(105.8571502773,-66.92247220223,
    -54.00532801374));
#3501 = CARTESIAN_POINT('',(103.798936544,-66.25155716175,-54.9406854413
    ));
#3502 = CARTESIAN_POINT('',(102.7825310137,-65.90872443334,
    -55.39337828327));
#3503 = ORIENTED_EDGE('',*,*,#847,.T.);
#3504 = ( BOUNDED_SURFACE() B_SPLINE_SURFACE(3,3,(
    (#3505,#3506,#3507,#3508,#3509,#3510,#3511,#3512,#3513)
    ,(#3514,#3515,#3516,#3517,#3518,#3519,#3520,#3521,#3522)
    ,(#3523,#3524,#3525,#3526,#3527,#3528,#3529,#3530,#3531)
    ,(#3532,#3533,#3534,#3535,#3536,#3537,#3538,#3539,#3540
)),.UNSPECIFIED.,.F.,.F.,.F.) B_SPLINE_SURFACE_WITH_KNOTS((4,4),(4,1,1,1
    ,1,1,4),(0.,1.),(-1.496597918557E-03,0.,1.032172926377E-02,
    2.098281915404E-02,3.293170770249E-02,4.660910198523E-02,
4.70612871274E-02),.UNSPECIFIED.) GEOMETRIC_REPRESENTATION_ITEM() 
RATIONAL_B_SPLINE_SURFACE((
    (1.131062418892,1.131062418892,1.131062418892,1.131062418892
      ,1.131062418892,1.131062418892,1.131062418892,1.131062418892
      ,1.131062418892)
    ,(0.956312527036,0.956312527036,0.956312527036,0.956312527036
      ,0.956312527036,0.956312527036,0.956312527036,0.956312527036
      ,0.956312527036)
    ,(0.956312527036,0.956312527036,0.956312527036,0.956312527036
      ,0.956312527036,0.956312527036,0.956312527036,0.956312527036
      ,0.956312527036)
    ,(1.131062418892,1.131062418892,1.131062418892,1.131062418892
      ,1.131062418892,1.131062418892,1.131062418892,1.131062418892
,1.131062418892))) REPRESENTATION_ITEM('') SURFACE() );
#3505 = CARTESIAN_POINT('',(102.4290150125,-66.4588409478,-56.6801317589
    ));
#3506 = CARTESIAN_POINT('',(102.6253316332,-66.52695774647,
    -56.59361603958));
#3507 = CARTESIAN_POINT('',(104.1755797475,-67.06163316824,
    -55.90793668735));
#3508 = CARTESIAN_POINT('',(107.1237742201,-68.02995684319,
    -54.56668978911));
#3509 = CARTESIAN_POINT('',(111.438942112,-69.31872587853,
    -52.51000222848));
#3510 = CARTESIAN_POINT('',(116.1868133506,-70.58148961789,
    -50.1394874292));
#3511 = CARTESIAN_POINT('',(119.5905025823,-71.35816658293,
    -48.35502204869));
#3512 = CARTESIAN_POINT('',(121.4311008697,-71.73909972015,
    -47.36525332258));
#3513 = CARTESIAN_POINT('',(121.4900013639,-71.75124974851,
    -47.33355457042));
#3514 = CARTESIAN_POINT('',(101.6789306763,-63.29177600016,
    -52.82208517509));
#3515 = CARTESIAN_POINT('',(101.8701607144,-63.3556449919,
    -52.74004541469));
#3516 = CARTESIAN_POINT('',(103.3802443332,-63.85689462164,
    -52.08981044785));
#3517 = CARTESIAN_POINT('',(106.2520879111,-64.76341577439,
    -50.81746072841));
#3518 = CARTESIAN_POINT('',(110.4554678891,-65.966277346,-48.86552193954
    ));
#3519 = CARTESIAN_POINT('',(115.0801502875,-67.13987420074,
    -46.61498569633));
#3520 = CARTESIAN_POINT('',(118.3952326572,-67.85695046345,
    -44.92051401838));
#3521 = CARTESIAN_POINT('',(120.1877788114,-68.20693476416,
    -43.98066808755));
#3522 = CARTESIAN_POINT('',(120.2451414601,-68.21809572263,
    -43.95056819507));
#3523 = CARTESIAN_POINT('',(99.5755294734,-63.1980488372,-48.23467098861
    ));
#3524 = CARTESIAN_POINT('',(99.7637496663,-63.25786940226,
    -48.15409400615));
#3525 = CARTESIAN_POINT('',(101.2500737153,-63.72721058804,
    -47.51547638868));
#3526 = CARTESIAN_POINT('',(104.0768345134,-64.57394651258,
    -46.2662187408));
#3527 = CARTESIAN_POINT('',(108.2141148167,-65.6914341517,
    -44.35078775357));
#3528 = CARTESIAN_POINT('',(112.7654622358,-66.77340284328,
    -42.14382947081));
#3529 = CARTESIAN_POINT('',(116.0270379817,-67.4264893874,
    -40.48360732811));
#3530 = CARTESIAN_POINT('',(117.7902163076,-67.74232660638,
    -39.56328355292));
#3531 = CARTESIAN_POINT('',(117.8466387136,-67.75239530341,
    -39.53380941667));
#3532 = CARTESIAN_POINT('',(97.0937420351,-66.22110218492,
    -45.04416477789));
#3533 = CARTESIAN_POINT('',(97.2824241895,-66.27895015737,
    -44.96135939188));
#3534 = CARTESIAN_POINT('',(98.7724062022,-66.73268987435,
    -44.30514742328));
#3535 = CARTESIAN_POINT('',(101.6062482932,-67.54936843659,
    -43.02247351873));
#3536 = CARTESIAN_POINT('',(105.7537544916,-68.62158666158,
    -41.05838792453));
#3537 = CARTESIAN_POINT('',(110.3156117005,-69.65193574689,
    -38.79840853545));
#3538 = CARTESIAN_POINT('',(113.583581487,-70.2663029177,-37.10081703314
    ));
#3539 = CARTESIAN_POINT('',(115.3496883364,-70.56062204989,
    -36.16056621608));
#3540 = CARTESIAN_POINT('',(115.4062039068,-70.57000155926,
    -36.13045469334));
#3541 = ADVANCED_FACE('',(#3542),#3844,.T.);
#3542 = FACE_BOUND('',#3543,.T.);
#3543 = EDGE_LOOP('',(#3544,#3554,#3691,#3699,#3712,#3713,#3719,#3720,
    #3721,#3722));
#3544 = ORIENTED_EDGE('',*,*,#3545,.T.);
#3545 = EDGE_CURVE('',#3546,#3548,#3550,.T.);
#3546 = VERTEX_POINT('',#3547);
#3547 = CARTESIAN_POINT('',(-3.1348665914,-6.25771547247,-359.9999998373
    ));
#3548 = VERTEX_POINT('',#3549);
#3549 = CARTESIAN_POINT('',(1.5639102482,-25.10349988948,-360.));
#3550 = LINE('',#3551,#3552);
#3551 = CARTESIAN_POINT('',(-3.13434918046,-6.259698547452,
    -359.9999500443));
#3552 = VECTOR('',#3553,1.);
#3553 = DIRECTION('',(0.241920541808,-0.97029606381,-2.572295163436E-06)
  );
#3554 = ORIENTED_EDGE('',*,*,#3555,.F.);
#3555 = EDGE_CURVE('',#3556,#3548,#3558,.T.);
#3556 = VERTEX_POINT('',#3557);
#3557 = CARTESIAN_POINT('',(79.982533548034,-132.6737313329,
    -200.2482167436));
#3558 = B_SPLINE_CURVE_WITH_KNOTS('',14,(#3559,#3560,#3561,#3562,#3563,
    #3564,#3565,#3566,#3567,#3568,#3569,#3570,#3571,#3572,#3573,#3574,
    #3575,#3576,#3577,#3578,#3579,#3580,#3581,#3582,#3583,#3584,#3585,
    #3586,#3587,#3588,#3589,#3590,#3591,#3592,#3593,#3594,#3595,#3596,
    #3597,#3598,#3599,#3600,#3601,#3602,#3603,#3604,#3605,#3606,#3607,
    #3608,#3609,#3610,#3611,#3612,#3613,#3614,#3615,#3616,#3617,#3618,
    #3619,#3620,#3621,#3622,#3623,#3624,#3625,#3626,#3627,#3628,#3629,
    #3630,#3631,#3632,#3633,#3634,#3635,#3636,#3637,#3638,#3639,#3640,
    #3641,#3642,#3643,#3644,#3645,#3646,#3647,#3648,#3649,#3650,#3651,
    #3652,#3653,#3654,#3655,#3656,#3657,#3658,#3659,#3660,#3661,#3662,
    #3663,#3664,#3665,#3666,#3667,#3668,#3669,#3670,#3671,#3672,#3673,
    #3674,#3675,#3676,#3677,#3678,#3679,#3680,#3681,#3682,#3683,#3684,
    #3685,#3686,#3687,#3688,#3689,#3690),.UNSPECIFIED.,.F.,.F.,(15,13,13
    ,13,13,13,13,13,13,13,15),(0.,0.116604509396,0.239086438451,
    0.313989484916,0.385072051768,0.484828820795,0.583888423226,
    0.635380396241,0.743183301302,0.866762589957,1.),.UNSPECIFIED.);
#3559 = CARTESIAN_POINT('',(79.982533549635,-132.6737313275,
    -200.2482167416));
#3560 = CARTESIAN_POINT('',(79.57953254197,-133.4706560768,
    -202.1105940262));
#3561 = CARTESIAN_POINT('',(79.158983522056,-134.2451585989,
    -203.9806622755));
#3562 = CARTESIAN_POINT('',(78.721502234112,-134.9964927038,
    -205.8573600114));
#3563 = CARTESIAN_POINT('',(78.266886332129,-135.7245727652,
    -207.7423645267));
#3564 = CARTESIAN_POINT('',(77.79707990065,-136.427611026,
    -209.6302239287));
#3565 = CARTESIAN_POINT('',(77.310692233045,-137.1064849896,
    -211.5265963728));
#3566 = CARTESIAN_POINT('',(76.808910161042,-137.7600292774,
    -213.4285810057));
#3567 = CARTESIAN_POINT('',(76.293497276942,-138.3866268355,
    -215.3313672457));
#3568 = CARTESIAN_POINT('',(75.763461881068,-138.9868632615,
    -217.2393203258));
#3569 = CARTESIAN_POINT('',(75.218568200437,-139.5607339584,
    -219.1543080907));
#3570 = CARTESIAN_POINT('',(74.661140016383,-140.1062069452,
    -221.0696974852));
#3571 = CARTESIAN_POINT('',(74.089936359548,-140.6240960835,
    -222.9907167522));
#3572 = CARTESIAN_POINT('',(73.506117501682,-141.1133163012,
    -224.9146235827));
#3573 = CARTESIAN_POINT('',(72.283599553777,-142.0569925371,
    -228.8662607183));
#3574 = CARTESIAN_POINT('',(71.643646550634,-142.5084336072,
    -230.8942273777));
#3575 = CARTESIAN_POINT('',(70.990458214349,-142.9272197923,
    -232.9255401844));
#3576 = CARTESIAN_POINT('',(70.324633149706,-143.3127557604,
    -234.9586826854));
#3577 = CARTESIAN_POINT('',(69.646291266535,-143.6643180503,
    -236.9959646681));
#3578 = CARTESIAN_POINT('',(68.956394206259,-143.9813970896,
    -239.0329526131));
#3579 = CARTESIAN_POINT('',(68.255192223801,-144.2633763219,
    -241.0711317002));
#3580 = CARTESIAN_POINT('',(67.542824532864,-144.5095853425,
    -243.112705957));
#3581 = CARTESIAN_POINT('',(66.820160700748,-144.7194550692,
    -245.1537505529));
#3582 = CARTESIAN_POINT('',(66.087803068018,-144.8923867861,
    -247.1927173463));
#3583 = CARTESIAN_POINT('',(65.345700146615,-145.0277265732,
    -249.2335774111));
#3584 = CARTESIAN_POINT('',(64.594868231702,-145.1250312357,
    -251.2712978015));
#3585 = CARTESIAN_POINT('',(63.835477882221,-145.1835658886,
    -253.3078590421));
#3586 = CARTESIAN_POINT('',(62.598892393961,-145.2147301385,
    -256.585461416));
#3587 = CARTESIAN_POINT('',(62.126664488856,-145.2119007545,
    -257.8282415703));
#3588 = CARTESIAN_POINT('',(61.651573625485,-145.194277692,
    -259.0698922013));
#3589 = CARTESIAN_POINT('',(61.173736923306,-145.161756096,
    -260.3102371473));
#3590 = CARTESIAN_POINT('',(60.693271494825,-145.1142318535,
    -261.5491001227));
#3591 = CARTESIAN_POINT('',(60.210291364041,-145.0515884693,
    -262.786321558));
#3592 = CARTESIAN_POINT('',(59.724907502519,-144.9736977655,
    -264.0217572702));
#3593 = CARTESIAN_POINT('',(59.237230341519,-144.8804297205,
    -265.2552667592));
#3594 = CARTESIAN_POINT('',(58.74737268231,-144.7716654142,
    -266.4866961968));
#3595 = CARTESIAN_POINT('',(58.255452663162,-144.6473086868,
    -267.7158644862));
#3596 = CARTESIAN_POINT('',(57.761594634901,-144.5072903965,
    -268.9425573055));
#3597 = CARTESIAN_POINT('',(57.26592741871,-144.351560724,
    -270.1665371811));
#3598 = CARTESIAN_POINT('',(56.768578165324,-144.1800637484,
    -271.3875751931));
#3599 = CARTESIAN_POINT('',(55.796191175191,-143.8148720894,
    -273.7613262555));
#3600 = CARTESIAN_POINT('',(55.321311746083,-143.6227657266,
    -274.9143348883));
#3601 = CARTESIAN_POINT('',(54.84512281125,-143.416316903,
    -276.0643700502));
#3602 = CARTESIAN_POINT('',(54.367720779261,-143.1954342519,
    -277.2112863389));
#3603 = CARTESIAN_POINT('',(53.889202656129,-142.9600338566,
    -278.3549337801));
#3604 = CARTESIAN_POINT('',(53.409668206614,-142.7100603147,
    -279.495145754));
#3605 = CARTESIAN_POINT('',(52.929220080081,-142.4454892484,
    -280.6317371268));
#3606 = CARTESIAN_POINT('',(52.44796309924,-142.1663178862,
    -281.7645101674));
#3607 = CARTESIAN_POINT('',(51.966002504427,-141.8725492247,
    -282.8932631256));
#3608 = CARTESIAN_POINT('',(51.483442686988,-141.5641766527,
    -284.0177996996));
#3609 = CARTESIAN_POINT('',(51.000386084079,-141.2411744642,
    -285.1379340377));
#3610 = CARTESIAN_POINT('',(50.516933628319,-140.9035010198,
    -286.2534892285));
#3611 = CARTESIAN_POINT('',(50.033186771536,-140.5511202625,
    -287.3642845975));
#3612 = CARTESIAN_POINT('',(48.870101486597,-139.6689014173,
    -290.0220149348));
#3613 = CARTESIAN_POINT('',(48.190583653151,-139.124743443,
    -291.5641420778));
#3614 = CARTESIAN_POINT('',(47.51093277726,-138.5518031448,
    -293.096022524));
#3615 = CARTESIAN_POINT('',(46.831481362642,-137.949896382,
    -294.617031562));
#3616 = CARTESIAN_POINT('',(46.152422989867,-137.3192916992,
    -296.1267428845));
#3617 = CARTESIAN_POINT('',(45.47400968779,-136.6603994857,
    -297.6246585553));
#3618 = CARTESIAN_POINT('',(44.796558674036,-135.9730272285,
    -299.110174975));
#3619 = CARTESIAN_POINT('',(44.120355337282,-135.2567706223,
    -300.5827206229));
#3620 = CARTESIAN_POINT('',(43.445619752905,-134.5119655765,
    -302.0418263505));
#3621 = CARTESIAN_POINT('',(42.772559031389,-133.739590234,
    -303.4870528991));
#3622 = CARTESIAN_POINT('',(42.101411606555,-132.9399296896,
    -304.9178931583));
#3623 = CARTESIAN_POINT('',(41.432416783448,-132.1123298158,
    -306.3338069385));
#3624 = CARTESIAN_POINT('',(40.765775575823,-131.2578710416,
    -307.7343528442));
#3625 = CARTESIAN_POINT('',(39.442322323254,-129.501224279,
    -310.4939713728));
#3626 = CARTESIAN_POINT('',(38.785483956691,-128.5994481394,
    -311.8532386109));
#3627 = CARTESIAN_POINT('',(38.131309855764,-127.6716309631,
    -313.1966009405));
#3628 = CARTESIAN_POINT('',(37.480163047832,-126.7179099447,
    -314.5231992433));
#3629 = CARTESIAN_POINT('',(36.832032140586,-125.7389346077,
    -315.8330636593));
#3630 = CARTESIAN_POINT('',(36.187050318018,-124.7351239686,
    -317.1259064522));
#3631 = CARTESIAN_POINT('',(35.545570302019,-123.7065905988,
    -318.4009153416));
#3632 = CARTESIAN_POINT('',(34.907856791327,-122.6536020336,
    -319.6574437006));
#3633 = CARTESIAN_POINT('',(34.273911637468,-121.5768224282,
    -320.8954292457));
#3634 = CARTESIAN_POINT('',(33.643671537008,-120.4769980018,
    -322.1149672348));
#3635 = CARTESIAN_POINT('',(33.017312837316,-119.354503515,
    -323.3156230977));
#3636 = CARTESIAN_POINT('',(32.395143843364,-118.2095217404,
    -324.4966541571));
#3637 = CARTESIAN_POINT('',(31.777060895181,-117.0428681163,
    -325.6582248586));
#3638 = CARTESIAN_POINT('',(30.844222239539,-115.237337248,
    -327.3932184787));
#3639 = CARTESIAN_POINT('',(30.526326316982,-114.6140417265,
    -327.9812369444));
#3640 = CARTESIAN_POINT('',(30.209593170526,-113.9850563207,
    -328.5638418556));
#3641 = CARTESIAN_POINT('',(29.894030090525,-113.3504553778,
    -329.1410070927));
#3642 = CARTESIAN_POINT('',(29.579644425978,-112.7103134883,
    -329.7127061892));
#3643 = CARTESIAN_POINT('',(29.266443609084,-112.0647055061,
    -330.2789123412));
#3644 = CARTESIAN_POINT('',(28.954435114649,-111.4137065151,
    -330.8395983908));
#3645 = CARTESIAN_POINT('',(28.643626516941,-110.7573918769,
    -331.3947368513));
#3646 = CARTESIAN_POINT('',(28.334025422102,-110.0958371722,
    -331.9442998747));
#3647 = CARTESIAN_POINT('',(28.02563953634,-109.4291182621,
    -332.488259287));
#3648 = CARTESIAN_POINT('',(27.718476607645,-108.757311234,
    -333.0265865562));
#3649 = CARTESIAN_POINT('',(27.412544467799,-108.0804924416,
    -333.5592528165));
#3650 = CARTESIAN_POINT('',(27.107851007078,-107.3987384805,
    -334.0862288528));
#3651 = CARTESIAN_POINT('',(26.169111987811,-105.2746439256,
    -335.6987802264));
#3652 = CARTESIAN_POINT('',(25.539293699252,-103.8158752027,
    -336.7649862465));
#3653 = CARTESIAN_POINT('',(24.914864070503,-102.3363865053,
    -337.8061567229));
#3654 = CARTESIAN_POINT('',(24.296000566023,-100.8371024494,
    -338.8218209918));
#3655 = CARTESIAN_POINT('',(23.68248476946,-99.31836686213,
    -339.8122829426));
#3656 = CARTESIAN_POINT('',(23.074264177221,-97.78079611737,
    -340.7775206424));
#3657 = CARTESIAN_POINT('',(22.47153113258,-96.22538925211,
    -341.7170322052));
#3658 = CARTESIAN_POINT('',(21.874390298239,-94.65301964162,
    -342.6304880957));
#3659 = CARTESIAN_POINT('',(21.282666412321,-93.06414462092,
    -343.5181081828));
#3660 = CARTESIAN_POINT('',(20.696111453011,-91.45912049006,
    -344.3802541905));
#3661 = CARTESIAN_POINT('',(20.11472835837,-89.83868995063,-345.21679378
    ));
#3662 = CARTESIAN_POINT('',(19.538658199961,-88.20380525951,
    -346.0273214445));
#3663 = CARTESIAN_POINT('',(18.967602720447,-86.55475225825,
    -346.8122923747));
#3664 = CARTESIAN_POINT('',(17.752756944121,-82.98663441884,
    -348.4418350114));
#3665 = CARTESIAN_POINT('',(17.110545256777,-81.06339395719,
    -349.2783412861));
#3666 = CARTESIAN_POINT('',(16.474780091307,-79.12326847716,
    -350.0811391189));
#3667 = CARTESIAN_POINT('',(15.845397034834,-77.16756027527,
    -350.8502333043));
#3668 = CARTESIAN_POINT('',(15.22214767534,-75.19663956303,
    -351.5858194312));
#3669 = CARTESIAN_POINT('',(14.604853665611,-73.21124476248,
    -352.2880184921));
#3670 = CARTESIAN_POINT('',(13.993437680223,-71.21266356246,
    -352.9568494243));
#3671 = CARTESIAN_POINT('',(13.387772851009,-69.20196746403,
    -353.5923887017));
#3672 = CARTESIAN_POINT('',(12.787606966528,-67.17959120258,
    -354.1948494818));
#3673 = CARTESIAN_POINT('',(12.192672256008,-65.14584875273,
    -354.7644650926));
#3674 = CARTESIAN_POINT('',(11.602837023126,-63.10169783817,
    -355.3013314303));
#3675 = CARTESIAN_POINT('',(11.01803521325,-61.04844082715,
    -355.8054837447));
#3676 = CARTESIAN_POINT('',(10.437975043359,-58.98631968068,
    -356.2772033443));
#3677 = CARTESIAN_POINT('',(9.242096806218,-54.68463144071,
    -357.1903470379));
#3678 = CARTESIAN_POINT('',(8.626993802855,-52.4436862216,
    -357.6265466653));
#3679 = CARTESIAN_POINT('',(8.017228991955,-50.19494010799,
    -358.025196115));
#3680 = CARTESIAN_POINT('',(7.410745730832,-47.93466293969,
    -358.3875427715));
#3681 = CARTESIAN_POINT('',(6.813956628564,-45.68021203871,
    -358.7097475943));
#3682 = CARTESIAN_POINT('',(6.208651719267,-43.38768187558,
    -359.002792193));
#3683 = CARTESIAN_POINT('',(5.629547637972,-41.14488606798,
    -359.2458277755));
#3684 = CARTESIAN_POINT('',(5.025988356464,-38.82719373686,
    -359.4693703714));
#3685 = CARTESIAN_POINT('',(4.450254713687,-36.56614587086,
    -359.6420225727));
#3686 = CARTESIAN_POINT('',(3.862694093018,-34.26450798872,
    -359.7876970828));
#3687 = CARTESIAN_POINT('',(3.285045692838,-31.97782949838,
    -359.8933850551));
#3688 = CARTESIAN_POINT('',(2.708280142003,-29.68509464343,
    -359.9645939437));
#3689 = CARTESIAN_POINT('',(2.134775932467,-27.39368097907,
    -359.9999768535));
#3690 = CARTESIAN_POINT('',(1.563910248166,-25.10349988947,-360.));
#3691 = ORIENTED_EDGE('',*,*,#3692,.T.);
#3692 = EDGE_CURVE('',#3556,#3693,#3695,.T.);
#3693 = VERTEX_POINT('',#3694);
#3694 = CARTESIAN_POINT('',(111.6970165326,-69.9504139082,
    -53.64182364089));
#3695 = LINE('',#3696,#3697);
#3696 = CARTESIAN_POINT('',(79.9825335582,-132.6737313138,
    -200.2482167015));
#3697 = VECTOR('',#3698,1.);
#3698 = DIRECTION('',(0.195065582834,0.385790948473,0.901728763249));
#3699 = ORIENTED_EDGE('',*,*,#3700,.T.);
#3700 = EDGE_CURVE('',#3693,#1519,#3701,.T.);
#3701 = B_SPLINE_CURVE_WITH_KNOTS('',3,(#3702,#3703,#3704,#3705,#3706,
    #3707,#3708,#3709,#3710,#3711),.UNSPECIFIED.,.F.,.F.,(4,1,1,1,1,1,1,
    4),(0.,0.142857142857,0.285714285714,0.428571428571,0.571428571429,
    0.714285714286,0.857142857143,1.),.UNSPECIFIED.);
#3702 = CARTESIAN_POINT('',(111.6970165326,-69.9504139082,
    -53.64182364089));
#3703 = CARTESIAN_POINT('',(111.8577366387,-69.63248139041,
    -52.89874426945));
#3704 = CARTESIAN_POINT('',(112.3440200155,-69.06199872402,
    -51.36561716206));
#3705 = CARTESIAN_POINT('',(113.5561516747,-68.35912327353,
    -48.89088365076));
#3706 = CARTESIAN_POINT('',(115.0651840369,-67.86278659932,
    -46.54870433174));
#3707 = CARTESIAN_POINT('',(116.7849649117,-67.54361542753,
    -44.38097377012));
#3708 = CARTESIAN_POINT('',(118.6731771459,-67.39634082389,
    -42.42380667782));
#3709 = CARTESIAN_POINT('',(120.7320454626,-67.43118279635,
    -40.69639141304));
#3710 = CARTESIAN_POINT('',(122.1748682157,-67.59064926984,
    -39.75992701795));
#3711 = CARTESIAN_POINT('',(122.9120008731,-67.70940589703,
    -39.35385094274));
#3712 = ORIENTED_EDGE('',*,*,#1537,.T.);
#3713 = ORIENTED_EDGE('',*,*,#3714,.F.);
#3714 = EDGE_CURVE('',#3483,#1538,#3715,.T.);
#3715 = LINE('',#3716,#3717);
#3716 = CARTESIAN_POINT('',(112.290482938,-68.77637149057,
    -50.89786171131));
#3717 = VECTOR('',#3718,1.);
#3718 = DIRECTION('',(0.194955931493,0.385848687118,0.901727772349));
#3719 = ORIENTED_EDGE('',*,*,#3495,.T.);
#3720 = ORIENTED_EDGE('',*,*,#856,.T.);
#3721 = ORIENTED_EDGE('',*,*,#1078,.F.);
#3722 = ORIENTED_EDGE('',*,*,#3723,.T.);
#3723 = EDGE_CURVE('',#1070,#3546,#3724,.T.);
#3724 = B_SPLINE_CURVE_WITH_KNOTS('',14,(#3725,#3726,#3727,#3728,#3729,
    #3730,#3731,#3732,#3733,#3734,#3735,#3736,#3737,#3738,#3739,#3740,
    #3741,#3742,#3743,#3744,#3745,#3746,#3747,#3748,#3749,#3750,#3751,
    #3752,#3753,#3754,#3755,#3756,#3757,#3758,#3759,#3760,#3761,#3762,
    #3763,#3764,#3765,#3766,#3767,#3768,#3769,#3770,#3771,#3772,#3773,
    #3774,#3775,#3776,#3777,#3778,#3779,#3780,#3781,#3782,#3783,#3784,
    #3785,#3786,#3787,#3788,#3789,#3790,#3791,#3792,#3793,#3794,#3795,
    #3796,#3797,#3798,#3799,#3800,#3801,#3802,#3803,#3804,#3805,#3806,
    #3807,#3808,#3809,#3810,#3811,#3812,#3813,#3814,#3815,#3816,#3817,
    #3818,#3819,#3820,#3821,#3822,#3823,#3824,#3825,#3826,#3827,#3828,
    #3829,#3830,#3831,#3832,#3833,#3834,#3835,#3836,#3837,#3838,#3839,
    #3840,#3841,#3842,#3843),.UNSPECIFIED.,.F.,.F.,(15,13,13,13,13,13,13
    ,13,13,15),(0.,0.142418164073,0.215735317137,0.349294124395,
    0.474761191843,0.604730725957,0.675273226242,0.751243464678,
    0.916608765229,1.),.UNSPECIFIED.);
#3725 = CARTESIAN_POINT('',(-73.22842145972,106.66570748773,
    -190.3740817651));
#3726 = CARTESIAN_POINT('',(-72.92093151824,107.79427967982,
    -192.7551265625));
#3727 = CARTESIAN_POINT('',(-72.58328443968,108.88672237825,
    -195.1504012852));
#3728 = CARTESIAN_POINT('',(-72.2163571823,109.94177570063,
    -197.5592763932));
#3729 = CARTESIAN_POINT('',(-71.82102665492,110.95817989616,
    -199.9811223563));
#3730 = CARTESIAN_POINT('',(-71.3981689993,111.93467721204,
    -202.4153096228));
#3731 = CARTESIAN_POINT('',(-70.94865885856,112.8700138199,
    -204.8612086795));
#3732 = CARTESIAN_POINT('',(-70.47336866973,113.76294163832,
    -207.3181899559));
#3733 = CARTESIAN_POINT('',(-69.97316792144,114.61222030634,
    -209.785623953));
#3734 = CARTESIAN_POINT('',(-69.44892245431,115.41661897074,
    -212.2628810967));
#3735 = CARTESIAN_POINT('',(-68.90149371664,116.17491826949,
    -214.7493318793));
#3736 = CARTESIAN_POINT('',(-68.33173806017,116.88591213832,
    -217.2443467438));
#3737 = CARTESIAN_POINT('',(-67.74050600516,117.54840975359,
    -219.7472961637));
#3738 = CARTESIAN_POINT('',(-67.12864152538,118.16123738596,
    -222.2575505971));
#3739 = CARTESIAN_POINT('',(-66.1718013982,119.01256051826,
    -226.0702010137));
#3740 = CARTESIAN_POINT('',(-65.84137484973,119.28841200158,
    -227.3676906617));
#3741 = CARTESIAN_POINT('',(-65.50582452697,119.5506165198,
    -228.666812725));
#3742 = CARTESIAN_POINT('',(-65.16527247175,119.79899795098,
    -229.9674304831));
#3743 = CARTESIAN_POINT('',(-64.81983992088,120.03338227548,
    -231.2694071992));
#3744 = CARTESIAN_POINT('',(-64.46964729949,120.25359759428,
    -232.5726061669));
#3745 = CARTESIAN_POINT('',(-64.11481423206,120.45947409901,
    -233.876890634));
#3746 = CARTESIAN_POINT('',(-63.75545952741,120.65084411205,
    -235.1821239053));
#3747 = CARTESIAN_POINT('',(-63.39170119583,120.82754204202,
    -236.4881692264));
#3748 = CARTESIAN_POINT('',(-63.02365643253,120.98940442509,
    -237.7948898944));
#3749 = CARTESIAN_POINT('',(-62.65144163121,121.13626989276,
    -239.1021491689));
#3750 = CARTESIAN_POINT('',(-62.27517237463,121.26797919303,
    -240.4098103323));
#3751 = CARTESIAN_POINT('',(-61.89496344013,121.3843751787,
    -241.7177366555));
#3752 = CARTESIAN_POINT('',(-60.81134886587,121.6691584845,
    -245.4086203442));
#3753 = CARTESIAN_POINT('',(-60.09909107854,121.80170008216,
    -247.7918365313));
#3754 = CARTESIAN_POINT('',(-59.37480001778,121.8818905819,
    -250.1745951237));
#3755 = CARTESIAN_POINT('',(-58.63974956763,121.90915283156,
    -252.5547401806));
#3756 = CARTESIAN_POINT('',(-57.89389937581,121.88222947134,
    -254.9326792164));
#3757 = CARTESIAN_POINT('',(-57.13816641768,121.79995336594,
    -257.3072050058));
#3758 = CARTESIAN_POINT('',(-56.37506988089,121.66361127814,
    -259.672972684));
#3759 = CARTESIAN_POINT('',(-55.60225870961,121.46967421601,
    -262.0355671834));
#3760 = CARTESIAN_POINT('',(-54.82112490806,121.21775466129,
    -264.3925221347));
#3761 = CARTESIAN_POINT('',(-54.03609338326,120.91091893035,
    -266.7342810928));
#3762 = CARTESIAN_POINT('',(-53.24295371798,120.5441579545,
    -269.0703784462));
#3763 = CARTESIAN_POINT('',(-52.44588781301,120.12018467064,
    -271.3918736171));
#3764 = CARTESIAN_POINT('',(-51.64419012887,119.63745095512,
    -273.7004382098));
#3765 = CARTESIAN_POINT('',(-50.08240473525,118.58743462177,
    -278.1483729724));
#3766 = CARTESIAN_POINT('',(-49.32269800062,118.0269828213,
    -280.2895669528));
#3767 = CARTESIAN_POINT('',(-48.56047829368,117.41485871302,
    -282.4163562608));
#3768 = CARTESIAN_POINT('',(-47.79629195022,116.75062125224,
    -284.527069561));
#3769 = CARTESIAN_POINT('',(-47.0308287202,116.03480308047,
    -286.6207956355));
#3770 = CARTESIAN_POINT('',(-46.26469689876,115.26769725937,
    -288.6963682769));
#3771 = CARTESIAN_POINT('',(-45.49838226861,114.44913720385,
    -290.7521816845));
#3772 = CARTESIAN_POINT('',(-44.7323753293,113.5791870171,
    -292.7867671212));
#3773 = CARTESIAN_POINT('',(-43.96725032759,112.65857106477,
    -294.79915135));
#3774 = CARTESIAN_POINT('',(-43.20358827156,111.68825957564,
    -296.7885097644));
#3775 = CARTESIAN_POINT('',(-42.44184904847,110.66877726793,
    -298.7535881821));
#3776 = CARTESIAN_POINT('',(-41.68240869026,109.6004034099,
    -300.6928705882));
#3777 = CARTESIAN_POINT('',(-40.92578138345,108.48437030265,
    -302.6055816958));
#3778 = CARTESIAN_POINT('',(-39.39185242044,106.11655619488,
    -306.4428678085));
#3779 = CARTESIAN_POINT('',(-38.61480344564,104.86139104884,
    -308.3653688654));
#3780 = CARTESIAN_POINT('',(-37.84142394829,103.55663505414,
    -310.2577410726));
#3781 = CARTESIAN_POINT('',(-37.07312259524,102.2045115331,
    -312.1143632201));
#3782 = CARTESIAN_POINT('',(-36.3062921062,100.80178325764,
    -313.9521601577));
#3783 = CARTESIAN_POINT('',(-35.5520135066,99.361250948452,
    -315.7219766358));
#3784 = CARTESIAN_POINT('',(-34.7892752108,97.861647221758,
    -317.5178541886));
#3785 = CARTESIAN_POINT('',(-34.04943533393,96.336455507509,
    -319.2011848314));
#3786 = CARTESIAN_POINT('',(-33.29987412939,94.75377960845,
    -320.9157481102));
#3787 = CARTESIAN_POINT('',(-32.5657087952,93.139775089106,
    -322.5516365572));
#3788 = CARTESIAN_POINT('',(-31.83310003148,91.482126633295,
    -324.1692635367));
#3789 = CARTESIAN_POINT('',(-31.10787100024,89.787777489232,
    -325.74326949));
#3790 = CARTESIAN_POINT('',(-30.38847696676,88.05661184545,
    -327.280244297));
#3791 = CARTESIAN_POINT('',(-29.28822114351,85.331791937027,
    -329.5914518379));
#3792 = CARTESIAN_POINT('',(-28.9029630035,84.362840316824,
    -330.3931439044));
#3793 = CARTESIAN_POINT('',(-28.51952545194,83.383768053908,
    -331.1833927777));
#3794 = CARTESIAN_POINT('',(-28.13790353298,82.394784140195,
    -331.9621733239));
#3795 = CARTESIAN_POINT('',(-27.75809161259,81.396099360973,
    -332.7294603259));
#3796 = CARTESIAN_POINT('',(-27.38008333478,80.387926346211,
    -333.4852287231));
#3797 = CARTESIAN_POINT('',(-27.00387169356,79.370479485729,
    -334.2294532156));
#3798 = CARTESIAN_POINT('',(-26.62944893482,78.34397504562,
    -334.9621088072));
#3799 = CARTESIAN_POINT('',(-26.25680666888,77.308631033734,
    -335.6831701782));
#3800 = CARTESIAN_POINT('',(-25.8859357611,76.264667331461,
    -336.3926122996));
#3801 = CARTESIAN_POINT('',(-25.51682642215,75.212305584019,
    -337.0904099221));
#3802 = CARTESIAN_POINT('',(-25.14946814494,74.15176927787,
    -337.7765379363));
#3803 = CARTESIAN_POINT('',(-24.78384974161,73.08328369483,
    -338.4509711595));
#3804 = CARTESIAN_POINT('',(-24.0280701588,70.848061725606,
    -339.8273887413));
#3805 = CARTESIAN_POINT('',(-23.63818556853,69.68009012411,
    -340.5275001827));
#3806 = CARTESIAN_POINT('',(-23.25027197576,68.503393946054,
    -341.2140370584));
#3807 = CARTESIAN_POINT('',(-22.86429561206,67.318206502269,
    -341.88701766));
#3808 = CARTESIAN_POINT('',(-22.48022251766,66.124761603995,
    -342.5464602837));
#3809 = CARTESIAN_POINT('',(-22.09801854412,64.923293552645,
    -343.1923832197));
#3810 = CARTESIAN_POINT('',(-21.71764935147,63.714037155644,
    -343.8248047648));
#3811 = CARTESIAN_POINT('',(-21.33908041044,62.497227705462,
    -344.44374321));
#3812 = CARTESIAN_POINT('',(-20.96227700167,61.273101003419,
    -345.04921685));
#3813 = CARTESIAN_POINT('',(-20.58720421482,60.041893336488,
    -345.6412439782));
#3814 = CARTESIAN_POINT('',(-20.21382695057,58.803841496666,
    -346.2198428876));
#3815 = CARTESIAN_POINT('',(-19.84210991848,57.559182767181,
    -346.7850318722));
#3816 = CARTESIAN_POINT('',(-19.47201763854,56.308154930777,
    -347.3368292252));
#3817 = CARTESIAN_POINT('',(-18.30138924807,52.31452439469,
    -349.0472470485));
#3818 = CARTESIAN_POINT('',(-17.50681084213,49.549068197872,
    -350.1558871181));
#3819 = CARTESIAN_POINT('',(-16.71908471982,46.755856124272,
    -351.201466536));
#3820 = CARTESIAN_POINT('',(-15.9388622042,43.941433873883,
    -352.1850911759));
#3821 = CARTESIAN_POINT('',(-15.1613762283,41.090840223349,
    -353.104585453));
#3822 = CARTESIAN_POINT('',(-14.39741047764,38.250702229021,
    -353.9671789708));
#3823 = CARTESIAN_POINT('',(-13.62474486006,35.336934416994,
    -354.7601402829));
#3824 = CARTESIAN_POINT('',(-12.87378877891,32.473675362123,
    -355.5025488764));
#3825 = CARTESIAN_POINT('',(-12.11217348873,29.536791395526,
    -356.1755487259));
#3826 = CARTESIAN_POINT('',(-11.3630680225,26.621559736658,
    -356.7938231819));
#3827 = CARTESIAN_POINT('',(-10.61289240861,23.678104502853,
    -357.3498655299));
#3828 = CARTESIAN_POINT('',(-9.866337954977,20.728623526425,
    -357.8471930097));
#3829 = CARTESIAN_POINT('',(-9.121381649536,17.768790404412,
    -358.2852682272));
#3830 = CARTESIAN_POINT('',(-8.002763261955,13.304659283894,
    -358.855909181));
#3831 = CARTESIAN_POINT('',(-7.628099567716,11.806136290727,
    -359.0322671508));
#3832 = CARTESIAN_POINT('',(-7.253700852533,10.305805205591,
    -359.1937316821));
#3833 = CARTESIAN_POINT('',(-6.87949910861,8.803858839192,
    -359.3403486692));
#3834 = CARTESIAN_POINT('',(-6.50542670323,7.300489021781,
    -359.4721640022));
#3835 = CARTESIAN_POINT('',(-6.131416379703,5.795886602829,
    -359.5892235791));
#3836 = CARTESIAN_POINT('',(-5.757401255831,4.290241451499,
    -359.6915732857));
#3837 = CARTESIAN_POINT('',(-5.38331482601,2.783742456053,
    -359.7792590234));
#3838 = CARTESIAN_POINT('',(-5.009090958868,1.276577524493,
    -359.8523266768));
#3839 = CARTESIAN_POINT('',(-4.634663899387,-0.231066416035,
    -359.9108221457));
#3840 = CARTESIAN_POINT('',(-4.259968267441,-1.739003418764,
    -359.9547913185));
#3841 = CARTESIAN_POINT('',(-3.884939058491,-3.247048517636,
    -359.9842800907));
#3842 = CARTESIAN_POINT('',(-3.509511643451,-4.755017727103,
    -359.999334354));
#3843 = CARTESIAN_POINT('',(-3.13362176858,-6.262728042232,
    -360.0000000019));
#3844 = B_SPLINE_SURFACE_WITH_KNOTS('',3,3,(
    (#3845,#3846,#3847,#3848)
    ,(#3849,#3850,#3851,#3852)
    ,(#3853,#3854,#3855,#3856)
    ,(#3857,#3858,#3859,#3860)
    ,(#3861,#3862,#3863,#3864)
    ,(#3865,#3866,#3867,#3868
    )),.UNSPECIFIED.,.F.,.F.,.F.,(4,1,1,4),(4,4),(-5.993954722338E-02,0.
    ,1.,1.020784851358),(9.150265303445E-02,1.017813679882),
  .UNSPECIFIED.);
#3845 = CARTESIAN_POINT('',(128.7444391997,-66.67432221461,
    -32.9409550924));
#3846 = CARTESIAN_POINT('',(102.3981278128,-120.2414174025,
    -144.0982783142));
#3847 = CARTESIAN_POINT('',(76.051816426,-173.8085125904,-255.2556015359
    ));
#3848 = CARTESIAN_POINT('',(49.7055050391,-227.3756077783,
    -366.4129247577));
#3849 = CARTESIAN_POINT('',(124.5543761555,-64.8140086817,-32.9409550924
    ));
#3850 = CARTESIAN_POINT('',(98.9750266608,-116.3778356898,
    -144.0982783142));
#3851 = CARTESIAN_POINT('',(73.3956771661,-167.9416626978,
    -255.2556015359));
#3852 = CARTESIAN_POINT('',(47.8163276714,-219.5054897059,
    -366.4129247577));
#3853 = CARTESIAN_POINT('',(50.459496703,-31.91719889403,-32.9409550924)
  );
#3854 = CARTESIAN_POINT('',(38.4426994532,-48.05628104033,
    -144.0982783142));
#3855 = CARTESIAN_POINT('',(26.4259022033,-64.19536318664,
    -255.2556015359));
#3856 = CARTESIAN_POINT('',(14.4091049535,-80.33444533295,
    -366.4129247577));
#3857 = CARTESIAN_POINT('',(-25.08834396775,1.62469985499,-32.9409550924
    ));
#3858 = CARTESIAN_POINT('',(-23.27663452921,21.60502299545,
    -144.0982783142));
#3859 = CARTESIAN_POINT('',(-21.46492509067,41.5853461359,
    -255.2556015359));
#3860 = CARTESIAN_POINT('',(-19.65321565213,61.56566927636,
    -366.4129247577));
#3861 = CARTESIAN_POINT('',(-96.44612159426,33.30628507109,
    -32.9409550924));
#3862 = CARTESIAN_POINT('',(-81.57286735954,87.40274531846,
    -144.0982783142));
#3863 = CARTESIAN_POINT('',(-66.69961312482,141.4992055658,
    -255.2556015359));
#3864 = CARTESIAN_POINT('',(-51.8263588901,195.5956658132,
    -366.4129247577));
#3865 = CARTESIAN_POINT('',(-97.89908281253,33.95137403243,
    -32.9409550924));
#3866 = CARTESIAN_POINT('',(-82.7598741343,88.74249470481,
    -144.0982783142));
#3867 = CARTESIAN_POINT('',(-67.62066545606,143.5336153772,
    -255.2556015359));
#3868 = CARTESIAN_POINT('',(-52.48145677781,198.3247360496,
    -366.4129247577));
#3869 = ADVANCED_FACE('',(#3870),#3959,.T.);
#3870 = FACE_BOUND('',#3871,.T.);
#3871 = EDGE_LOOP('',(#3872,#3883,#3896,#3922,#3933,#3957,#3958));
#3872 = ORIENTED_EDGE('',*,*,#3873,.T.);
#3873 = EDGE_CURVE('',#1268,#3874,#3876,.T.);
#3874 = VERTEX_POINT('',#3875);
#3875 = CARTESIAN_POINT('',(94.9110768283,-56.38014751128,
    -72.03607263736));
#3876 = B_SPLINE_CURVE_WITH_KNOTS('',3,(#3877,#3878,#3879,#3880,#3881,
    #3882),.UNSPECIFIED.,.F.,.F.,(4,1,1,4),(0.,0.333333333333,
    0.666666666667,1.),.UNSPECIFIED.);
#3877 = CARTESIAN_POINT('',(93.1794910436,-55.53286961079,
    -72.65271423806));
#3878 = CARTESIAN_POINT('',(93.3739209107,-55.62901030061,
    -72.58479099606));
#3879 = CARTESIAN_POINT('',(93.7585528028,-55.81840502052,
    -72.44886625552));
#3880 = CARTESIAN_POINT('',(94.3365194683,-56.10027996632,
    -72.24516778164));
#3881 = CARTESIAN_POINT('',(94.7193892298,-56.28790978244,
    -72.10589448585));
#3882 = CARTESIAN_POINT('',(94.9110768283,-56.38014751128,
    -72.03607263736));
#3883 = ORIENTED_EDGE('',*,*,#3884,.F.);
#3884 = EDGE_CURVE('',#3885,#3874,#3887,.T.);
#3885 = VERTEX_POINT('',#3886);
#3886 = CARTESIAN_POINT('',(75.503624585244,-110.3968398477,
    -206.9928544472));
#3887 = B_SPLINE_CURVE_WITH_KNOTS('',4,(#3888,#3889,#3890,#3891,#3892,
    #3893,#3894,#3895),.UNSPECIFIED.,.F.,.F.,(5,3,5),(0.,0.602303911904,
    1.),.UNSPECIFIED.);
#3888 = CARTESIAN_POINT('',(75.503624586048,-110.3968398462,
    -206.9928544429));
#3889 = CARTESIAN_POINT('',(78.620711909281,-102.1491536419,
    -186.7447888717));
#3890 = CARTESIAN_POINT('',(81.667607211069,-93.91415342517,
    -166.4828739633));
#3891 = CARTESIAN_POINT('',(84.632900160298,-85.72134402524,
    -146.1920048984));
#3892 = CARTESIAN_POINT('',(89.404955056335,-72.23582243859,
    -112.4318564683));
#3893 = CARTESIAN_POINT('',(91.263078179762,-66.90336844477,
    -98.98683691276));
#3894 = CARTESIAN_POINT('',(93.094031420296,-61.61430977354,
    -85.52168158499));
#3895 = CARTESIAN_POINT('',(94.910622251443,-56.38074203519,
    -72.03530448536));
#3896 = ORIENTED_EDGE('',*,*,#3897,.F.);
#3897 = EDGE_CURVE('',#3898,#3885,#3900,.T.);
#3898 = VERTEX_POINT('',#3899);
#3899 = CARTESIAN_POINT('',(13.9965409242,-20.95608274911,
    -336.5999687214));
#3900 = B_SPLINE_CURVE_WITH_KNOTS('',3,(#3901,#3902,#3903,#3904,#3905,
    #3906,#3907,#3908,#3909,#3910,#3911,#3912,#3913,#3914,#3915,#3916,
    #3917,#3918,#3919,#3920,#3921),.UNSPECIFIED.,.F.,.F.,(4,1,1,1,1,1,1,
    1,1,1,1,1,1,1,1,1,1,1,4),(0.,6.895398133565E-02,0.135228267765,
    0.198140063628,0.257482733022,0.313480911715,0.366570703763,
    0.417344999492,0.466468253441,0.514639870509,0.562570834148,
    0.61096782929,0.66052582545,0.711894330503,0.76565989997,
    0.822257680378,0.88151407475,0.941313284662,1.),.UNSPECIFIED.);
#3901 = CARTESIAN_POINT('',(13.996540924204,-20.9560827491,
    -336.5999687214));
#3902 = CARTESIAN_POINT('',(15.320129343362,-25.60674131967,
    -336.7037420995));
#3903 = CARTESIAN_POINT('',(17.925297296225,-34.69912726707,
    -336.4490338787));
#3904 = CARTESIAN_POINT('',(21.82291004123,-47.79863499764,
    -334.7206384339));
#3905 = CARTESIAN_POINT('',(25.638243373697,-59.88264518821,
    -331.8083569693));
#3906 = CARTESIAN_POINT('',(29.367673598575,-70.80684366671,
    -327.8892902923));
#3907 = CARTESIAN_POINT('',(33.014447814651,-80.52531246316,
    -323.1293812364));
#3908 = CARTESIAN_POINT('',(36.589736310303,-89.06378028021,
    -317.6610299163));
#3909 = CARTESIAN_POINT('',(40.108586280757,-96.48073056389,
    -311.5780553198));
#3910 = CARTESIAN_POINT('',(43.589746858083,-102.8460012134,
    -304.9333725996));
#3911 = CARTESIAN_POINT('',(47.052929153456,-108.2208565277,
    -297.7440298792));
#3912 = CARTESIAN_POINT('',(50.516305525091,-112.6461748522,
    -289.9975729706));
#3913 = CARTESIAN_POINT('',(53.993192978448,-116.1348222646,
    -281.6594768268));
#3914 = CARTESIAN_POINT('',(57.486760314636,-118.6669793982,
    -272.6840423029));
#3915 = CARTESIAN_POINT('',(60.984280878275,-120.1905505548,
    -263.0250040527));
#3916 = CARTESIAN_POINT('',(64.448511986607,-120.6252656373,
    -252.6521372474));
#3917 = CARTESIAN_POINT('',(67.801219857983,-119.8763949188,
    -241.5946645873));
#3918 = CARTESIAN_POINT('',(70.891221980653,-117.8880184513,
    -230.0687202705));
#3919 = CARTESIAN_POINT('',(73.536812672634,-114.727382467,
    -218.4360595074));
#3920 = CARTESIAN_POINT('',(74.923070000796,-111.9334758981,
    -210.7643162703));
#3921 = CARTESIAN_POINT('',(75.503624586049,-110.3968398462,
    -206.9928544429));
#3922 = ORIENTED_EDGE('',*,*,#3923,.T.);
#3923 = EDGE_CURVE('',#3898,#3924,#3926,.T.);
#3924 = VERTEX_POINT('',#3925);
#3925 = CARTESIAN_POINT('',(8.659650904953,-2.249353743133,
    -336.1916592597));
#3926 = B_SPLINE_CURVE_WITH_KNOTS('',3,(#3927,#3928,#3929,#3930,#3931,
    #3932),.UNSPECIFIED.,.F.,.F.,(4,1,1,4),(0.,0.333333333333,
    0.666666666667,1.),.UNSPECIFIED.);
#3927 = CARTESIAN_POINT('',(13.9965409242,-20.95608274911,
    -336.5999687214));
#3928 = CARTESIAN_POINT('',(13.4101952345,-18.89583331298,
    -336.5538434429));
#3929 = CARTESIAN_POINT('',(12.2330759777,-14.76316031737,
    -336.4620222608));
#3930 = CARTESIAN_POINT('',(10.4540578516,-8.52758389453,-336.3259674436
    ));
#3931 = CARTESIAN_POINT('',(9.2592372509,-4.346166145655,-336.2362017302
    ));
#3932 = CARTESIAN_POINT('',(8.6595983379,-2.249362083353,-336.1916585197
    ));
#3933 = ORIENTED_EDGE('',*,*,#3934,.F.);
#3934 = EDGE_CURVE('',#1037,#3924,#3935,.T.);
#3935 = B_SPLINE_CURVE_WITH_KNOTS('',3,(#3936,#3937,#3938,#3939,#3940,
    #3941,#3942,#3943,#3944,#3945,#3946,#3947,#3948,#3949,#3950,#3951,
    #3952,#3953,#3954,#3955,#3956),.UNSPECIFIED.,.F.,.F.,(4,1,1,1,1,1,1,
    1,1,1,1,1,1,1,1,1,1,1,4),(0.,6.129609314324E-02,0.121405320676,
    0.177787743905,0.230935057584,0.281369611588,0.329574771328,
    0.376298346325,0.422329335317,0.468479349426,0.515566157067,
    0.564409163865,0.615811782413,0.670541309191,0.729209838828,
    0.792233205055,0.858907691196,0.928034200611,1.),.UNSPECIFIED.);
#3936 = CARTESIAN_POINT('',(-51.82510647821,95.336638613198,
    -194.6902725434));
#3937 = CARTESIAN_POINT('',(-51.42254651309,97.011455553774,
    -198.7631444068));
#3938 = CARTESIAN_POINT('',(-50.34548823511,100.00385222511,
    -206.984954881));
#3939 = CARTESIAN_POINT('',(-48.0720892364,103.26249474323,
    -219.2820675816));
#3940 = CARTESIAN_POINT('',(-45.35397814451,105.2080861199,
    -231.1632077427));
#3941 = CARTESIAN_POINT('',(-42.38265140413,105.88944786088,
    -242.3776756519));
#3942 = CARTESIAN_POINT('',(-39.26376960989,105.40935026641,
    -252.9171845435));
#3943 = CARTESIAN_POINT('',(-36.06443650201,103.85873861714,
    -262.8027013289));
#3944 = CARTESIAN_POINT('',(-32.81816886547,101.30410373958,
    -272.0856961639));
#3945 = CARTESIAN_POINT('',(-29.53018672005,97.771183567287,
    -280.8396958926));
#3946 = CARTESIAN_POINT('',(-26.1897430315,93.242585403373,
    -289.1320839123));
#3947 = CARTESIAN_POINT('',(-22.77765508923,87.660753282834,
    -297.0088882533));
#3948 = CARTESIAN_POINT('',(-19.27150862526,80.935034087103,
    -304.483373546));
#3949 = CARTESIAN_POINT('',(-15.64954815507,72.953634529588,
    -311.5257114431));
#3950 = CARTESIAN_POINT('',(-11.89455156742,63.604763221969,
    -318.0523794798));
#3951 = CARTESIAN_POINT('',(-7.995284952117,52.803980017098,
    -323.9224936805));
#3952 = CARTESIAN_POINT('',(-3.964436116434,40.582518383403,
    -328.9194037712));
#3953 = CARTESIAN_POINT('',(0.165470659172,27.135703753187,
    -332.7960750267));
#3954 = CARTESIAN_POINT('',(4.383391289801,12.717156638746,
    -335.3616446411));
#3955 = CARTESIAN_POINT('',(7.216724565971,2.795902305011,
    -336.0848832942));
#3956 = CARTESIAN_POINT('',(8.65957294402,-2.249369355047,
    -336.1916580682));
#3957 = ORIENTED_EDGE('',*,*,#1034,.F.);
#3958 = ORIENTED_EDGE('',*,*,#1267,.T.);
#3959 = B_SPLINE_SURFACE_WITH_KNOTS('',3,3,(
    (#3960,#3961,#3962,#3963)
    ,(#3964,#3965,#3966,#3967)
    ,(#3968,#3969,#3970,#3971)
    ,(#3972,#3973,#3974,#3975
    )),.UNSPECIFIED.,.F.,.F.,.F.,(4,4),(4,4),(6.742613369074E-02,
    0.942674664303),(0.185403669306,0.949801979852),
  .PIECEWISE_BEZIER_KNOTS.);
#3960 = CARTESIAN_POINT('',(-70.97254957778,49.64579476907,
    -66.74532095007));
#3961 = CARTESIAN_POINT('',(-59.14984849385,85.36188022617,
    -158.4731182156));
#3962 = CARTESIAN_POINT('',(-47.32714740991,121.0779656833,
    -250.2009154811));
#3963 = CARTESIAN_POINT('',(-35.50444632598,156.7940511404,
    -341.9287127466));
#3964 = CARTESIAN_POINT('',(-13.19431890624,13.58520921272,
    -66.74532095007));
#3965 = CARTESIAN_POINT('',(-10.61337604801,25.16225938284,
    -158.4731182156));
#3966 = CARTESIAN_POINT('',(-8.03243318979,36.73930955297,
    -250.2009154811));
#3967 = CARTESIAN_POINT('',(-5.45149033157,48.3163597231,-341.9287127466
    ));
#3968 = CARTESIAN_POINT('',(44.5839117653,-22.47537634364,
    -66.74532095007));
#3969 = CARTESIAN_POINT('',(37.9230963978,-35.03736146048,
    -158.4731182156));
#3970 = CARTESIAN_POINT('',(31.2622810303,-47.59934657733,
    -250.2009154811));
#3971 = CARTESIAN_POINT('',(24.6014656628,-60.16133169417,
    -341.9287127466));
#3972 = CARTESIAN_POINT('',(102.3621424369,-58.53596189999,
    -66.74532095007));
#3973 = CARTESIAN_POINT('',(86.4595688437,-95.23698230381,
    -158.4731182156));
#3974 = CARTESIAN_POINT('',(70.5569952505,-131.9380027076,
    -250.2009154811));
#3975 = CARTESIAN_POINT('',(54.6544216573,-168.6390231114,
    -341.9287127466));
#3976 = ADVANCED_FACE('',(#3977),#3989,.T.);
#3977 = FACE_BOUND('',#3978,.T.);
#3978 = EDGE_LOOP('',(#3979,#3980,#3981,#3982));
#3979 = ORIENTED_EDGE('',*,*,#3723,.F.);
#3980 = ORIENTED_EDGE('',*,*,#1069,.T.);
#3981 = ORIENTED_EDGE('',*,*,#3934,.T.);
#3982 = ORIENTED_EDGE('',*,*,#3983,.T.);
#3983 = EDGE_CURVE('',#3924,#3546,#3984,.T.);
#3984 = CIRCLE('',#3985,30.00007925517);
#3985 = AXIS2_PLACEMENT_3D('',#3986,#3987,#3988);
#3986 = CARTESIAN_POINT('',(-20.17703288425,-10.50692915626,
    -335.6789491521));
#3987 = DIRECTION('',(-0.275619041209,0.960935459645,-2.524255375889E-02
    ));
#3988 = DIRECTION('',(0.961220253584,0.2752517866,-1.709029177301E-02));
#3989 = ( BOUNDED_SURFACE() B_SPLINE_SURFACE(3,3,(
    (#3990,#3991,#3992,#3993,#3994,#3995,#3996,#3997,#3998,#3999,#4000
      ,#4001,#4002,#4003,#4004,#4005,#4006,#4007,#4008,#4009,#4010,#4011
      ,#4012)
    ,(#4013,#4014,#4015,#4016,#4017,#4018,#4019,#4020,#4021,#4022,#4023
      ,#4024,#4025,#4026,#4027,#4028,#4029,#4030,#4031,#4032,#4033,#4034
      ,#4035)
    ,(#4036,#4037,#4038,#4039,#4040,#4041,#4042,#4043,#4044,#4045,#4046
      ,#4047,#4048,#4049,#4050,#4051,#4052,#4053,#4054,#4055,#4056,#4057
      ,#4058)
    ,(#4059,#4060,#4061,#4062,#4063,#4064,#4065,#4066,#4067,#4068,#4069
      ,#4070,#4071,#4072,#4073,#4074,#4075,#4076,#4077,#4078,#4079,#4080
,#4081
    )),.UNSPECIFIED.,.F.,.F.,.F.) B_SPLINE_SURFACE_WITH_KNOTS((4,4),(4,1
    ,1,1,1,1,1,1,1,1,1,1,1,1,1,1,1,1,1,1,4),(0.,1.),(-9.596752213963E-03
    ,0.,6.129609314324E-02,0.121405320676,0.177787743905,0.230935057584,
    0.281369611588,0.329574771328,0.376298346325,0.422329335317,
    0.468479349426,0.515566157067,0.564409163865,0.615811782413,
    0.670541309191,0.729209838828,0.792233205055,0.858907691196,
    0.928034200611,1.,1.00958620542),.UNSPECIFIED.) 
GEOMETRIC_REPRESENTATION_ITEM() RATIONAL_B_SPLINE_SURFACE((
    (1.067265033479,1.067265033479,1.067265033479,1.067265033479
      ,1.067265033479,1.067265033479,1.067265033479,1.067265033479
      ,1.067265033479,1.067265033479,1.067265033479,1.067265033479
      ,1.067265033479,1.067265033479,1.067265033479,1.067265033479
      ,1.067265033479,1.067265033479,1.067265033479,1.067265033479
      ,1.067265033479,1.067265033479,1.067265033479)
    ,(0.977578322174,0.977578322174,0.977578322174,0.977578322174
      ,0.977578322174,0.977578322174,0.977578322174,0.977578322174
      ,0.977578322174,0.977578322174,0.977578322174,0.977578322174
      ,0.977578322174,0.977578322174,0.977578322174,0.977578322174
      ,0.977578322174,0.977578322174,0.977578322174,0.977578322174
      ,0.977578322174,0.977578322174,0.977578322174)
    ,(0.977578322174,0.977578322174,0.977578322174,0.977578322174
      ,0.977578322174,0.977578322174,0.977578322174,0.977578322174
      ,0.977578322174,0.977578322174,0.977578322174,0.977578322174
      ,0.977578322174,0.977578322174,0.977578322174,0.977578322174
      ,0.977578322174,0.977578322174,0.977578322174,0.977578322174
      ,0.977578322174,0.977578322174,0.977578322174)
    ,(1.067265033479,1.067265033479,1.067265033479,1.067265033479
      ,1.067265033479,1.067265033479,1.067265033479,1.067265033479
      ,1.067265033479,1.067265033479,1.067265033479,1.067265033479
      ,1.067265033479,1.067265033479,1.067265033479,1.067265033479
      ,1.067265033479,1.067265033479,1.067265033479,1.067265033479
      ,1.067265033479,1.067265033479,1.067265033479
))) REPRESENTATION_ITEM('') SURFACE() );
#3990 = CARTESIAN_POINT('',(-77.28793672873,105.7476440925,
    -188.2765998527));
#3991 = CARTESIAN_POINT('',(-77.20652940204,106.1162718707,
    -189.0139189796));
#3992 = CARTESIAN_POINT('',(-76.57299567631,108.8039734549,
    -194.4728704277));
#3993 = CARTESIAN_POINT('',(-74.97131482982,113.2771519836,
    -204.7330277466));
#3994 = CARTESIAN_POINT('',(-71.91924145317,118.061082912,
    -219.1383182009));
#3995 = CARTESIAN_POINT('',(-68.30500011374,121.2251638122,
    -233.2408424121));
#3996 = CARTESIAN_POINT('',(-64.36026120817,122.7753168626,
    -246.7895608472));
#3997 = CARTESIAN_POINT('',(-60.21771063149,122.7836253483,
    -259.7498959641));
#3998 = CARTESIAN_POINT('',(-55.96887235964,121.3201761904,
    -272.1059674189));
#3999 = CARTESIAN_POINT('',(-51.67284449778,118.4420987545,
    -283.8519904344));
#4000 = CARTESIAN_POINT('',(-47.36023246645,114.180346232,-294.998981518
    ));
#4001 = CARTESIAN_POINT('',(-43.04730487809,108.5390818897,
    -305.5477654443));
#4002 = CARTESIAN_POINT('',(-38.74076809118,101.4967360274,
    -315.4841704883));
#4003 = CARTESIAN_POINT('',(-34.4415567373,93.01085759732,
    -324.7706856315));
#4004 = CARTESIAN_POINT('',(-30.14557869432,83.0241250104,
    -333.3412089685));
#4005 = CARTESIAN_POINT('',(-25.84571836326,71.48023608837,
    -341.0903369093));
#4006 = CARTESIAN_POINT('',(-21.53125974946,58.34532264818,
    -347.8691057522));
#4007 = CARTESIAN_POINT('',(-17.20536156813,43.6998408881,
    -353.4610468878));
#4008 = CARTESIAN_POINT('',(-12.88054239728,27.78982760875,
    -357.6292292155));
#4009 = CARTESIAN_POINT('',(-8.53231710345,10.87940461671,
    -360.2032304366));
#4010 = CARTESIAN_POINT('',(-5.44130363827,-1.458305139764,
    -360.7943765955));
#4011 = CARTESIAN_POINT('',(-3.75946803769,-8.14176866463,
    -360.7234373587));
#4012 = CARTESIAN_POINT('',(-3.56159986478,-8.927440904586,
    -360.7097145332));
#4013 = CARTESIAN_POINT('',(-66.69253408585,105.9652619894,
    -187.7211700848));
#4014 = CARTESIAN_POINT('',(-66.61173701208,106.3025160251,
    -188.4350383317));
#4015 = CARTESIAN_POINT('',(-65.98417055252,108.7600768387,
    -193.7220914327));
#4016 = CARTESIAN_POINT('',(-64.41351835995,112.8297159544,
    -203.6782428588));
#4017 = CARTESIAN_POINT('',(-61.45045218703,117.108509309,
    -217.6343683518));
#4018 = CARTESIAN_POINT('',(-57.96187254269,119.8513127026,
    -231.2717942209));
#4019 = CARTESIAN_POINT('',(-54.17103605196,121.0759975139,
    -244.3350166598));
#4020 = CARTESIAN_POINT('',(-50.20338608597,120.8611637944,
    -256.7933870882));
#4021 = CARTESIAN_POINT('',(-46.14365153242,119.2809204162,
    -268.638415115));
#4022 = CARTESIAN_POINT('',(-42.04373868298,116.393502909,
    -279.8774522047));
#4023 = CARTESIAN_POINT('',(-37.92709912011,112.2273924734,
    -290.5366433835));
#4024 = CARTESIAN_POINT('',(-33.80262105715,106.7805171512,
    -300.6333480718));
#4025 = CARTESIAN_POINT('',(-29.67012986067,100.0218710803,
    -310.1686412149));
#4026 = CARTESIAN_POINT('',(-25.52454116213,91.89696039234,
    -319.1180967307));
#4027 = CARTESIAN_POINT('',(-21.35737203021,82.33529682785,
    -327.425194539));
#4028 = CARTESIAN_POINT('',(-17.15919922958,71.26760373759,
    -334.9904972349));
#4029 = CARTESIAN_POINT('',(-12.9195439003,58.64865654887,
    -341.6674359287));
#4030 = CARTESIAN_POINT('',(-8.64449958987,44.54843553017,
    -347.2390716142));
#4031 = CARTESIAN_POINT('',(-4.35210155241,29.20232980318,
    -351.4647307436));
#4032 = CARTESIAN_POINT('',(-2.687942869984E-02,12.873078869,
    -354.1681021015));
#4033 = CARTESIAN_POINT('',(3.0497384303,0.949598901091,-354.8972343596)
  );
#4034 = CARTESIAN_POINT('',(4.7194721919,-5.50096873321,-354.9137582847)
  );
#4035 = CARTESIAN_POINT('',(4.9158494558,-6.259124244793,-354.9104907452
    ));
#4036 = CARTESIAN_POINT('',(-57.2178967751,101.5375298548,
    -189.5228707935));
#4037 = CARTESIAN_POINT('',(-57.14707442494,101.8374181859,
    -190.196987562));
#4038 = CARTESIAN_POINT('',(-56.59549845033,104.0214840244,
    -195.1914566841));
#4039 = CARTESIAN_POINT('',(-55.19661144994,107.6194257444,
    -204.6144827821));
#4040 = CARTESIAN_POINT('',(-52.53630425352,111.3204584339,
    -217.7605448423));
#4041 = CARTESIAN_POINT('',(-49.39507817312,113.6025331236,
    -230.5440295332));
#4042 = CARTESIAN_POINT('',(-45.98074633447,114.4998753183,
    -242.7097733474));
#4043 = CARTESIAN_POINT('',(-42.40843631529,114.1028774858,
    -254.2373072046));
#4044 = CARTESIAN_POINT('',(-38.7535671752,112.4936827979,
    -265.1323204995));
#4045 = CARTESIAN_POINT('',(-35.05829613726,109.7341649763,
    -275.424121456));
#4046 = CARTESIAN_POINT('',(-31.33640117113,105.8508641778,
    -285.1627909013));
#4047 = CARTESIAN_POINT('',(-27.58646487503,100.8335015368,
    -294.3911544732));
#4048 = CARTESIAN_POINT('',(-23.79842789505,94.63732531261,
    -303.1333068618));
#4049 = CARTESIAN_POINT('',(-19.95828236815,87.18940204089,
    -311.3842276462));
#4050 = CARTESIAN_POINT('',(-16.05078725593,78.39838497585,
    -319.1012491125));
#4051 = CARTESIAN_POINT('',(-12.06264305002,68.17372909755,
    -326.1932813459));
#4052 = CARTESIAN_POINT('',(-7.98315581893,56.45080453573,
    -332.5168289484));
#4053 = CARTESIAN_POINT('',(-3.822038829,43.28067728894,-337.8549030658)
  );
#4054 = CARTESIAN_POINT('',(0.3950434952,28.87924347986,-341.9630213443)
  );
#4055 = CARTESIAN_POINT('',(4.6699762749,13.5051679774,-344.6570892506)
  );
#4056 = CARTESIAN_POINT('',(7.7215740719,2.249205547711,-345.4512654542)
  );
#4057 = CARTESIAN_POINT('',(9.3732880277,-3.830473433006,-345.5237947553
    ));
#4058 = CARTESIAN_POINT('',(9.5674710969,-4.544867015481,-345.527394147)
  );
#4059 = CARTESIAN_POINT('',(-51.25260411247,93.58068982511,
    -193.2274888091));
#4060 = CARTESIAN_POINT('',(-51.19860630429,93.84664047553,
    -193.8555749458));
#4061 = CARTESIAN_POINT('',(-50.7738866457,95.78280588845,
    -198.5105355962));
#4062 = CARTESIAN_POINT('',(-49.64419894932,98.95980830115,
    -207.3057191343));
#4063 = CARTESIAN_POINT('',(-47.4240762212,102.1561121155,
    -219.4850382694));
#4064 = CARTESIAN_POINT('',(-44.7643268878,104.0541577411,
    -231.2410196127));
#4065 = CARTESIAN_POINT('',(-41.85418419175,104.7048068184,
    -242.3235587373));
#4066 = CARTESIAN_POINT('',(-38.79798728478,104.2125469854,
    -252.7260503242));
#4067 = CARTESIAN_POINT('',(-35.66167768908,102.6695425944,
    -262.4715786286));
#4068 = CARTESIAN_POINT('',(-32.47756406808,100.1429203907,
    -271.6146937981));
#4069 = CARTESIAN_POINT('',(-29.24966974545,96.65829977575,
    -280.2321854692));
#4070 = CARTESIAN_POINT('',(-25.96594455914,92.19729227628,
    -288.3948569727));
#4071 = CARTESIAN_POINT('',(-22.60593266849,86.70055592549,
    -296.1517924836));
#4072 = CARTESIAN_POINT('',(-19.14604785645,80.07496955534,
    -303.5188057522));
#4073 = CARTESIAN_POINT('',(-15.56362741497,72.20589459313,
    -310.4678597573));
#4074 = CARTESIAN_POINT('',(-11.84090414398,62.97858555709,
    -316.9164889558));
#4075 = CARTESIAN_POINT('',(-7.96657105413,52.30585049462,
    -322.7241752859));
#4076 = CARTESIAN_POINT('',(-3.95373347724,40.21617112799,
    -327.6743131615));
#4077 = CARTESIAN_POINT('',(0.1641258299,26.90201949373,-331.5195052733)
  );
#4078 = CARTESIAN_POINT('',(4.3741611586,12.61632072658,-334.0679415628)
  );
#4079 = CARTESIAN_POINT('',(7.396422057,2.112880775361,-334.8378218199)
  );
#4080 = CARTESIAN_POINT('',(9.0287410775,-3.551418728451,-334.9207796185
    ));
#4081 = CARTESIAN_POINT('',(9.2205798281,-4.2168376708,-334.9259264163)
  );
#4082 = ADVANCED_FACE('',(#4083),#4095,.F.);
#4083 = FACE_BOUND('',#4084,.F.);
#4084 = EDGE_LOOP('',(#4085,#4086,#4093,#4094));
#4085 = ORIENTED_EDGE('',*,*,#3873,.T.);
#4086 = ORIENTED_EDGE('',*,*,#4087,.F.);
#4087 = EDGE_CURVE('',#1510,#3874,#4088,.T.);
#4088 = CIRCLE('',#4089,9.999999410124);
#4089 = AXIS2_PLACEMENT_3D('',#4090,#4091,#4092);
#4090 = CARTESIAN_POINT('',(99.9974821759,-48.60596999363,
    -75.73703971424));
#4091 = DIRECTION('',(0.858748680173,-0.427051489582,0.283156722587));
#4092 = DIRECTION('',(-8.904793353529E-03,0.540090323848,0.841559948394)
  );
#4093 = ORIENTED_EDGE('',*,*,#1509,.F.);
#4094 = ORIENTED_EDGE('',*,*,#1339,.T.);
#4095 = ( BOUNDED_SURFACE() B_SPLINE_SURFACE(3,3,(
    (#4096,#4097,#4098,#4099,#4100,#4101,#4102,#4103)
    ,(#4104,#4105,#4106,#4107,#4108,#4109,#4110,#4111)
    ,(#4112,#4113,#4114,#4115,#4116,#4117,#4118,#4119)
    ,(#4120,#4121,#4122,#4123,#4124,#4125,#4126,#4127
)),.UNSPECIFIED.,.F.,.F.,.F.) B_SPLINE_SURFACE_WITH_KNOTS((4,4),(4,1,1,1
    ,1,4),(0.,1.),(-0.350946685931,0.,0.332490677386,0.665824552959,1.,
1.351003850614),.UNSPECIFIED.) GEOMETRIC_REPRESENTATION_ITEM() 
RATIONAL_B_SPLINE_SURFACE((
    (1.275973675501,1.275973675501,1.275973675501,1.275973675501
      ,1.275973675501,1.275973675501,1.275973675501,1.275973675501)
    ,(0.908008774833,0.908008774833,0.908008774833,0.908008774833
      ,0.908008774833,0.908008774833,0.908008774833,0.908008774833)
    ,(0.908008774833,0.908008774833,0.908008774833,0.908008774833
      ,0.908008774833,0.908008774833,0.908008774833,0.908008774833)
    ,(1.275973675501,1.275973675501,1.275973675501,1.275973675501
      ,1.275973675501,1.275973675501,1.275973675501,1.275973675501
))) REPRESENTATION_ITEM('') SURFACE() );
#4096 = CARTESIAN_POINT('',(95.6494067921,-57.20953635381,
    -73.00004494731));
#4097 = CARTESIAN_POINT('',(95.4436942918,-57.11300841255,
    -73.07204153035));
#4098 = CARTESIAN_POINT('',(95.0454702768,-56.92070140835,
    -73.21424737807));
#4099 = CARTESIAN_POINT('',(94.45570593,-56.62869875962,-73.4263650803)
  );
#4100 = CARTESIAN_POINT('',(93.8744339812,-56.34189291933,
    -73.63077296091));
#4101 = CARTESIAN_POINT('',(93.2832707877,-56.04682158479,
    -73.83729434924));
#4102 = CARTESIAN_POINT('',(92.8855406697,-55.8473097123,-73.97426184383
    ));
#4103 = CARTESIAN_POINT('',(92.6816054038,-55.74512348057,
    -74.04368925437));
#4104 = CARTESIAN_POINT('',(94.6423320676,-54.43155764998,-65.8743722931
    ));
#4105 = CARTESIAN_POINT('',(94.4440385279,-54.3433760099,-65.94206599716
    ));
#4106 = CARTESIAN_POINT('',(94.0600886136,-54.16767027917,
    -66.07584178429));
#4107 = CARTESIAN_POINT('',(93.4913834081,-53.900811922,-66.27544197415)
  );
#4108 = CARTESIAN_POINT('',(92.9309534426,-53.63865574699,
    -66.46771936331));
#4109 = CARTESIAN_POINT('',(92.3609831619,-53.36889152023,-66.6619834721
    ));
#4110 = CARTESIAN_POINT('',(91.9775368484,-53.18645732146,
    -66.79079997359));
#4111 = CARTESIAN_POINT('',(91.7809401584,-53.09300997086,
    -66.85608432087));
#4112 = CARTESIAN_POINT('',(97.2130401876,-47.57616698842,
    -63.44504187117));
#4113 = CARTESIAN_POINT('',(97.0221618339,-47.49323926363,
    -63.50575302809));
#4114 = CARTESIAN_POINT('',(96.6527633332,-47.32800055462,-63.6255505115
    ));
#4115 = CARTESIAN_POINT('',(96.1057894706,-47.07703043561,
    -63.80403554057));
#4116 = CARTESIAN_POINT('',(95.5665847154,-46.83046520124,
    -63.97594394212));
#4117 = CARTESIAN_POINT('',(95.0182091865,-46.57673196515,
    -64.14947512739));
#4118 = CARTESIAN_POINT('',(94.6492347081,-46.4051287159,-64.26447249953
    ));
#4119 = CARTESIAN_POINT('',(94.4600256846,-46.31722572411,
    -64.32274377302));
#4120 = CARTESIAN_POINT('',(101.1375110735,-42.57423079432,
    -67.81376238733));
#4121 = CARTESIAN_POINT('',(100.9476289638,-42.48891923147,
    -67.87085220344));
#4122 = CARTESIAN_POINT('',(100.580470193,-42.3189578628,-67.98321631691
    ));
#4123 = CARTESIAN_POINT('',(100.037099241,-42.06087439267,
    -68.15025608772));
#4124 = CARTESIAN_POINT('',(99.5011401638,-41.80735304212,
    -68.31117901289));
#4125 = CARTESIAN_POINT('',(98.9560787618,-41.54650564297,
    -68.47343849318));
#4126 = CARTESIAN_POINT('',(98.5892439989,-41.37011634123,-68.5809040687
    ));
#4127 = CARTESIAN_POINT('',(98.4010803734,-41.27976654441,
    -68.63535954212));
#4128 = ADVANCED_FACE('',(#4129),#4168,.F.);
#4129 = FACE_BOUND('',#4130,.F.);
#4130 = EDGE_LOOP('',(#4131,#4140,#4154,#4167));
#4131 = ORIENTED_EDGE('',*,*,#4132,.T.);
#4132 = EDGE_CURVE('',#1437,#4133,#4135,.T.);
#4133 = VERTEX_POINT('',#4134);
#4134 = CARTESIAN_POINT('',(94.9110768283,-72.03607263736,56.38014751128
    ));
#4135 = CIRCLE('',#4136,9.999999410124);
#4136 = AXIS2_PLACEMENT_3D('',#4137,#4138,#4139);
#4137 = CARTESIAN_POINT('',(99.9974821759,-75.73703971424,48.60596999363
    ));
#4138 = DIRECTION('',(0.858748680173,0.283156722587,0.427051489582));
#4139 = DIRECTION('',(-8.904793353529E-03,0.841559948394,-0.540090323848
    ));
#4140 = ORIENTED_EDGE('',*,*,#4141,.T.);
#4141 = EDGE_CURVE('',#4133,#4142,#4144,.T.);
#4142 = VERTEX_POINT('',#4143);
#4143 = CARTESIAN_POINT('',(111.6970165326,-53.64182364089,69.9504139082
    ));
#4144 = B_SPLINE_CURVE_WITH_KNOTS('',3,(#4145,#4146,#4147,#4148,#4149,
    #4150,#4151,#4152,#4153),.UNSPECIFIED.,.F.,.F.,(4,1,1,1,1,1,4),(0.,
    0.166666666667,0.333333333333,0.5,0.666666666667,0.833333333333,1.),
  .UNSPECIFIED.);
#4145 = CARTESIAN_POINT('',(94.9110768283,-72.03607263736,56.38014751128
    ));
#4146 = CARTESIAN_POINT('',(96.4653463389,-71.36360607771,57.07686058696
    ));
#4147 = CARTESIAN_POINT('',(99.2375491383,-69.85731211807,58.53759951206
    ));
#4148 = CARTESIAN_POINT('',(102.4210029496,-67.47287581792,
    60.62597527519));
#4149 = CARTESIAN_POINT('',(105.0714111209,-64.90329163521,
    62.68533943933));
#4150 = CARTESIAN_POINT('',(107.515323226,-61.8751186319,64.90925173797)
  );
#4151 = CARTESIAN_POINT('',(109.8435949725,-58.04880710588,
    67.43569047886));
#4152 = CARTESIAN_POINT('',(111.1190091915,-55.17639427387,
    69.11368075749));
#4153 = CARTESIAN_POINT('',(111.6970165326,-53.64182364089,69.9504139082
    ));
#4154 = ORIENTED_EDGE('',*,*,#4155,.T.);
#4155 = EDGE_CURVE('',#4142,#1439,#4156,.T.);
#4156 = B_SPLINE_CURVE_WITH_KNOTS('',3,(#4157,#4158,#4159,#4160,#4161,
    #4162,#4163,#4164,#4165,#4166),.UNSPECIFIED.,.F.,.F.,(4,1,1,1,1,1,1,
    4),(0.,0.142857142857,0.285714285714,0.428571428571,0.571428571429,
    0.714285714286,0.857142857143,1.),.UNSPECIFIED.);
#4157 = CARTESIAN_POINT('',(111.6970165326,-53.64182364089,69.9504139082
    ));
#4158 = CARTESIAN_POINT('',(111.8577366387,-52.89874426945,
    69.63248139041));
#4159 = CARTESIAN_POINT('',(112.3440200155,-51.36561716206,
    69.06199872402));
#4160 = CARTESIAN_POINT('',(113.5561516747,-48.89088365076,
    68.35912327353));
#4161 = CARTESIAN_POINT('',(115.0651840369,-46.54870433174,
    67.86278659932));
#4162 = CARTESIAN_POINT('',(116.7849649117,-44.38097377012,
    67.54361542753));
#4163 = CARTESIAN_POINT('',(118.6731771459,-42.42380667782,
    67.39634082389));
#4164 = CARTESIAN_POINT('',(120.7320454626,-40.69639141304,
    67.43118279635));
#4165 = CARTESIAN_POINT('',(122.1748682157,-39.75992701795,
    67.59064926984));
#4166 = CARTESIAN_POINT('',(122.9120008731,-39.35385094274,
    67.70940589703));
#4167 = ORIENTED_EDGE('',*,*,#1436,.F.);
#4168 = ( BOUNDED_SURFACE() B_SPLINE_SURFACE(3,3,(
    (#4169,#4170,#4171,#4172,#4173,#4174,#4175,#4176,#4177,#4178,#4179
      ,#4180)
    ,(#4181,#4182,#4183,#4184,#4185,#4186,#4187,#4188,#4189,#4190,#4191
      ,#4192)
    ,(#4193,#4194,#4195,#4196,#4197,#4198,#4199,#4200,#4201,#4202,#4203
      ,#4204)
    ,(#4205,#4206,#4207,#4208,#4209,#4210,#4211,#4212,#4213,#4214,#4215
,#4216
    )),.UNSPECIFIED.,.F.,.F.,.F.) B_SPLINE_SURFACE_WITH_KNOTS((4,4),(4,1
    ,1,1,1,1,1,1,1,4),(0.,1.),(0.847506314684,0.863185746139,
    0.882464832017,0.903268204049,0.923935041153,0.94267066242,
    0.960144778166,0.978596680946,1.,1.002413389838),.UNSPECIFIED.) 
GEOMETRIC_REPRESENTATION_ITEM() RATIONAL_B_SPLINE_SURFACE((
    (1.275673248301,1.275673248301,1.275673248301,1.275673248301
      ,1.275673248301,1.275673248301,1.275673248301,1.275673248301
      ,1.275673248301,1.275673248301,1.275673248301,1.275673248301)
    ,(0.908108917233,0.908108917233,0.908108917233,0.908108917233
      ,0.908108917233,0.908108917233,0.908108917233,0.908108917233
      ,0.908108917233,0.908108917233,0.908108917233,0.908108917233)
    ,(0.908108917233,0.908108917233,0.908108917233,0.908108917233
      ,0.908108917233,0.908108917233,0.908108917233,0.908108917233
      ,0.908108917233,0.908108917233,0.908108917233,0.908108917233)
    ,(1.275673248301,1.275673248301,1.275673248301,1.275673248301
      ,1.275673248301,1.275673248301,1.275673248301,1.275673248301
      ,1.275673248301,1.275673248301,1.275673248301,1.275673248301
))) REPRESENTATION_ITEM('') SURFACE() );
#4169 = CARTESIAN_POINT('',(114.4468188549,-42.34908292952,
    76.52732516287));
#4170 = CARTESIAN_POINT('',(114.2698507035,-43.78410265166,
    75.98748164449));
#4171 = CARTESIAN_POINT('',(113.7903282061,-46.93380705749,
    74.71405246966));
#4172 = CARTESIAN_POINT('',(112.6825116035,-51.74657247319,
    72.45870259953));
#4173 = CARTESIAN_POINT('',(110.9887693832,-56.66475503953,
    69.77412829318));
#4174 = CARTESIAN_POINT('',(108.7572590519,-61.12956356892,66.9613612541
    ));
#4175 = CARTESIAN_POINT('',(106.1231584781,-64.90907400487,
    64.26243797607));
#4176 = CARTESIAN_POINT('',(103.1216693336,-68.10102168946,
    61.72200887937));
#4177 = CARTESIAN_POINT('',(99.5009852713,-70.94359324008,59.20965144344
    ));
#4178 = CARTESIAN_POINT('',(96.4714215105,-72.59715515467,57.56618871491
    ));
#4179 = CARTESIAN_POINT('',(94.669220457,-73.36726453565,56.74485293683)
  );
#4180 = CARTESIAN_POINT('',(94.4856549109,-73.44362531586,56.66273920754
    ));
#4181 = CARTESIAN_POINT('',(115.0118433148,-38.69745327441,
    69.76159929454));
#4182 = CARTESIAN_POINT('',(114.6799270826,-40.0080158536,69.27598661436
    ));
#4183 = CARTESIAN_POINT('',(113.8639162623,-42.87459285589,
    68.14827208391));
#4184 = CARTESIAN_POINT('',(112.2676015325,-47.21855348922,
    66.21577526607));
#4185 = CARTESIAN_POINT('',(110.1295350146,-51.61395337743,
    63.99313278886));
#4186 = CARTESIAN_POINT('',(107.5785231632,-55.56451003389,
    61.73779004534));
#4187 = CARTESIAN_POINT('',(104.7745463575,-58.88022806932,
    59.63201351717));
#4188 = CARTESIAN_POINT('',(101.7387808842,-61.66152441239,
    57.69467090158));
#4189 = CARTESIAN_POINT('',(98.221286827,-64.12517029966,55.8196363451)
  );
#4190 = CARTESIAN_POINT('',(95.3788489755,-65.5495312975,54.62336211214)
  );
#4191 = CARTESIAN_POINT('',(93.7160606235,-66.21210221153,54.03557845952
    ));
#4192 = CARTESIAN_POINT('',(93.5469571521,-66.27780314017,53.97693564952
    ));
#4193 = CARTESIAN_POINT('',(121.6259954113,-37.4335088343,66.00871639047
    ));
#4194 = CARTESIAN_POINT('',(121.2022038303,-38.72406460288,
    65.36791910396));
#4195 = CARTESIAN_POINT('',(120.1670586989,-41.54089793171,
    63.90013318234));
#4196 = CARTESIAN_POINT('',(118.1725695644,-45.78525576157,
    61.45399967966));
#4197 = CARTESIAN_POINT('',(115.5458277438,-50.04656149528,
    58.71891997499));
#4198 = CARTESIAN_POINT('',(112.4631154786,-53.84049636343,
    56.01415987062));
#4199 = CARTESIAN_POINT('',(109.1233197329,-56.99136493256,
    53.54237528794));
#4200 = CARTESIAN_POINT('',(105.5499204781,-59.60336462878,
    51.30722744333));
#4201 = CARTESIAN_POINT('',(101.4509094064,-61.88256324296,
    49.17732046309));
#4202 = CARTESIAN_POINT('',(98.1698242755,-63.1661860146,47.83805179577)
  );
#4203 = CARTESIAN_POINT('',(96.2587741827,-63.74979928924,47.18600816453
    ));
#4204 = CARTESIAN_POINT('',(96.0644985886,-63.80751174445,47.1210268864)
  );
#4205 = CARTESIAN_POINT('',(128.5719966934,-39.64980421106,
    68.51267148476));
#4206 = CARTESIAN_POINT('',(128.1988196222,-41.04209740472,
    67.64141584729));
#4207 = CARTESIAN_POINT('',(127.251314068,-44.08556926198,65.64173048605
    ));
#4208 = CARTESIAN_POINT('',(125.2931565304,-48.68562301158,
    62.28945852945));
#4209 = CARTESIAN_POINT('',(122.5557997311,-53.31743421063,
    58.51052369683));
#4210 = CARTESIAN_POINT('',(119.1887904285,-57.44776137625,54.7379813074
    ));
#4211 = CARTESIAN_POINT('',(115.4103953621,-60.87521942601,
    51.25741152581));
#4212 = CARTESIAN_POINT('',(111.2607359512,-63.70561732927,
    48.08098982418));
#4213 = CARTESIAN_POINT('',(106.3981646256,-66.15428343346,
    45.02432704732));
#4214 = CARTESIAN_POINT('',(102.4318260917,-67.50728490663,
    43.07548552107));
#4215 = CARTESIAN_POINT('',(100.0994374664,-68.10877241714,
    42.11691618489));
#4216 = CARTESIAN_POINT('',(99.8621143556,-68.16807301999,42.02126602823
    ));
#4217 = ADVANCED_FACE('',(#4218),#4516,.T.);
#4218 = FACE_BOUND('',#4219,.T.);
#4219 = EDGE_LOOP('',(#4220,#4230,#4367,#4373,#4374,#4375,#4383,#4392,
    #4393,#4394));
#4220 = ORIENTED_EDGE('',*,*,#4221,.T.);
#4221 = EDGE_CURVE('',#4222,#4224,#4226,.T.);
#4222 = VERTEX_POINT('',#4223);
#4223 = CARTESIAN_POINT('',(-3.1348665914,-359.9999998373,6.25771547247)
  );
#4224 = VERTEX_POINT('',#4225);
#4225 = CARTESIAN_POINT('',(1.5639102482,-360.,25.10349988948));
#4226 = LINE('',#4227,#4228);
#4227 = CARTESIAN_POINT('',(-3.13434918046,-359.9999500443,
    6.259698547452));
#4228 = VECTOR('',#4229,1.);
#4229 = DIRECTION('',(0.241920541808,-2.57229516349E-06,0.97029606381));
#4230 = ORIENTED_EDGE('',*,*,#4231,.F.);
#4231 = EDGE_CURVE('',#4232,#4224,#4234,.T.);
#4232 = VERTEX_POINT('',#4233);
#4233 = CARTESIAN_POINT('',(79.982533548033,-200.2482167436,
    132.67373133292));
#4234 = B_SPLINE_CURVE_WITH_KNOTS('',14,(#4235,#4236,#4237,#4238,#4239,
    #4240,#4241,#4242,#4243,#4244,#4245,#4246,#4247,#4248,#4249,#4250,
    #4251,#4252,#4253,#4254,#4255,#4256,#4257,#4258,#4259,#4260,#4261,
    #4262,#4263,#4264,#4265,#4266,#4267,#4268,#4269,#4270,#4271,#4272,
    #4273,#4274,#4275,#4276,#4277,#4278,#4279,#4280,#4281,#4282,#4283,
    #4284,#4285,#4286,#4287,#4288,#4289,#4290,#4291,#4292,#4293,#4294,
    #4295,#4296,#4297,#4298,#4299,#4300,#4301,#4302,#4303,#4304,#4305,
    #4306,#4307,#4308,#4309,#4310,#4311,#4312,#4313,#4314,#4315,#4316,
    #4317,#4318,#4319,#4320,#4321,#4322,#4323,#4324,#4325,#4326,#4327,
    #4328,#4329,#4330,#4331,#4332,#4333,#4334,#4335,#4336,#4337,#4338,
    #4339,#4340,#4341,#4342,#4343,#4344,#4345,#4346,#4347,#4348,#4349,
    #4350,#4351,#4352,#4353,#4354,#4355,#4356,#4357,#4358,#4359,#4360,
    #4361,#4362,#4363,#4364,#4365,#4366),.UNSPECIFIED.,.F.,.F.,(15,13,13
    ,13,13,13,13,13,13,13,15),(0.,0.116604509396,0.239086438451,
    0.313989484916,0.385072051768,0.484828820795,0.583888423226,
    0.635380396241,0.743183301302,0.866762589957,1.),.UNSPECIFIED.);
#4235 = CARTESIAN_POINT('',(79.982533549635,-200.2482167416,
    132.6737313275));
#4236 = CARTESIAN_POINT('',(79.57953254197,-202.1105940262,
    133.47065607686));
#4237 = CARTESIAN_POINT('',(79.158983522056,-203.9806622755,
    134.24515859898));
#4238 = CARTESIAN_POINT('',(78.721502234112,-205.8573600114,
    134.99649270383));
#4239 = CARTESIAN_POINT('',(78.266886332129,-207.7423645267,
    135.72457276521));
#4240 = CARTESIAN_POINT('',(77.79707990065,-209.6302239287,
    136.42761102601));
#4241 = CARTESIAN_POINT('',(77.310692233045,-211.5265963728,
    137.10648498969));
#4242 = CARTESIAN_POINT('',(76.808910161042,-213.4285810057,
    137.76002927747));
#4243 = CARTESIAN_POINT('',(76.293497276942,-215.3313672457,
    138.38662683559));
#4244 = CARTESIAN_POINT('',(75.763461881068,-217.2393203258,
    138.9868632615));
#4245 = CARTESIAN_POINT('',(75.218568200437,-219.1543080907,
    139.56073395844));
#4246 = CARTESIAN_POINT('',(74.661140016383,-221.0696974852,
    140.10620694521));
#4247 = CARTESIAN_POINT('',(74.089936359548,-222.9907167522,
    140.62409608352));
#4248 = CARTESIAN_POINT('',(73.506117501682,-224.9146235827,
    141.11331630121));
#4249 = CARTESIAN_POINT('',(72.283599553777,-228.8662607183,
    142.05699253712));
#4250 = CARTESIAN_POINT('',(71.643646550634,-230.8942273777,
    142.50843360721));
#4251 = CARTESIAN_POINT('',(70.990458214349,-232.9255401844,
    142.92721979237));
#4252 = CARTESIAN_POINT('',(70.324633149706,-234.9586826854,
    143.31275576041));
#4253 = CARTESIAN_POINT('',(69.646291266535,-236.9959646681,
    143.66431805036));
#4254 = CARTESIAN_POINT('',(68.956394206259,-239.0329526131,
    143.98139708961));
#4255 = CARTESIAN_POINT('',(68.255192223801,-241.0711317002,
    144.26337632196));
#4256 = CARTESIAN_POINT('',(67.542824532864,-243.112705957,
    144.50958534256));
#4257 = CARTESIAN_POINT('',(66.820160700748,-245.1537505529,
    144.71945506928));
#4258 = CARTESIAN_POINT('',(66.087803068018,-247.1927173463,
    144.89238678616));
#4259 = CARTESIAN_POINT('',(65.345700146615,-249.2335774111,
    145.02772657322));
#4260 = CARTESIAN_POINT('',(64.594868231701,-251.2712978015,
    145.12503123571));
#4261 = CARTESIAN_POINT('',(63.83547788222,-253.3078590421,
    145.18356588863));
#4262 = CARTESIAN_POINT('',(62.598892393961,-256.585461416,
    145.21473013851));
#4263 = CARTESIAN_POINT('',(62.126664488856,-257.8282415703,
    145.21190075458));
#4264 = CARTESIAN_POINT('',(61.651573625485,-259.0698922013,
    145.19427769209));
#4265 = CARTESIAN_POINT('',(61.173736923306,-260.3102371473,
    145.16175609605));
#4266 = CARTESIAN_POINT('',(60.693271494825,-261.5491001227,
    145.1142318535));
#4267 = CARTESIAN_POINT('',(60.210291364041,-262.786321558,
    145.05158846937));
#4268 = CARTESIAN_POINT('',(59.724907502519,-264.0217572702,
    144.97369776552));
#4269 = CARTESIAN_POINT('',(59.237230341519,-265.2552667592,
    144.88042972051));
#4270 = CARTESIAN_POINT('',(58.74737268231,-266.4866961968,
    144.77166541427));
#4271 = CARTESIAN_POINT('',(58.255452663162,-267.7158644862,
    144.64730868683));
#4272 = CARTESIAN_POINT('',(57.7615946349,-268.9425573055,
    144.50729039654));
#4273 = CARTESIAN_POINT('',(57.26592741871,-270.1665371811,
    144.35156072401));
#4274 = CARTESIAN_POINT('',(56.768578165324,-271.3875751931,
    144.18006374848));
#4275 = CARTESIAN_POINT('',(55.796191175191,-273.7613262555,
    143.81487208942));
#4276 = CARTESIAN_POINT('',(55.321311746083,-274.9143348883,
    143.62276572665));
#4277 = CARTESIAN_POINT('',(54.845122811249,-276.0643700502,
    143.416316903));
#4278 = CARTESIAN_POINT('',(54.367720779261,-277.2112863389,
    143.19543425192));
#4279 = CARTESIAN_POINT('',(53.889202656129,-278.3549337801,
    142.96003385667));
#4280 = CARTESIAN_POINT('',(53.409668206614,-279.495145754,
    142.71006031472));
#4281 = CARTESIAN_POINT('',(52.929220080081,-280.6317371268,
    142.44548924846));
#4282 = CARTESIAN_POINT('',(52.44796309924,-281.7645101674,
    142.16631788627));
#4283 = CARTESIAN_POINT('',(51.966002504427,-282.8932631256,
    141.87254922472));
#4284 = CARTESIAN_POINT('',(51.483442686988,-284.0177996996,
    141.56417665276));
#4285 = CARTESIAN_POINT('',(51.000386084079,-285.1379340377,
    141.24117446423));
#4286 = CARTESIAN_POINT('',(50.516933628318,-286.2534892285,
    140.90350101981));
#4287 = CARTESIAN_POINT('',(50.033186771536,-287.3642845975,
    140.5511202625));
#4288 = CARTESIAN_POINT('',(48.870101486597,-290.0220149348,
    139.66890141732));
#4289 = CARTESIAN_POINT('',(48.190583653151,-291.5641420778,
    139.12474344307));
#4290 = CARTESIAN_POINT('',(47.51093277726,-293.096022524,138.5518031448
    ));
#4291 = CARTESIAN_POINT('',(46.831481362642,-294.617031562,137.949896382
    ));
#4292 = CARTESIAN_POINT('',(46.152422989867,-296.1267428845,
    137.31929169922));
#4293 = CARTESIAN_POINT('',(45.474009687789,-297.6246585553,
    136.66039948573));
#4294 = CARTESIAN_POINT('',(44.796558674036,-299.110174975,
    135.97302722857));
#4295 = CARTESIAN_POINT('',(44.120355337282,-300.5827206229,
    135.25677062239));
#4296 = CARTESIAN_POINT('',(43.445619752905,-302.0418263505,
    134.51196557652));
#4297 = CARTESIAN_POINT('',(42.772559031388,-303.4870528991,
    133.73959023401));
#4298 = CARTESIAN_POINT('',(42.101411606555,-304.9178931583,
    132.93992968962));
#4299 = CARTESIAN_POINT('',(41.432416783448,-306.3338069385,
    132.11232981586));
#4300 = CARTESIAN_POINT('',(40.765775575823,-307.7343528442,
    131.25787104162));
#4301 = CARTESIAN_POINT('',(39.442322323254,-310.4939713728,
    129.50122427907));
#4302 = CARTESIAN_POINT('',(38.785483956691,-311.8532386109,
    128.59944813947));
#4303 = CARTESIAN_POINT('',(38.131309855764,-313.1966009405,
    127.67163096318));
#4304 = CARTESIAN_POINT('',(37.480163047832,-314.5231992433,
    126.7179099447));
#4305 = CARTESIAN_POINT('',(36.832032140586,-315.8330636593,
    125.73893460771));
#4306 = CARTESIAN_POINT('',(36.187050318018,-317.1259064522,
    124.73512396861));
#4307 = CARTESIAN_POINT('',(35.545570302019,-318.4009153416,
    123.70659059881));
#4308 = CARTESIAN_POINT('',(34.907856791327,-319.6574437006,
    122.65360203365));
#4309 = CARTESIAN_POINT('',(34.273911637468,-320.8954292457,
    121.57682242826));
#4310 = CARTESIAN_POINT('',(33.643671537008,-322.1149672348,
    120.47699800182));
#4311 = CARTESIAN_POINT('',(33.017312837315,-323.3156230977,
    119.35450351503));
#4312 = CARTESIAN_POINT('',(32.395143843364,-324.4966541571,
    118.20952174043));
#4313 = CARTESIAN_POINT('',(31.777060895181,-325.6582248586,
    117.04286811635));
#4314 = CARTESIAN_POINT('',(30.844222239539,-327.3932184787,
    115.237337248));
#4315 = CARTESIAN_POINT('',(30.526326316982,-327.9812369444,
    114.61404172655));
#4316 = CARTESIAN_POINT('',(30.209593170526,-328.5638418556,
    113.98505632078));
#4317 = CARTESIAN_POINT('',(29.894030090526,-329.1410070927,
    113.35045537783));
#4318 = CARTESIAN_POINT('',(29.579644425977,-329.7127061892,
    112.71031348831));
#4319 = CARTESIAN_POINT('',(29.266443609085,-330.2789123412,
    112.06470550619));
#4320 = CARTESIAN_POINT('',(28.954435114647,-330.8395983908,
    111.41370651512));
#4321 = CARTESIAN_POINT('',(28.643626516942,-331.3947368512,
    110.75739187691));
#4322 = CARTESIAN_POINT('',(28.334025422102,-331.9442998747,
    110.0958371722));
#4323 = CARTESIAN_POINT('',(28.025639536341,-332.488259287,
    109.42911826212));
#4324 = CARTESIAN_POINT('',(27.718476607645,-333.0265865562,
    108.75731123401));
#4325 = CARTESIAN_POINT('',(27.412544467799,-333.5592528165,
    108.08049244168));
#4326 = CARTESIAN_POINT('',(27.107851007078,-334.0862288528,
    107.39873848053));
#4327 = CARTESIAN_POINT('',(26.169111987811,-335.6987802264,
    105.27464392567));
#4328 = CARTESIAN_POINT('',(25.539293699252,-336.7649862465,
    103.81587520275));
#4329 = CARTESIAN_POINT('',(24.914864070505,-337.8061567229,
    102.33638650536));
#4330 = CARTESIAN_POINT('',(24.29600056602,-338.8218209918,
    100.83710244946));
#4331 = CARTESIAN_POINT('',(23.682484769464,-339.8122829427,
    99.318366862139));
#4332 = CARTESIAN_POINT('',(23.074264177214,-340.7775206424,
    97.780796117373));
#4333 = CARTESIAN_POINT('',(22.471531132588,-341.7170322052,
    96.225389252117));
#4334 = CARTESIAN_POINT('',(21.874390298229,-342.6304880957,
    94.653019641626));
#4335 = CARTESIAN_POINT('',(21.28266641233,-343.5181081828,
    93.064144620924));
#4336 = CARTESIAN_POINT('',(20.696111453003,-344.3802541905,
    91.459120490066));
#4337 = CARTESIAN_POINT('',(20.114728358376,-345.21679378,89.83868995064
    ));
#4338 = CARTESIAN_POINT('',(19.538658199957,-346.0273214445,
    88.203805259517));
#4339 = CARTESIAN_POINT('',(18.967602720449,-346.8122923747,
    86.554752258257));
#4340 = CARTESIAN_POINT('',(17.752756944116,-348.4418350114,
    82.986634418841));
#4341 = CARTESIAN_POINT('',(17.110545256803,-349.2783412861,
    81.063393957198));
#4342 = CARTESIAN_POINT('',(16.474780091229,-350.0811391189,
    79.123268477151));
#4343 = CARTESIAN_POINT('',(15.845397035003,-350.8502333044,
    77.167560275301));
#4344 = CARTESIAN_POINT('',(15.222147675053,-351.5858194312,
    75.196639562992));
#4345 = CARTESIAN_POINT('',(14.604853666006,-352.2880184921,
    73.211244762551));
#4346 = CARTESIAN_POINT('',(13.993437679774,-352.9568494242,
    71.212663562394));
#4347 = CARTESIAN_POINT('',(13.387772851432,-353.5923887017,
    69.201967464091));
#4348 = CARTESIAN_POINT('',(12.787606966199,-354.1948494818,
    67.179591202537));
#4349 = CARTESIAN_POINT('',(12.192672256213,-354.7644650926,
    65.145848752761));
#4350 = CARTESIAN_POINT('',(11.602837023027,-355.3013314303,
    63.101697838168));
#4351 = CARTESIAN_POINT('',(11.018035213282,-355.8054837447,
    61.048440827156));
#4352 = CARTESIAN_POINT('',(10.437975043355,-356.2772033443,
    58.986319680683));
#4353 = CARTESIAN_POINT('',(9.242096806219,-357.1903470379,
    54.684631440712));
#4354 = CARTESIAN_POINT('',(8.626993802864,-357.6265466653,
    52.443686221617));
#4355 = CARTESIAN_POINT('',(8.017228991921,-358.025196115,
    50.194940107953));
#4356 = CARTESIAN_POINT('',(7.410745730903,-358.3875427715,
    47.934662939794));
#4357 = CARTESIAN_POINT('',(6.813956628461,-358.7097475944,
    45.680212038553));
#4358 = CARTESIAN_POINT('',(6.20865171938,-359.002792193,43.3876818758)
  );
#4359 = CARTESIAN_POINT('',(5.629547637869,-359.2458277755,
    41.144886067762));
#4360 = CARTESIAN_POINT('',(5.025988356552,-359.4693703715,
    38.82719373706));
#4361 = CARTESIAN_POINT('',(4.45025471361,-359.6420225727,
    36.566145870722));
#4362 = CARTESIAN_POINT('',(3.862694093077,-359.7876970828,
    34.26450798881));
#4363 = CARTESIAN_POINT('',(3.285045692802,-359.8933850551,
    31.977829498346));
#4364 = CARTESIAN_POINT('',(2.708280142017,-359.9645939437,
    29.685094643452));
#4365 = CARTESIAN_POINT('',(2.134775932464,-359.9999768535,
    27.393680979074));
#4366 = CARTESIAN_POINT('',(1.563910248166,-360.,25.10349988948));
#4367 = ORIENTED_EDGE('',*,*,#4368,.T.);
#4368 = EDGE_CURVE('',#4232,#4142,#4369,.T.);
#4369 = LINE('',#4370,#4371);
#4370 = CARTESIAN_POINT('',(79.9825335582,-200.2482167015,132.6737313138
    ));
#4371 = VECTOR('',#4372,1.);
#4372 = DIRECTION('',(0.195065582834,0.901728763249,-0.385790948473));
#4373 = ORIENTED_EDGE('',*,*,#4155,.T.);
#4374 = ORIENTED_EDGE('',*,*,#1457,.T.);
#4375 = ORIENTED_EDGE('',*,*,#4376,.F.);
#4376 = EDGE_CURVE('',#4377,#1458,#4379,.T.);
#4377 = VERTEX_POINT('',#4378);
#4378 = CARTESIAN_POINT('',(112.290482938,-50.89786171131,68.77637149057
    ));
#4379 = LINE('',#4380,#4381);
#4380 = CARTESIAN_POINT('',(112.290482938,-50.89786171131,68.77637149057
    ));
#4381 = VECTOR('',#4382,1.);
#4382 = DIRECTION('',(0.194955931493,0.901727772349,-0.385848687118));
#4383 = ORIENTED_EDGE('',*,*,#4384,.T.);
#4384 = EDGE_CURVE('',#4377,#2909,#4385,.T.);
#4385 = B_SPLINE_CURVE_WITH_KNOTS('',3,(#4386,#4387,#4388,#4389,#4390,
    #4391),.UNSPECIFIED.,.F.,.F.,(4,1,1,4),(0.,0.333333333333,
    0.666666666667,1.),.UNSPECIFIED.);
#4386 = CARTESIAN_POINT('',(112.290482938,-50.89786171131,68.77637149057
    ));
#4387 = CARTESIAN_POINT('',(111.1556479004,-51.46494592158,
    68.47536237573));
#4388 = CARTESIAN_POINT('',(108.9394059984,-52.55057188153,67.8569473626
    ));
#4389 = CARTESIAN_POINT('',(105.8571502773,-54.00532801374,
    66.92247220223));
#4390 = CARTESIAN_POINT('',(103.798936544,-54.9406854413,66.25155716175)
  );
#4391 = CARTESIAN_POINT('',(102.7825310137,-55.39337828327,
    65.90872443334));
#4392 = ORIENTED_EDGE('',*,*,#2917,.T.);
#4393 = ORIENTED_EDGE('',*,*,#3123,.F.);
#4394 = ORIENTED_EDGE('',*,*,#4395,.T.);
#4395 = EDGE_CURVE('',#3115,#4222,#4396,.T.);
#4396 = B_SPLINE_CURVE_WITH_KNOTS('',14,(#4397,#4398,#4399,#4400,#4401,
    #4402,#4403,#4404,#4405,#4406,#4407,#4408,#4409,#4410,#4411,#4412,
    #4413,#4414,#4415,#4416,#4417,#4418,#4419,#4420,#4421,#4422,#4423,
    #4424,#4425,#4426,#4427,#4428,#4429,#4430,#4431,#4432,#4433,#4434,
    #4435,#4436,#4437,#4438,#4439,#4440,#4441,#4442,#4443,#4444,#4445,
    #4446,#4447,#4448,#4449,#4450,#4451,#4452,#4453,#4454,#4455,#4456,
    #4457,#4458,#4459,#4460,#4461,#4462,#4463,#4464,#4465,#4466,#4467,
    #4468,#4469,#4470,#4471,#4472,#4473,#4474,#4475,#4476,#4477,#4478,
    #4479,#4480,#4481,#4482,#4483,#4484,#4485,#4486,#4487,#4488,#4489,
    #4490,#4491,#4492,#4493,#4494,#4495,#4496,#4497,#4498,#4499,#4500,
    #4501,#4502,#4503,#4504,#4505,#4506,#4507,#4508,#4509,#4510,#4511,
    #4512,#4513,#4514,#4515),.UNSPECIFIED.,.F.,.F.,(15,13,13,13,13,13,13
    ,13,13,15),(0.,0.142418164073,0.215735317137,0.349294124395,
    0.474761191843,0.604730725957,0.675273226242,0.751243464678,
    0.916608765229,1.),.UNSPECIFIED.);
#4397 = CARTESIAN_POINT('',(-73.22842145972,-190.3740817651,
    -106.6657074877));
#4398 = CARTESIAN_POINT('',(-72.92093151824,-192.7551265625,
    -107.7942796798));
#4399 = CARTESIAN_POINT('',(-72.58328443968,-195.1504012852,
    -108.8867223782));
#4400 = CARTESIAN_POINT('',(-72.2163571823,-197.5592763932,
    -109.9417757006));
#4401 = CARTESIAN_POINT('',(-71.82102665492,-199.9811223563,
    -110.9581798961));
#4402 = CARTESIAN_POINT('',(-71.3981689993,-202.4153096228,
    -111.934677212));
#4403 = CARTESIAN_POINT('',(-70.94865885856,-204.8612086795,
    -112.8700138199));
#4404 = CARTESIAN_POINT('',(-70.47336866973,-207.3181899559,
    -113.7629416383));
#4405 = CARTESIAN_POINT('',(-69.97316792144,-209.785623953,
    -114.6122203063));
#4406 = CARTESIAN_POINT('',(-69.44892245431,-212.2628810967,
    -115.4166189707));
#4407 = CARTESIAN_POINT('',(-68.90149371664,-214.7493318793,
    -116.1749182694));
#4408 = CARTESIAN_POINT('',(-68.33173806017,-217.2443467438,
    -116.8859121383));
#4409 = CARTESIAN_POINT('',(-67.74050600516,-219.7472961637,
    -117.5484097535));
#4410 = CARTESIAN_POINT('',(-67.12864152538,-222.2575505971,
    -118.1612373859));
#4411 = CARTESIAN_POINT('',(-66.1718013982,-226.0702010137,
    -119.0125605182));
#4412 = CARTESIAN_POINT('',(-65.84137484973,-227.3676906617,
    -119.2884120015));
#4413 = CARTESIAN_POINT('',(-65.50582452697,-228.666812725,
    -119.5506165198));
#4414 = CARTESIAN_POINT('',(-65.16527247175,-229.9674304831,
    -119.7989979509));
#4415 = CARTESIAN_POINT('',(-64.81983992088,-231.2694071992,
    -120.0333822754));
#4416 = CARTESIAN_POINT('',(-64.46964729949,-232.5726061669,
    -120.2535975942));
#4417 = CARTESIAN_POINT('',(-64.11481423206,-233.876890634,
    -120.459474099));
#4418 = CARTESIAN_POINT('',(-63.75545952741,-235.1821239053,
    -120.650844112));
#4419 = CARTESIAN_POINT('',(-63.39170119583,-236.4881692264,
    -120.827542042));
#4420 = CARTESIAN_POINT('',(-63.02365643253,-237.7948898944,
    -120.989404425));
#4421 = CARTESIAN_POINT('',(-62.65144163121,-239.1021491689,
    -121.1362698927));
#4422 = CARTESIAN_POINT('',(-62.27517237463,-240.4098103323,
    -121.267979193));
#4423 = CARTESIAN_POINT('',(-61.89496344013,-241.7177366555,
    -121.3843751787));
#4424 = CARTESIAN_POINT('',(-60.81134886587,-245.4086203442,
    -121.6691584845));
#4425 = CARTESIAN_POINT('',(-60.09909107854,-247.7918365313,
    -121.8017000821));
#4426 = CARTESIAN_POINT('',(-59.37480001778,-250.1745951237,
    -121.8818905819));
#4427 = CARTESIAN_POINT('',(-58.63974956763,-252.5547401806,
    -121.9091528315));
#4428 = CARTESIAN_POINT('',(-57.89389937581,-254.9326792164,
    -121.8822294713));
#4429 = CARTESIAN_POINT('',(-57.13816641768,-257.3072050058,
    -121.7999533659));
#4430 = CARTESIAN_POINT('',(-56.37506988089,-259.672972684,
    -121.6636112781));
#4431 = CARTESIAN_POINT('',(-55.60225870961,-262.0355671834,
    -121.469674216));
#4432 = CARTESIAN_POINT('',(-54.82112490806,-264.3925221347,
    -121.2177546612));
#4433 = CARTESIAN_POINT('',(-54.03609338326,-266.7342810928,
    -120.9109189303));
#4434 = CARTESIAN_POINT('',(-53.24295371798,-269.0703784462,
    -120.5441579545));
#4435 = CARTESIAN_POINT('',(-52.44588781301,-271.3918736171,
    -120.1201846706));
#4436 = CARTESIAN_POINT('',(-51.64419012887,-273.7004382098,
    -119.6374509551));
#4437 = CARTESIAN_POINT('',(-50.08240473525,-278.1483729724,
    -118.5874346217));
#4438 = CARTESIAN_POINT('',(-49.32269800062,-280.2895669528,
    -118.0269828213));
#4439 = CARTESIAN_POINT('',(-48.56047829368,-282.4163562608,
    -117.414858713));
#4440 = CARTESIAN_POINT('',(-47.79629195022,-284.527069561,
    -116.7506212522));
#4441 = CARTESIAN_POINT('',(-47.0308287202,-286.6207956355,
    -116.0348030804));
#4442 = CARTESIAN_POINT('',(-46.26469689876,-288.6963682769,
    -115.2676972593));
#4443 = CARTESIAN_POINT('',(-45.49838226861,-290.7521816845,
    -114.4491372038));
#4444 = CARTESIAN_POINT('',(-44.7323753293,-292.7867671212,
    -113.5791870171));
#4445 = CARTESIAN_POINT('',(-43.96725032759,-294.79915135,
    -112.6585710647));
#4446 = CARTESIAN_POINT('',(-43.20358827156,-296.7885097644,
    -111.6882595756));
#4447 = CARTESIAN_POINT('',(-42.44184904847,-298.7535881821,
    -110.6687772679));
#4448 = CARTESIAN_POINT('',(-41.68240869026,-300.6928705882,
    -109.6004034099));
#4449 = CARTESIAN_POINT('',(-40.92578138345,-302.6055816958,
    -108.4843703026));
#4450 = CARTESIAN_POINT('',(-39.39185242044,-306.4428678085,
    -106.1165561948));
#4451 = CARTESIAN_POINT('',(-38.61480344564,-308.3653688654,
    -104.8613910488));
#4452 = CARTESIAN_POINT('',(-37.84142394829,-310.2577410726,
    -103.5566350541));
#4453 = CARTESIAN_POINT('',(-37.07312259524,-312.1143632201,
    -102.2045115331));
#4454 = CARTESIAN_POINT('',(-36.3062921062,-313.9521601577,
    -100.8017832576));
#4455 = CARTESIAN_POINT('',(-35.5520135066,-315.7219766358,
    -99.36125094845));
#4456 = CARTESIAN_POINT('',(-34.7892752108,-317.5178541886,
    -97.86164722175));
#4457 = CARTESIAN_POINT('',(-34.04943533393,-319.2011848314,
    -96.3364555075));
#4458 = CARTESIAN_POINT('',(-33.29987412939,-320.9157481102,
    -94.75377960845));
#4459 = CARTESIAN_POINT('',(-32.5657087952,-322.5516365572,
    -93.1397750891));
#4460 = CARTESIAN_POINT('',(-31.83310003148,-324.1692635367,
    -91.48212663329));
#4461 = CARTESIAN_POINT('',(-31.10787100024,-325.74326949,
    -89.78777748923));
#4462 = CARTESIAN_POINT('',(-30.38847696676,-327.280244297,
    -88.05661184545));
#4463 = CARTESIAN_POINT('',(-29.28822114351,-329.5914518379,
    -85.33179193702));
#4464 = CARTESIAN_POINT('',(-28.9029630035,-330.3931439044,
    -84.36284031682));
#4465 = CARTESIAN_POINT('',(-28.51952545194,-331.1833927777,
    -83.3837680539));
#4466 = CARTESIAN_POINT('',(-28.13790353298,-331.9621733239,
    -82.39478414019));
#4467 = CARTESIAN_POINT('',(-27.75809161259,-332.7294603259,
    -81.39609936097));
#4468 = CARTESIAN_POINT('',(-27.38008333478,-333.4852287231,
    -80.38792634621));
#4469 = CARTESIAN_POINT('',(-27.00387169356,-334.2294532156,
    -79.37047948572));
#4470 = CARTESIAN_POINT('',(-26.62944893482,-334.9621088072,
    -78.34397504562));
#4471 = CARTESIAN_POINT('',(-26.25680666888,-335.6831701782,
    -77.30863103373));
#4472 = CARTESIAN_POINT('',(-25.8859357611,-336.3926122996,
    -76.26466733146));
#4473 = CARTESIAN_POINT('',(-25.51682642215,-337.0904099221,
    -75.21230558401));
#4474 = CARTESIAN_POINT('',(-25.14946814494,-337.7765379363,
    -74.15176927787));
#4475 = CARTESIAN_POINT('',(-24.78384974161,-338.4509711595,
    -73.08328369483));
#4476 = CARTESIAN_POINT('',(-24.0280701588,-339.8273887413,
    -70.8480617256));
#4477 = CARTESIAN_POINT('',(-23.63818556853,-340.5275001827,
    -69.68009012411));
#4478 = CARTESIAN_POINT('',(-23.25027197576,-341.2140370584,
    -68.50339394605));
#4479 = CARTESIAN_POINT('',(-22.86429561206,-341.88701766,
    -67.31820650226));
#4480 = CARTESIAN_POINT('',(-22.48022251766,-342.5464602837,
    -66.12476160399));
#4481 = CARTESIAN_POINT('',(-22.09801854412,-343.1923832197,
    -64.92329355264));
#4482 = CARTESIAN_POINT('',(-21.71764935147,-343.8248047648,
    -63.71403715564));
#4483 = CARTESIAN_POINT('',(-21.33908041044,-344.44374321,
    -62.49722770546));
#4484 = CARTESIAN_POINT('',(-20.96227700167,-345.04921685,
    -61.27310100341));
#4485 = CARTESIAN_POINT('',(-20.58720421482,-345.6412439782,
    -60.04189333648));
#4486 = CARTESIAN_POINT('',(-20.21382695057,-346.2198428876,
    -58.80384149666));
#4487 = CARTESIAN_POINT('',(-19.84210991848,-346.7850318722,
    -57.55918276718));
#4488 = CARTESIAN_POINT('',(-19.47201763854,-347.3368292252,
    -56.30815493077));
#4489 = CARTESIAN_POINT('',(-18.30138924807,-349.0472470485,
    -52.31452439469));
#4490 = CARTESIAN_POINT('',(-17.50681084213,-350.1558871181,
    -49.54906819787));
#4491 = CARTESIAN_POINT('',(-16.71908471982,-351.201466536,
    -46.75585612427));
#4492 = CARTESIAN_POINT('',(-15.9388622042,-352.1850911759,
    -43.94143387388));
#4493 = CARTESIAN_POINT('',(-15.1613762283,-353.104585453,
    -41.09084022334));
#4494 = CARTESIAN_POINT('',(-14.39741047764,-353.9671789708,
    -38.25070222902));
#4495 = CARTESIAN_POINT('',(-13.62474486006,-354.7601402829,
    -35.33693441699));
#4496 = CARTESIAN_POINT('',(-12.87378877891,-355.5025488764,
    -32.47367536212));
#4497 = CARTESIAN_POINT('',(-12.11217348873,-356.1755487259,
    -29.53679139552));
#4498 = CARTESIAN_POINT('',(-11.3630680225,-356.7938231819,
    -26.62155973665));
#4499 = CARTESIAN_POINT('',(-10.61289240861,-357.3498655299,
    -23.67810450285));
#4500 = CARTESIAN_POINT('',(-9.866337954977,-357.8471930097,
    -20.72862352642));
#4501 = CARTESIAN_POINT('',(-9.121381649536,-358.2852682272,
    -17.76879040441));
#4502 = CARTESIAN_POINT('',(-8.002763261955,-358.855909181,
    -13.30465928389));
#4503 = CARTESIAN_POINT('',(-7.628099567716,-359.0322671508,
    -11.80613629072));
#4504 = CARTESIAN_POINT('',(-7.253700852533,-359.1937316821,
    -10.30580520559));
#4505 = CARTESIAN_POINT('',(-6.879499108611,-359.3403486692,
    -8.803858839192));
#4506 = CARTESIAN_POINT('',(-6.50542670323,-359.4721640022,
    -7.300489021781));
#4507 = CARTESIAN_POINT('',(-6.131416379703,-359.5892235791,
    -5.795886602829));
#4508 = CARTESIAN_POINT('',(-5.757401255831,-359.6915732857,
    -4.290241451499));
#4509 = CARTESIAN_POINT('',(-5.383314826011,-359.7792590234,
    -2.783742456053));
#4510 = CARTESIAN_POINT('',(-5.009090958868,-359.8523266768,
    -1.276577524493));
#4511 = CARTESIAN_POINT('',(-4.634663899387,-359.9108221457,
    0.231066416035));
#4512 = CARTESIAN_POINT('',(-4.259968267441,-359.9547913185,
    1.739003418764));
#4513 = CARTESIAN_POINT('',(-3.884939058491,-359.9842800907,
    3.247048517636));
#4514 = CARTESIAN_POINT('',(-3.509511643451,-359.999334354,
    4.755017727103));
#4515 = CARTESIAN_POINT('',(-3.13362176858,-360.0000000019,
    6.262728042232));
#4516 = B_SPLINE_SURFACE_WITH_KNOTS('',3,3,(
    (#4517,#4518,#4519,#4520)
    ,(#4521,#4522,#4523,#4524)
    ,(#4525,#4526,#4527,#4528)
    ,(#4529,#4530,#4531,#4532)
    ,(#4533,#4534,#4535,#4536)
    ,(#4537,#4538,#4539,#4540
    )),.UNSPECIFIED.,.F.,.F.,.F.,(4,1,1,4),(4,4),(-5.993954722338E-02,0.
    ,1.,1.020784851358),(9.150265303445E-02,1.017813679882),
  .UNSPECIFIED.);
#4517 = CARTESIAN_POINT('',(128.7444391997,-32.9409550924,66.67432221461
    ));
#4518 = CARTESIAN_POINT('',(102.3981278128,-144.0982783142,
    120.2414174025));
#4519 = CARTESIAN_POINT('',(76.051816426,-255.2556015359,173.8085125904)
  );
#4520 = CARTESIAN_POINT('',(49.7055050391,-366.4129247577,227.3756077783
    ));
#4521 = CARTESIAN_POINT('',(124.5543761555,-32.9409550924,64.8140086817)
  );
#4522 = CARTESIAN_POINT('',(98.9750266608,-144.0982783142,116.3778356898
    ));
#4523 = CARTESIAN_POINT('',(73.3956771661,-255.2556015359,167.9416626978
    ));
#4524 = CARTESIAN_POINT('',(47.8163276714,-366.4129247577,219.5054897059
    ));
#4525 = CARTESIAN_POINT('',(50.459496703,-32.9409550924,31.91719889403)
  );
#4526 = CARTESIAN_POINT('',(38.4426994532,-144.0982783142,48.05628104033
    ));
#4527 = CARTESIAN_POINT('',(26.4259022033,-255.2556015359,64.19536318664
    ));
#4528 = CARTESIAN_POINT('',(14.4091049535,-366.4129247577,80.33444533295
    ));
#4529 = CARTESIAN_POINT('',(-25.08834396775,-32.9409550924,
    -1.62469985499));
#4530 = CARTESIAN_POINT('',(-23.27663452921,-144.0982783142,
    -21.60502299545));
#4531 = CARTESIAN_POINT('',(-21.46492509067,-255.2556015359,
    -41.5853461359));
#4532 = CARTESIAN_POINT('',(-19.65321565213,-366.4129247577,
    -61.56566927636));
#4533 = CARTESIAN_POINT('',(-96.44612159426,-32.9409550924,
    -33.30628507109));
#4534 = CARTESIAN_POINT('',(-81.57286735954,-144.0982783142,
    -87.40274531846));
#4535 = CARTESIAN_POINT('',(-66.69961312482,-255.2556015359,
    -141.4992055658));
#4536 = CARTESIAN_POINT('',(-51.8263588901,-366.4129247577,
    -195.5956658132));
#4537 = CARTESIAN_POINT('',(-97.89908281253,-32.9409550924,
    -33.95137403243));
#4538 = CARTESIAN_POINT('',(-82.7598741343,-144.0982783142,
    -88.74249470481));
#4539 = CARTESIAN_POINT('',(-67.62066545606,-255.2556015359,
    -143.5336153772));
#4540 = CARTESIAN_POINT('',(-52.48145677781,-366.4129247577,
    -198.3247360496));
#4541 = ADVANCED_FACE('',(#4542),#4557,.T.);
#4542 = FACE_BOUND('',#4543,.T.);
#4543 = EDGE_LOOP('',(#4544,#4545,#4556));
#4544 = ORIENTED_EDGE('',*,*,#1467,.T.);
#4545 = ORIENTED_EDGE('',*,*,#4546,.T.);
#4546 = EDGE_CURVE('',#1468,#4377,#4547,.T.);
#4547 = B_SPLINE_CURVE_WITH_KNOTS('',3,(#4548,#4549,#4550,#4551,#4552,
    #4553,#4554,#4555),.UNSPECIFIED.,.F.,.F.,(4,1,1,1,1,4),(0.,0.2,0.4,
    0.6,0.8,1.),.QUASI_UNIFORM_KNOTS.);
#4548 = CARTESIAN_POINT('',(116.0071371793,-37.06803314995,
    69.91074658464));
#4549 = CARTESIAN_POINT('',(115.7786499977,-38.063021321,69.40866039358)
  );
#4550 = CARTESIAN_POINT('',(115.2514548422,-40.08275222092,
    68.61864222097));
#4551 = CARTESIAN_POINT('',(114.3637998577,-43.16135626545,
    67.93864964451));
#4552 = CARTESIAN_POINT('',(113.5349828145,-46.00680270824,
    67.75012825391));
#4553 = CARTESIAN_POINT('',(112.8120276781,-48.64616656004,
    68.00677605651));
#4554 = CARTESIAN_POINT('',(112.4437901666,-50.18895420065,68.4730481662
    ));
#4555 = CARTESIAN_POINT('',(112.290482938,-50.89786171131,68.77637149057
    ));
#4556 = ORIENTED_EDGE('',*,*,#4376,.T.);
#4557 = ( BOUNDED_SURFACE() B_SPLINE_SURFACE(3,3,(
    (#4558,#4559,#4560,#4561,#4562)
    ,(#4563,#4564,#4565,#4566,#4567)
    ,(#4568,#4569,#4570,#4571,#4572)
    ,(#4573,#4574,#4575,#4576,#4577
)),.UNSPECIFIED.,.F.,.F.,.F.) B_SPLINE_SURFACE_WITH_KNOTS((4,4),(4,1,4),
  (0.,1.),(0.226250418836,0.236193808587,0.246318561206),.UNSPECIFIED.) 
GEOMETRIC_REPRESENTATION_ITEM() RATIONAL_B_SPLINE_SURFACE((
    (1.00627750404,1.00627750404,1.00627750404,1.00627750404
      ,1.00627750404)
    ,(0.997907498653,0.997907498653,0.997907498653,0.997907498653
      ,0.997907498653)
    ,(0.997907498653,0.997907498653,0.997907498653,0.997907498653
      ,0.997907498653)
    ,(1.00627750404,1.00627750404,1.00627750404,1.00627750404
,1.00627750404))) REPRESENTATION_ITEM('') SURFACE() );
#4558 = CARTESIAN_POINT('',(113.0090068601,-49.126560328,76.812528807));
#4559 = CARTESIAN_POINT('',(113.5383283112,-46.97462293269,
    75.83632262392));
#4560 = CARTESIAN_POINT('',(114.6044294019,-42.63189683301,
    73.86258818035));
#4561 = CARTESIAN_POINT('',(115.6655269027,-38.28975709629,
    71.88186129273));
#4562 = CARTESIAN_POINT('',(116.1995456153,-36.09915759703,
    70.88092009261));
#4563 = CARTESIAN_POINT('',(113.1044472064,-50.1346643852,73.80233131846
    ));
#4564 = CARTESIAN_POINT('',(113.6070316416,-47.97784303163,
    72.82364863915));
#4565 = CARTESIAN_POINT('',(114.6189092808,-43.62500420127,
    70.84560755816));
#4566 = CARTESIAN_POINT('',(115.6253234321,-39.27223250079,
    68.86204279062));
#4567 = CARTESIAN_POINT('',(116.131668945,-37.07614575874,67.86003969923
    ));
#4568 = CARTESIAN_POINT('',(112.7106863617,-51.03203362646,
    70.78134611279));
#4569 = CARTESIAN_POINT('',(113.1868053915,-48.8687421511,69.80419782448
    ));
#4570 = CARTESIAN_POINT('',(114.1451244663,-44.50260528909,
    67.82998365378));
#4571 = CARTESIAN_POINT('',(115.0977654497,-40.13605507236,
    65.85178181472));
#4572 = CARTESIAN_POINT('',(115.5769579608,-37.93290476619,64.8528663482
    ));
#4573 = CARTESIAN_POINT('',(111.8375499865,-51.79627566394,
    67.82495695542));
#4574 = CARTESIAN_POINT('',(112.2881356224,-49.62508935461,
    66.85331565714));
#4575 = CARTESIAN_POINT('',(113.1948974869,-45.24280099072,
    64.89096645009));
#4576 = CARTESIAN_POINT('',(114.0960173058,-40.85966952566,
    62.92619452477));
#4577 = CARTESIAN_POINT('',(114.5492545721,-38.64805559378,61.9344391526
    ));
#4578 = ADVANCED_FACE('',(#4579),#4585,.F.);
#4579 = FACE_BOUND('',#4580,.F.);
#4580 = EDGE_LOOP('',(#4581,#4582,#4583,#4584));
#4581 = ORIENTED_EDGE('',*,*,#1477,.F.);
#4582 = ORIENTED_EDGE('',*,*,#4546,.T.);
#4583 = ORIENTED_EDGE('',*,*,#4384,.T.);
#4584 = ORIENTED_EDGE('',*,*,#2908,.T.);
#4585 = ( BOUNDED_SURFACE() B_SPLINE_SURFACE(3,3,(
    (#4586,#4587,#4588,#4589,#4590,#4591,#4592,#4593,#4594)
    ,(#4595,#4596,#4597,#4598,#4599,#4600,#4601,#4602,#4603)
    ,(#4604,#4605,#4606,#4607,#4608,#4609,#4610,#4611,#4612)
    ,(#4613,#4614,#4615,#4616,#4617,#4618,#4619,#4620,#4621
)),.UNSPECIFIED.,.F.,.F.,.F.) B_SPLINE_SURFACE_WITH_KNOTS((4,4),(4,1,1,1
    ,1,1,4),(0.,1.),(-1.496597918557E-03,0.,1.032172926377E-02,
    2.098281915404E-02,3.293170770249E-02,4.660910198523E-02,
4.70612871274E-02),.UNSPECIFIED.) GEOMETRIC_REPRESENTATION_ITEM() 
RATIONAL_B_SPLINE_SURFACE((
    (1.131062418892,1.131062418892,1.131062418892,1.131062418892
      ,1.131062418892,1.131062418892,1.131062418892,1.131062418892
      ,1.131062418892)
    ,(0.956312527036,0.956312527036,0.956312527036,0.956312527036
      ,0.956312527036,0.956312527036,0.956312527036,0.956312527036
      ,0.956312527036)
    ,(0.956312527036,0.956312527036,0.956312527036,0.956312527036
      ,0.956312527036,0.956312527036,0.956312527036,0.956312527036
      ,0.956312527036)
    ,(1.131062418892,1.131062418892,1.131062418892,1.131062418892
      ,1.131062418892,1.131062418892,1.131062418892,1.131062418892
,1.131062418892))) REPRESENTATION_ITEM('') SURFACE() );
#4586 = CARTESIAN_POINT('',(102.4290150125,-56.6801317589,66.4588409478)
  );
#4587 = CARTESIAN_POINT('',(102.6253316332,-56.59361603958,
    66.52695774647));
#4588 = CARTESIAN_POINT('',(104.1755797475,-55.90793668735,
    67.06163316824));
#4589 = CARTESIAN_POINT('',(107.1237742201,-54.56668978911,
    68.02995684319));
#4590 = CARTESIAN_POINT('',(111.438942112,-52.51000222848,69.31872587853
    ));
#4591 = CARTESIAN_POINT('',(116.1868133506,-50.1394874292,70.58148961789
    ));
#4592 = CARTESIAN_POINT('',(119.5905025823,-48.35502204869,
    71.35816658293));
#4593 = CARTESIAN_POINT('',(121.4311008697,-47.36525332258,
    71.73909972015));
#4594 = CARTESIAN_POINT('',(121.4900013639,-47.33355457042,
    71.75124974851));
#4595 = CARTESIAN_POINT('',(101.6789306763,-52.82208517509,
    63.29177600016));
#4596 = CARTESIAN_POINT('',(101.8701607144,-52.74004541469,63.3556449919
    ));
#4597 = CARTESIAN_POINT('',(103.3802443332,-52.08981044785,
    63.85689462164));
#4598 = CARTESIAN_POINT('',(106.2520879111,-50.81746072841,
    64.76341577439));
#4599 = CARTESIAN_POINT('',(110.4554678891,-48.86552193954,65.966277346)
  );
#4600 = CARTESIAN_POINT('',(115.0801502875,-46.61498569633,
    67.13987420074));
#4601 = CARTESIAN_POINT('',(118.3952326572,-44.92051401838,
    67.85695046345));
#4602 = CARTESIAN_POINT('',(120.1877788114,-43.98066808755,
    68.20693476416));
#4603 = CARTESIAN_POINT('',(120.2451414601,-43.95056819507,
    68.21809572263));
#4604 = CARTESIAN_POINT('',(99.5755294734,-48.23467098861,63.1980488372)
  );
#4605 = CARTESIAN_POINT('',(99.7637496663,-48.15409400615,63.25786940226
    ));
#4606 = CARTESIAN_POINT('',(101.2500737153,-47.51547638868,
    63.72721058804));
#4607 = CARTESIAN_POINT('',(104.0768345134,-46.2662187408,64.57394651258
    ));
#4608 = CARTESIAN_POINT('',(108.2141148167,-44.35078775357,65.6914341517
    ));
#4609 = CARTESIAN_POINT('',(112.7654622358,-42.14382947081,
    66.77340284328));
#4610 = CARTESIAN_POINT('',(116.0270379817,-40.48360732811,67.4264893874
    ));
#4611 = CARTESIAN_POINT('',(117.7902163076,-39.56328355292,
    67.74232660638));
#4612 = CARTESIAN_POINT('',(117.8466387136,-39.53380941667,
    67.75239530341));
#4613 = CARTESIAN_POINT('',(97.0937420351,-45.04416477789,66.22110218492
    ));
#4614 = CARTESIAN_POINT('',(97.2824241895,-44.96135939188,66.27895015737
    ));
#4615 = CARTESIAN_POINT('',(98.7724062022,-44.30514742328,66.73268987435
    ));
#4616 = CARTESIAN_POINT('',(101.6062482932,-43.02247351873,
    67.54936843659));
#4617 = CARTESIAN_POINT('',(105.7537544916,-41.05838792453,
    68.62158666158));
#4618 = CARTESIAN_POINT('',(110.3156117005,-38.79840853545,
    69.65193574689));
#4619 = CARTESIAN_POINT('',(113.583581487,-37.10081703314,70.2663029177)
  );
#4620 = CARTESIAN_POINT('',(115.3496883364,-36.16056621608,
    70.56062204989));
#4621 = CARTESIAN_POINT('',(115.4062039068,-36.13045469334,
    70.57000155926));
#4622 = ADVANCED_FACE('',(#4623),#4640,.F.);
#4623 = FACE_BOUND('',#4624,.F.);
#4624 = EDGE_LOOP('',(#4625,#4626,#4638,#4639));
#4625 = ORIENTED_EDGE('',*,*,#4087,.T.);
#4626 = ORIENTED_EDGE('',*,*,#4627,.T.);
#4627 = EDGE_CURVE('',#3874,#3693,#4628,.T.);
#4628 = B_SPLINE_CURVE_WITH_KNOTS('',3,(#4629,#4630,#4631,#4632,#4633,
    #4634,#4635,#4636,#4637),.UNSPECIFIED.,.F.,.F.,(4,1,1,1,1,1,4),(0.,
    0.166666666667,0.333333333333,0.5,0.666666666667,0.833333333333,1.),
  .UNSPECIFIED.);
#4629 = CARTESIAN_POINT('',(94.9110768283,-56.38014751128,
    -72.03607263736));
#4630 = CARTESIAN_POINT('',(96.4653463389,-57.07686058696,
    -71.36360607771));
#4631 = CARTESIAN_POINT('',(99.2375491383,-58.53759951206,
    -69.85731211807));
#4632 = CARTESIAN_POINT('',(102.4210029496,-60.62597527519,
    -67.47287581792));
#4633 = CARTESIAN_POINT('',(105.0714111209,-62.68533943933,
    -64.90329163521));
#4634 = CARTESIAN_POINT('',(107.515323226,-64.90925173797,-61.8751186319
    ));
#4635 = CARTESIAN_POINT('',(109.8435949725,-67.43569047886,
    -58.04880710588));
#4636 = CARTESIAN_POINT('',(111.1190091915,-69.11368075749,
    -55.17639427387));
#4637 = CARTESIAN_POINT('',(111.6970165326,-69.9504139082,
    -53.64182364089));
#4638 = ORIENTED_EDGE('',*,*,#3700,.T.);
#4639 = ORIENTED_EDGE('',*,*,#1518,.F.);
#4640 = ( BOUNDED_SURFACE() B_SPLINE_SURFACE(3,3,(
    (#4641,#4642,#4643,#4644,#4645,#4646,#4647,#4648,#4649,#4650,#4651
      ,#4652)
    ,(#4653,#4654,#4655,#4656,#4657,#4658,#4659,#4660,#4661,#4662,#4663
      ,#4664)
    ,(#4665,#4666,#4667,#4668,#4669,#4670,#4671,#4672,#4673,#4674,#4675
      ,#4676)
    ,(#4677,#4678,#4679,#4680,#4681,#4682,#4683,#4684,#4685,#4686,#4687
,#4688
    )),.UNSPECIFIED.,.F.,.F.,.F.) B_SPLINE_SURFACE_WITH_KNOTS((4,4),(4,1
    ,1,1,1,1,1,1,1,4),(0.,1.),(0.847506314684,0.863185746139,
    0.882464832017,0.903268204049,0.923935041153,0.94267066242,
    0.960144778166,0.978596680946,1.,1.002413389838),.UNSPECIFIED.) 
GEOMETRIC_REPRESENTATION_ITEM() RATIONAL_B_SPLINE_SURFACE((
    (1.275673248301,1.275673248301,1.275673248301,1.275673248301
      ,1.275673248301,1.275673248301,1.275673248301,1.275673248301
      ,1.275673248301,1.275673248301,1.275673248301,1.275673248301)
    ,(0.908108917233,0.908108917233,0.908108917233,0.908108917233
      ,0.908108917233,0.908108917233,0.908108917233,0.908108917233
      ,0.908108917233,0.908108917233,0.908108917233,0.908108917233)
    ,(0.908108917233,0.908108917233,0.908108917233,0.908108917233
      ,0.908108917233,0.908108917233,0.908108917233,0.908108917233
      ,0.908108917233,0.908108917233,0.908108917233,0.908108917233)
    ,(1.275673248301,1.275673248301,1.275673248301,1.275673248301
      ,1.275673248301,1.275673248301,1.275673248301,1.275673248301
      ,1.275673248301,1.275673248301,1.275673248301,1.275673248301
))) REPRESENTATION_ITEM('') SURFACE() );
#4641 = CARTESIAN_POINT('',(114.4468188549,-76.52732516287,
    -42.34908292952));
#4642 = CARTESIAN_POINT('',(114.2698507035,-75.98748164449,
    -43.78410265166));
#4643 = CARTESIAN_POINT('',(113.7903282061,-74.71405246966,
    -46.93380705749));
#4644 = CARTESIAN_POINT('',(112.6825116035,-72.45870259953,
    -51.74657247319));
#4645 = CARTESIAN_POINT('',(110.9887693832,-69.77412829318,
    -56.66475503953));
#4646 = CARTESIAN_POINT('',(108.7572590519,-66.9613612541,
    -61.12956356892));
#4647 = CARTESIAN_POINT('',(106.1231584781,-64.26243797607,
    -64.90907400487));
#4648 = CARTESIAN_POINT('',(103.1216693336,-61.72200887937,
    -68.10102168946));
#4649 = CARTESIAN_POINT('',(99.5009852713,-59.20965144344,
    -70.94359324008));
#4650 = CARTESIAN_POINT('',(96.4714215105,-57.56618871491,
    -72.59715515467));
#4651 = CARTESIAN_POINT('',(94.669220457,-56.74485293683,-73.36726453565
    ));
#4652 = CARTESIAN_POINT('',(94.4856549109,-56.66273920754,
    -73.44362531586));
#4653 = CARTESIAN_POINT('',(115.0118433148,-69.76159929454,
    -38.69745327441));
#4654 = CARTESIAN_POINT('',(114.6799270826,-69.27598661436,
    -40.0080158536));
#4655 = CARTESIAN_POINT('',(113.8639162623,-68.14827208391,
    -42.87459285589));
#4656 = CARTESIAN_POINT('',(112.2676015325,-66.21577526607,
    -47.21855348922));
#4657 = CARTESIAN_POINT('',(110.1295350146,-63.99313278886,
    -51.61395337743));
#4658 = CARTESIAN_POINT('',(107.5785231632,-61.73779004534,
    -55.56451003389));
#4659 = CARTESIAN_POINT('',(104.7745463575,-59.63201351717,
    -58.88022806932));
#4660 = CARTESIAN_POINT('',(101.7387808842,-57.69467090158,
    -61.66152441239));
#4661 = CARTESIAN_POINT('',(98.221286827,-55.8196363451,-64.12517029966)
  );
#4662 = CARTESIAN_POINT('',(95.3788489755,-54.62336211214,-65.5495312975
    ));
#4663 = CARTESIAN_POINT('',(93.7160606235,-54.03557845952,
    -66.21210221153));
#4664 = CARTESIAN_POINT('',(93.5469571521,-53.97693564952,
    -66.27780314017));
#4665 = CARTESIAN_POINT('',(121.6259954113,-66.00871639047,
    -37.4335088343));
#4666 = CARTESIAN_POINT('',(121.2022038303,-65.36791910396,
    -38.72406460288));
#4667 = CARTESIAN_POINT('',(120.1670586989,-63.90013318234,
    -41.54089793171));
#4668 = CARTESIAN_POINT('',(118.1725695644,-61.45399967966,
    -45.78525576157));
#4669 = CARTESIAN_POINT('',(115.5458277438,-58.71891997499,
    -50.04656149528));
#4670 = CARTESIAN_POINT('',(112.4631154786,-56.01415987062,
    -53.84049636343));
#4671 = CARTESIAN_POINT('',(109.1233197329,-53.54237528794,
    -56.99136493256));
#4672 = CARTESIAN_POINT('',(105.5499204781,-51.30722744333,
    -59.60336462878));
#4673 = CARTESIAN_POINT('',(101.4509094064,-49.17732046309,
    -61.88256324296));
#4674 = CARTESIAN_POINT('',(98.1698242755,-47.83805179577,-63.1661860146
    ));
#4675 = CARTESIAN_POINT('',(96.2587741827,-47.18600816453,
    -63.74979928924));
#4676 = CARTESIAN_POINT('',(96.0644985886,-47.1210268864,-63.80751174445
    ));
#4677 = CARTESIAN_POINT('',(128.5719966934,-68.51267148476,
    -39.64980421106));
#4678 = CARTESIAN_POINT('',(128.1988196222,-67.64141584729,
    -41.04209740472));
#4679 = CARTESIAN_POINT('',(127.251314068,-65.64173048605,
    -44.08556926198));
#4680 = CARTESIAN_POINT('',(125.2931565304,-62.28945852945,
    -48.68562301158));
#4681 = CARTESIAN_POINT('',(122.5557997311,-58.51052369683,
    -53.31743421063));
#4682 = CARTESIAN_POINT('',(119.1887904285,-54.7379813074,
    -57.44776137625));
#4683 = CARTESIAN_POINT('',(115.4103953621,-51.25741152581,
    -60.87521942601));
#4684 = CARTESIAN_POINT('',(111.2607359512,-48.08098982418,
    -63.70561732927));
#4685 = CARTESIAN_POINT('',(106.3981646256,-45.02432704732,
    -66.15428343346));
#4686 = CARTESIAN_POINT('',(102.4318260917,-43.07548552107,
    -67.50728490663));
#4687 = CARTESIAN_POINT('',(100.0994374664,-42.11691618489,
    -68.10877241714));
#4688 = CARTESIAN_POINT('',(99.8621143556,-42.02126602823,
    -68.16807301999));
#4689 = ADVANCED_FACE('',(#4690),#4695,.T.);
#4690 = FACE_BOUND('',#4691,.T.);
#4691 = EDGE_LOOP('',(#4692,#4693,#4694));
#4692 = ORIENTED_EDGE('',*,*,#1547,.T.);
#4693 = ORIENTED_EDGE('',*,*,#3482,.T.);
#4694 = ORIENTED_EDGE('',*,*,#3714,.T.);
#4695 = ( BOUNDED_SURFACE() B_SPLINE_SURFACE(3,3,(
    (#4696,#4697,#4698,#4699,#4700)
    ,(#4701,#4702,#4703,#4704,#4705)
    ,(#4706,#4707,#4708,#4709,#4710)
    ,(#4711,#4712,#4713,#4714,#4715
)),.UNSPECIFIED.,.F.,.F.,.F.) B_SPLINE_SURFACE_WITH_KNOTS((4,4),(4,1,4),
  (0.,1.),(0.226250418836,0.236193808587,0.246318561206),.UNSPECIFIED.) 
GEOMETRIC_REPRESENTATION_ITEM() RATIONAL_B_SPLINE_SURFACE((
    (1.00627750404,1.00627750404,1.00627750404,1.00627750404
      ,1.00627750404)
    ,(0.997907498653,0.997907498653,0.997907498653,0.997907498653
      ,0.997907498653)
    ,(0.997907498653,0.997907498653,0.997907498653,0.997907498653
      ,0.997907498653)
    ,(1.00627750404,1.00627750404,1.00627750404,1.00627750404
,1.00627750404))) REPRESENTATION_ITEM('') SURFACE() );
#4696 = CARTESIAN_POINT('',(113.0090068601,-76.812528807,-49.126560328)
  );
#4697 = CARTESIAN_POINT('',(113.5383283112,-75.83632262392,
    -46.97462293269));
#4698 = CARTESIAN_POINT('',(114.6044294019,-73.86258818035,
    -42.63189683301));
#4699 = CARTESIAN_POINT('',(115.6655269027,-71.88186129273,
    -38.28975709629));
#4700 = CARTESIAN_POINT('',(116.1995456153,-70.88092009261,
    -36.09915759703));
#4701 = CARTESIAN_POINT('',(113.1044472064,-73.80233131846,
    -50.1346643852));
#4702 = CARTESIAN_POINT('',(113.6070316416,-72.82364863915,
    -47.97784303163));
#4703 = CARTESIAN_POINT('',(114.6189092808,-70.84560755816,
    -43.62500420127));
#4704 = CARTESIAN_POINT('',(115.6253234321,-68.86204279062,
    -39.27223250079));
#4705 = CARTESIAN_POINT('',(116.131668945,-67.86003969923,
    -37.07614575874));
#4706 = CARTESIAN_POINT('',(112.7106863617,-70.78134611279,
    -51.03203362646));
#4707 = CARTESIAN_POINT('',(113.1868053915,-69.80419782448,
    -48.8687421511));
#4708 = CARTESIAN_POINT('',(114.1451244663,-67.82998365378,
    -44.50260528909));
#4709 = CARTESIAN_POINT('',(115.0977654497,-65.85178181472,
    -40.13605507236));
#4710 = CARTESIAN_POINT('',(115.5769579608,-64.8528663482,
    -37.93290476619));
#4711 = CARTESIAN_POINT('',(111.8375499865,-67.82495695542,
    -51.79627566394));
#4712 = CARTESIAN_POINT('',(112.2881356224,-66.85331565714,
    -49.62508935461));
#4713 = CARTESIAN_POINT('',(113.1948974869,-64.89096645009,
    -45.24280099072));
#4714 = CARTESIAN_POINT('',(114.0960173058,-62.92619452477,
    -40.85966952566));
#4715 = CARTESIAN_POINT('',(114.5492545721,-61.9344391526,
    -38.64805559378));
#4716 = ADVANCED_FACE('',(#4717),#4731,.F.);
#4717 = FACE_BOUND('',#4718,.F.);
#4718 = EDGE_LOOP('',(#4719,#4728,#4729,#4730));
#4719 = ORIENTED_EDGE('',*,*,#4720,.T.);
#4720 = EDGE_CURVE('',#3313,#4133,#4721,.T.);
#4721 = B_SPLINE_CURVE_WITH_KNOTS('',3,(#4722,#4723,#4724,#4725,#4726,
    #4727),.UNSPECIFIED.,.F.,.F.,(4,1,1,4),(0.,0.333333333333,
    0.666666666667,1.),.UNSPECIFIED.);
#4722 = CARTESIAN_POINT('',(93.1794910436,-72.65271423806,55.53286961079
    ));
#4723 = CARTESIAN_POINT('',(93.3739209107,-72.58479099606,55.62901030061
    ));
#4724 = CARTESIAN_POINT('',(93.7585528028,-72.44886625552,55.81840502052
    ));
#4725 = CARTESIAN_POINT('',(94.3365194683,-72.24516778164,56.10027996632
    ));
#4726 = CARTESIAN_POINT('',(94.7193892298,-72.10589448585,56.28790978244
    ));
#4727 = CARTESIAN_POINT('',(94.9110768283,-72.03607263736,56.38014751128
    ));
#4728 = ORIENTED_EDGE('',*,*,#4132,.F.);
#4729 = ORIENTED_EDGE('',*,*,#1566,.F.);
#4730 = ORIENTED_EDGE('',*,*,#3384,.T.);
#4731 = ( BOUNDED_SURFACE() B_SPLINE_SURFACE(3,3,(
    (#4732,#4733,#4734,#4735,#4736,#4737,#4738,#4739)
    ,(#4740,#4741,#4742,#4743,#4744,#4745,#4746,#4747)
    ,(#4748,#4749,#4750,#4751,#4752,#4753,#4754,#4755)
    ,(#4756,#4757,#4758,#4759,#4760,#4761,#4762,#4763
)),.UNSPECIFIED.,.F.,.F.,.F.) B_SPLINE_SURFACE_WITH_KNOTS((4,4),(4,1,1,1
    ,1,4),(0.,1.),(-0.350946685931,0.,0.332490677386,0.665824552959,1.,
1.351003850614),.UNSPECIFIED.) GEOMETRIC_REPRESENTATION_ITEM() 
RATIONAL_B_SPLINE_SURFACE((
    (1.275973675494,1.275973675494,1.275973675494,1.275973675494
      ,1.275973675494,1.275973675494,1.275973675494,1.275973675494)
    ,(0.908008774835,0.908008774835,0.908008774835,0.908008774835
      ,0.908008774835,0.908008774835,0.908008774835,0.908008774835)
    ,(0.908008774835,0.908008774835,0.908008774835,0.908008774835
      ,0.908008774835,0.908008774835,0.908008774835,0.908008774835)
    ,(1.275973675494,1.275973675494,1.275973675494,1.275973675494
      ,1.275973675494,1.275973675494,1.275973675494,1.275973675494
))) REPRESENTATION_ITEM('') SURFACE() );
#4732 = CARTESIAN_POINT('',(95.6494067921,-73.00004494731,57.20953635381
    ));
#4733 = CARTESIAN_POINT('',(95.4436942918,-73.07204153035,57.11300841255
    ));
#4734 = CARTESIAN_POINT('',(95.0454702768,-73.21424737807,56.92070140835
    ));
#4735 = CARTESIAN_POINT('',(94.45570593,-73.4263650803,56.62869875962));
#4736 = CARTESIAN_POINT('',(93.8744339812,-73.63077296091,56.34189291933
    ));
#4737 = CARTESIAN_POINT('',(93.2832707877,-73.83729434924,56.04682158479
    ));
#4738 = CARTESIAN_POINT('',(92.8855406697,-73.97426184383,55.8473097123)
  );
#4739 = CARTESIAN_POINT('',(92.6816054038,-74.04368925437,55.74512348057
    ));
#4740 = CARTESIAN_POINT('',(94.6423320676,-65.87437229322,54.43155765003
    ));
#4741 = CARTESIAN_POINT('',(94.444038528,-65.94206599728,54.34337600995)
  );
#4742 = CARTESIAN_POINT('',(94.0600886136,-66.07584178441,54.16767027921
    ));
#4743 = CARTESIAN_POINT('',(93.4913834081,-66.27544197427,53.90081192204
    ));
#4744 = CARTESIAN_POINT('',(92.9309534426,-66.46771936343,53.63865574704
    ));
#4745 = CARTESIAN_POINT('',(92.3609831619,-66.66198347222,53.36889152027
    ));
#4746 = CARTESIAN_POINT('',(91.9775368484,-66.79079997371,53.18645732151
    ));
#4747 = CARTESIAN_POINT('',(91.7809401584,-66.85608432099,53.0930099709)
  );
#4748 = CARTESIAN_POINT('',(97.2130401875,-63.44504187125,47.5761669886)
  );
#4749 = CARTESIAN_POINT('',(97.0221618338,-63.50575302818,47.49323926381
    ));
#4750 = CARTESIAN_POINT('',(96.6527633331,-63.62555051158,47.3280005548)
  );
#4751 = CARTESIAN_POINT('',(96.1057894706,-63.80403554065,47.07703043578
    ));
#4752 = CARTESIAN_POINT('',(95.5665847153,-63.97594394221,46.83046520141
    ));
#4753 = CARTESIAN_POINT('',(95.0182091864,-64.14947512748,46.57673196533
    ));
#4754 = CARTESIAN_POINT('',(94.6492347081,-64.26447249961,46.40512871607
    ));
#4755 = CARTESIAN_POINT('',(94.4600256845,-64.32274377311,46.31722572428
    ));
#4756 = CARTESIAN_POINT('',(101.1375110733,-67.8137623872,42.57423079447
    ));
#4757 = CARTESIAN_POINT('',(100.9476289637,-67.87085220331,
    42.48891923162));
#4758 = CARTESIAN_POINT('',(100.5804701929,-67.98321631678,
    42.31895786295));
#4759 = CARTESIAN_POINT('',(100.0370992409,-68.15025608759,
    42.06087439282));
#4760 = CARTESIAN_POINT('',(99.5011401637,-68.31117901276,41.80735304227
    ));
#4761 = CARTESIAN_POINT('',(98.9560787617,-68.47343849306,41.54650564312
    ));
#4762 = CARTESIAN_POINT('',(98.5892439988,-68.58090406857,41.37011634138
    ));
#4763 = CARTESIAN_POINT('',(98.4010803733,-68.63535954199,41.27976654456
    ));
#4764 = ADVANCED_FACE('',(#4765),#4804,.F.);
#4765 = FACE_BOUND('',#4766,.F.);
#4766 = EDGE_LOOP('',(#4767,#4776,#4790,#4803));
#4767 = ORIENTED_EDGE('',*,*,#4768,.T.);
#4768 = EDGE_CURVE('',#1586,#4769,#4771,.T.);
#4769 = VERTEX_POINT('',#4770);
#4770 = CARTESIAN_POINT('',(94.9110768283,56.38014751128,72.03607263736)
  );
#4771 = CIRCLE('',#4772,9.999999410124);
#4772 = AXIS2_PLACEMENT_3D('',#4773,#4774,#4775);
#4773 = CARTESIAN_POINT('',(99.9974821759,48.60596999363,75.73703971424)
  );
#4774 = DIRECTION('',(0.858748680173,0.427051489582,-0.283156722587));
#4775 = DIRECTION('',(-8.904793353528E-03,-0.540090323848,
    -0.841559948394));
#4776 = ORIENTED_EDGE('',*,*,#4777,.T.);
#4777 = EDGE_CURVE('',#4769,#4778,#4780,.T.);
#4778 = VERTEX_POINT('',#4779);
#4779 = CARTESIAN_POINT('',(111.6970165326,69.9504139082,53.64182364089)
  );
#4780 = B_SPLINE_CURVE_WITH_KNOTS('',3,(#4781,#4782,#4783,#4784,#4785,
    #4786,#4787,#4788,#4789),.UNSPECIFIED.,.F.,.F.,(4,1,1,1,1,1,4),(0.,
    0.166666666667,0.333333333333,0.5,0.666666666667,0.833333333333,1.),
  .UNSPECIFIED.);
#4781 = CARTESIAN_POINT('',(94.9110768283,56.38014751128,72.03607263736)
  );
#4782 = CARTESIAN_POINT('',(96.4653463389,57.07686058696,71.36360607771)
  );
#4783 = CARTESIAN_POINT('',(99.2375491383,58.53759951206,69.85731211807)
  );
#4784 = CARTESIAN_POINT('',(102.4210029496,60.62597527519,67.47287581792
    ));
#4785 = CARTESIAN_POINT('',(105.0714111209,62.68533943933,64.90329163521
    ));
#4786 = CARTESIAN_POINT('',(107.515323226,64.90925173797,61.8751186319)
  );
#4787 = CARTESIAN_POINT('',(109.8435949725,67.43569047886,58.04880710588
    ));
#4788 = CARTESIAN_POINT('',(111.1190091915,69.11368075749,55.17639427387
    ));
#4789 = CARTESIAN_POINT('',(111.6970165326,69.9504139082,53.64182364089)
  );
#4790 = ORIENTED_EDGE('',*,*,#4791,.T.);
#4791 = EDGE_CURVE('',#4778,#1588,#4792,.T.);
#4792 = B_SPLINE_CURVE_WITH_KNOTS('',3,(#4793,#4794,#4795,#4796,#4797,
    #4798,#4799,#4800,#4801,#4802),.UNSPECIFIED.,.F.,.F.,(4,1,1,1,1,1,1,
    4),(0.,0.142857142857,0.285714285714,0.428571428571,0.571428571429,
    0.714285714286,0.857142857143,1.),.UNSPECIFIED.);
#4793 = CARTESIAN_POINT('',(111.6970165326,69.9504139082,53.64182364089)
  );
#4794 = CARTESIAN_POINT('',(111.8577366387,69.63248139041,52.89874426945
    ));
#4795 = CARTESIAN_POINT('',(112.3440200155,69.06199872402,51.36561716206
    ));
#4796 = CARTESIAN_POINT('',(113.5561516747,68.35912327353,48.89088365076
    ));
#4797 = CARTESIAN_POINT('',(115.0651840369,67.86278659932,46.54870433174
    ));
#4798 = CARTESIAN_POINT('',(116.7849649117,67.54361542753,44.38097377012
    ));
#4799 = CARTESIAN_POINT('',(118.6731771459,67.39634082389,42.42380667782
    ));
#4800 = CARTESIAN_POINT('',(120.7320454626,67.43118279635,40.69639141304
    ));
#4801 = CARTESIAN_POINT('',(122.1748682157,67.59064926984,39.75992701795
    ));
#4802 = CARTESIAN_POINT('',(122.9120008731,67.70940589703,39.35385094274
    ));
#4803 = ORIENTED_EDGE('',*,*,#1585,.F.);
#4804 = ( BOUNDED_SURFACE() B_SPLINE_SURFACE(3,3,(
    (#4805,#4806,#4807,#4808,#4809,#4810,#4811,#4812,#4813,#4814,#4815
      ,#4816)
    ,(#4817,#4818,#4819,#4820,#4821,#4822,#4823,#4824,#4825,#4826,#4827
      ,#4828)
    ,(#4829,#4830,#4831,#4832,#4833,#4834,#4835,#4836,#4837,#4838,#4839
      ,#4840)
    ,(#4841,#4842,#4843,#4844,#4845,#4846,#4847,#4848,#4849,#4850,#4851
,#4852
    )),.UNSPECIFIED.,.F.,.F.,.F.) B_SPLINE_SURFACE_WITH_KNOTS((4,4),(4,1
    ,1,1,1,1,1,1,1,4),(0.,1.),(0.847506314684,0.863185746139,
    0.882464832017,0.903268204049,0.923935041153,0.94267066242,
    0.960144778166,0.978596680946,1.,1.002413389838),.UNSPECIFIED.) 
GEOMETRIC_REPRESENTATION_ITEM() RATIONAL_B_SPLINE_SURFACE((
    (1.275673248301,1.275673248301,1.275673248301,1.275673248301
      ,1.275673248301,1.275673248301,1.275673248301,1.275673248301
      ,1.275673248301,1.275673248301,1.275673248301,1.275673248301)
    ,(0.908108917233,0.908108917233,0.908108917233,0.908108917233
      ,0.908108917233,0.908108917233,0.908108917233,0.908108917233
      ,0.908108917233,0.908108917233,0.908108917233,0.908108917233)
    ,(0.908108917233,0.908108917233,0.908108917233,0.908108917233
      ,0.908108917233,0.908108917233,0.908108917233,0.908108917233
      ,0.908108917233,0.908108917233,0.908108917233,0.908108917233)
    ,(1.275673248301,1.275673248301,1.275673248301,1.275673248301
      ,1.275673248301,1.275673248301,1.275673248301,1.275673248301
      ,1.275673248301,1.275673248301,1.275673248301,1.275673248301
))) REPRESENTATION_ITEM('') SURFACE() );
#4805 = CARTESIAN_POINT('',(114.4468188549,76.52732516287,42.34908292952
    ));
#4806 = CARTESIAN_POINT('',(114.2698507035,75.98748164449,43.78410265166
    ));
#4807 = CARTESIAN_POINT('',(113.7903282061,74.71405246966,46.93380705749
    ));
#4808 = CARTESIAN_POINT('',(112.6825116035,72.45870259953,51.74657247319
    ));
#4809 = CARTESIAN_POINT('',(110.9887693832,69.77412829318,56.66475503953
    ));
#4810 = CARTESIAN_POINT('',(108.7572590519,66.9613612541,61.12956356892)
  );
#4811 = CARTESIAN_POINT('',(106.1231584781,64.26243797607,64.90907400487
    ));
#4812 = CARTESIAN_POINT('',(103.1216693336,61.72200887937,68.10102168946
    ));
#4813 = CARTESIAN_POINT('',(99.5009852713,59.20965144344,70.94359324008)
  );
#4814 = CARTESIAN_POINT('',(96.4714215105,57.56618871491,72.59715515467)
  );
#4815 = CARTESIAN_POINT('',(94.669220457,56.74485293683,73.36726453565)
  );
#4816 = CARTESIAN_POINT('',(94.4856549109,56.66273920754,73.44362531586)
  );
#4817 = CARTESIAN_POINT('',(115.0118433148,69.76159929454,38.69745327441
    ));
#4818 = CARTESIAN_POINT('',(114.6799270826,69.27598661436,40.0080158536)
  );
#4819 = CARTESIAN_POINT('',(113.8639162623,68.14827208391,42.87459285589
    ));
#4820 = CARTESIAN_POINT('',(112.2676015325,66.21577526607,47.21855348922
    ));
#4821 = CARTESIAN_POINT('',(110.1295350146,63.99313278886,51.61395337743
    ));
#4822 = CARTESIAN_POINT('',(107.5785231632,61.73779004534,55.56451003389
    ));
#4823 = CARTESIAN_POINT('',(104.7745463575,59.63201351717,58.88022806932
    ));
#4824 = CARTESIAN_POINT('',(101.7387808842,57.69467090158,61.66152441239
    ));
#4825 = CARTESIAN_POINT('',(98.221286827,55.8196363451,64.12517029966));
#4826 = CARTESIAN_POINT('',(95.3788489755,54.62336211214,65.5495312975)
  );
#4827 = CARTESIAN_POINT('',(93.7160606235,54.03557845952,66.21210221153)
  );
#4828 = CARTESIAN_POINT('',(93.5469571521,53.97693564952,66.27780314017)
  );
#4829 = CARTESIAN_POINT('',(121.6259954113,66.00871639047,37.4335088343)
  );
#4830 = CARTESIAN_POINT('',(121.2022038303,65.36791910396,38.72406460288
    ));
#4831 = CARTESIAN_POINT('',(120.1670586989,63.90013318234,41.54089793171
    ));
#4832 = CARTESIAN_POINT('',(118.1725695644,61.45399967966,45.78525576157
    ));
#4833 = CARTESIAN_POINT('',(115.5458277438,58.71891997499,50.04656149528
    ));
#4834 = CARTESIAN_POINT('',(112.4631154786,56.01415987062,53.84049636343
    ));
#4835 = CARTESIAN_POINT('',(109.1233197329,53.54237528794,56.99136493256
    ));
#4836 = CARTESIAN_POINT('',(105.5499204781,51.30722744333,59.60336462878
    ));
#4837 = CARTESIAN_POINT('',(101.4509094064,49.17732046309,61.88256324296
    ));
#4838 = CARTESIAN_POINT('',(98.1698242755,47.83805179577,63.1661860146)
  );
#4839 = CARTESIAN_POINT('',(96.2587741827,47.18600816453,63.74979928924)
  );
#4840 = CARTESIAN_POINT('',(96.0644985886,47.1210268864,63.80751174445)
  );
#4841 = CARTESIAN_POINT('',(128.5719966934,68.51267148476,39.64980421106
    ));
#4842 = CARTESIAN_POINT('',(128.1988196222,67.64141584729,41.04209740472
    ));
#4843 = CARTESIAN_POINT('',(127.251314068,65.64173048605,44.08556926198)
  );
#4844 = CARTESIAN_POINT('',(125.2931565304,62.28945852945,48.68562301158
    ));
#4845 = CARTESIAN_POINT('',(122.5557997311,58.51052369683,53.31743421063
    ));
#4846 = CARTESIAN_POINT('',(119.1887904285,54.7379813074,57.44776137625)
  );
#4847 = CARTESIAN_POINT('',(115.4103953621,51.25741152581,60.87521942601
    ));
#4848 = CARTESIAN_POINT('',(111.2607359512,48.08098982418,63.70561732927
    ));
#4849 = CARTESIAN_POINT('',(106.3981646256,45.02432704732,66.15428343347
    ));
#4850 = CARTESIAN_POINT('',(102.4318260917,43.07548552107,67.50728490663
    ));
#4851 = CARTESIAN_POINT('',(100.0994374664,42.11691618489,68.10877241714
    ));
#4852 = CARTESIAN_POINT('',(99.8621143556,42.02126602823,68.16807301999)
  );
#4853 = ADVANCED_FACE('',(#4854),#5152,.T.);
#4854 = FACE_BOUND('',#4855,.T.);
#4855 = EDGE_LOOP('',(#4856,#4866,#5003,#5009,#5010,#5011,#5019,#5028,
    #5029,#5030));
#4856 = ORIENTED_EDGE('',*,*,#4857,.T.);
#4857 = EDGE_CURVE('',#4858,#4860,#4862,.T.);
#4858 = VERTEX_POINT('',#4859);
#4859 = CARTESIAN_POINT('',(-3.1348665914,6.25771547247,359.99999983731)
  );
#4860 = VERTEX_POINT('',#4861);
#4861 = CARTESIAN_POINT('',(1.5639102482,25.10349988948,360.));
#4862 = LINE('',#4863,#4864);
#4863 = CARTESIAN_POINT('',(-3.13434918046,6.259698547452,359.9999500443
    ));
#4864 = VECTOR('',#4865,1.);
#4865 = DIRECTION('',(0.241920541808,0.97029606381,2.572295163544E-06));
#4866 = ORIENTED_EDGE('',*,*,#4867,.F.);
#4867 = EDGE_CURVE('',#4868,#4860,#4870,.T.);
#4868 = VERTEX_POINT('',#4869);
#4869 = CARTESIAN_POINT('',(79.982533548033,132.67373133292,
    200.24821674367));
#4870 = B_SPLINE_CURVE_WITH_KNOTS('',14,(#4871,#4872,#4873,#4874,#4875,
    #4876,#4877,#4878,#4879,#4880,#4881,#4882,#4883,#4884,#4885,#4886,
    #4887,#4888,#4889,#4890,#4891,#4892,#4893,#4894,#4895,#4896,#4897,
    #4898,#4899,#4900,#4901,#4902,#4903,#4904,#4905,#4906,#4907,#4908,
    #4909,#4910,#4911,#4912,#4913,#4914,#4915,#4916,#4917,#4918,#4919,
    #4920,#4921,#4922,#4923,#4924,#4925,#4926,#4927,#4928,#4929,#4930,
    #4931,#4932,#4933,#4934,#4935,#4936,#4937,#4938,#4939,#4940,#4941,
    #4942,#4943,#4944,#4945,#4946,#4947,#4948,#4949,#4950,#4951,#4952,
    #4953,#4954,#4955,#4956,#4957,#4958,#4959,#4960,#4961,#4962,#4963,
    #4964,#4965,#4966,#4967,#4968,#4969,#4970,#4971,#4972,#4973,#4974,
    #4975,#4976,#4977,#4978,#4979,#4980,#4981,#4982,#4983,#4984,#4985,
    #4986,#4987,#4988,#4989,#4990,#4991,#4992,#4993,#4994,#4995,#4996,
    #4997,#4998,#4999,#5000,#5001,#5002),.UNSPECIFIED.,.F.,.F.,(15,13,13
    ,13,13,13,13,13,13,13,15),(0.,0.116604509396,0.239086438451,
    0.313989484916,0.385072051768,0.484828820795,0.583888423226,
    0.635380396241,0.743183301302,0.866762589957,1.),.UNSPECIFIED.);
#4871 = CARTESIAN_POINT('',(79.982533549635,132.6737313275,
    200.24821674161));
#4872 = CARTESIAN_POINT('',(79.57953254197,133.47065607686,
    202.1105940262));
#4873 = CARTESIAN_POINT('',(79.158983522055,134.24515859898,
    203.98066227555));
#4874 = CARTESIAN_POINT('',(78.721502234112,134.99649270383,
    205.85736001143));
#4875 = CARTESIAN_POINT('',(78.266886332129,135.72457276521,
    207.74236452677));
#4876 = CARTESIAN_POINT('',(77.79707990065,136.42761102601,
    209.63022392877));
#4877 = CARTESIAN_POINT('',(77.310692233045,137.10648498969,
    211.52659637285));
#4878 = CARTESIAN_POINT('',(76.808910161042,137.76002927747,
    213.42858100578));
#4879 = CARTESIAN_POINT('',(76.293497276942,138.38662683559,
    215.33136724574));
#4880 = CARTESIAN_POINT('',(75.763461881068,138.9868632615,
    217.23932032582));
#4881 = CARTESIAN_POINT('',(75.218568200437,139.56073395844,
    219.15430809079));
#4882 = CARTESIAN_POINT('',(74.661140016383,140.10620694521,
    221.06969748524));
#4883 = CARTESIAN_POINT('',(74.089936359548,140.62409608352,
    222.99071675228));
#4884 = CARTESIAN_POINT('',(73.506117501682,141.11331630121,
    224.91462358273));
#4885 = CARTESIAN_POINT('',(72.283599553777,142.05699253712,
    228.86626071838));
#4886 = CARTESIAN_POINT('',(71.643646550634,142.50843360721,
    230.89422737774));
#4887 = CARTESIAN_POINT('',(70.990458214349,142.92721979237,
    232.92554018441));
#4888 = CARTESIAN_POINT('',(70.324633149706,143.31275576041,
    234.95868268549));
#4889 = CARTESIAN_POINT('',(69.646291266535,143.66431805036,
    236.99596466818));
#4890 = CARTESIAN_POINT('',(68.956394206259,143.98139708961,
    239.03295261317));
#4891 = CARTESIAN_POINT('',(68.255192223801,144.26337632196,
    241.07113170023));
#4892 = CARTESIAN_POINT('',(67.542824532864,144.50958534256,
    243.11270595701));
#4893 = CARTESIAN_POINT('',(66.820160700748,144.71945506928,
    245.15375055298));
#4894 = CARTESIAN_POINT('',(66.087803068018,144.89238678616,
    247.1927173463));
#4895 = CARTESIAN_POINT('',(65.345700146615,145.02772657322,
    249.2335774111));
#4896 = CARTESIAN_POINT('',(64.594868231701,145.12503123571,
    251.27129780154));
#4897 = CARTESIAN_POINT('',(63.83547788222,145.18356588863,
    253.30785904213));
#4898 = CARTESIAN_POINT('',(62.598892393961,145.21473013851,
    256.58546141605));
#4899 = CARTESIAN_POINT('',(62.126664488856,145.21190075458,
    257.82824157038));
#4900 = CARTESIAN_POINT('',(61.651573625485,145.19427769209,
    259.06989220135));
#4901 = CARTESIAN_POINT('',(61.173736923306,145.16175609605,
    260.31023714739));
#4902 = CARTESIAN_POINT('',(60.693271494825,145.1142318535,
    261.54910012279));
#4903 = CARTESIAN_POINT('',(60.210291364041,145.05158846937,
    262.78632155809));
#4904 = CARTESIAN_POINT('',(59.724907502518,144.97369776552,
    264.02175727023));
#4905 = CARTESIAN_POINT('',(59.237230341519,144.88042972051,
    265.2552667592));
#4906 = CARTESIAN_POINT('',(58.74737268231,144.77166541427,
    266.48669619684));
#4907 = CARTESIAN_POINT('',(58.255452663162,144.64730868683,
    267.71586448624));
#4908 = CARTESIAN_POINT('',(57.7615946349,144.50729039654,
    268.94255730559));
#4909 = CARTESIAN_POINT('',(57.26592741871,144.35156072401,
    270.16653718115));
#4910 = CARTESIAN_POINT('',(56.768578165324,144.18006374848,
    271.38757519319));
#4911 = CARTESIAN_POINT('',(55.79619117519,143.81487208942,
    273.76132625557));
#4912 = CARTESIAN_POINT('',(55.321311746083,143.62276572665,
    274.91433488837));
#4913 = CARTESIAN_POINT('',(54.845122811249,143.416316903,
    276.06437005025));
#4914 = CARTESIAN_POINT('',(54.367720779261,143.19543425192,
    277.21128633891));
#4915 = CARTESIAN_POINT('',(53.889202656129,142.96003385667,
    278.35493378015));
#4916 = CARTESIAN_POINT('',(53.409668206614,142.71006031472,
    279.49514575401));
#4917 = CARTESIAN_POINT('',(52.929220080081,142.44548924846,
    280.63173712687));
#4918 = CARTESIAN_POINT('',(52.447963099239,142.16631788627,
    281.76451016741));
#4919 = CARTESIAN_POINT('',(51.966002504427,141.87254922472,
    282.89326312563));
#4920 = CARTESIAN_POINT('',(51.483442686988,141.56417665276,
    284.01779969964));
#4921 = CARTESIAN_POINT('',(51.000386084079,141.24117446423,
    285.13793403776));
#4922 = CARTESIAN_POINT('',(50.516933628318,140.90350101981,
    286.25348922857));
#4923 = CARTESIAN_POINT('',(50.033186771536,140.5511202625,
    287.36428459756));
#4924 = CARTESIAN_POINT('',(48.870101486597,139.66890141732,
    290.0220149348));
#4925 = CARTESIAN_POINT('',(48.190583653151,139.12474344307,
    291.5641420778));
#4926 = CARTESIAN_POINT('',(47.51093277726,138.5518031448,
    293.09602252404));
#4927 = CARTESIAN_POINT('',(46.831481362642,137.949896382,
    294.61703156203));
#4928 = CARTESIAN_POINT('',(46.152422989867,137.31929169922,
    296.12674288454));
#4929 = CARTESIAN_POINT('',(45.474009687789,136.66039948573,
    297.62465855534));
#4930 = CARTESIAN_POINT('',(44.796558674036,135.97302722857,
    299.11017497507));
#4931 = CARTESIAN_POINT('',(44.120355337282,135.25677062239,
    300.5827206229));
#4932 = CARTESIAN_POINT('',(43.445619752905,134.51196557652,
    302.04182635055));
#4933 = CARTESIAN_POINT('',(42.772559031388,133.73959023401,
    303.48705289911));
#4934 = CARTESIAN_POINT('',(42.101411606555,132.93992968962,
    304.91789315834));
#4935 = CARTESIAN_POINT('',(41.432416783448,132.11232981586,
    306.33380693851));
#4936 = CARTESIAN_POINT('',(40.765775575823,131.25787104162,
    307.73435284421));
#4937 = CARTESIAN_POINT('',(39.442322323254,129.50122427907,
    310.49397137286));
#4938 = CARTESIAN_POINT('',(38.785483956691,128.59944813947,
    311.85323861092));
#4939 = CARTESIAN_POINT('',(38.131309855764,127.67163096318,
    313.19660094051));
#4940 = CARTESIAN_POINT('',(37.480163047832,126.7179099447,
    314.52319924331));
#4941 = CARTESIAN_POINT('',(36.832032140586,125.73893460771,
    315.83306365935));
#4942 = CARTESIAN_POINT('',(36.187050318018,124.73512396861,
    317.12590645225));
#4943 = CARTESIAN_POINT('',(35.545570302019,123.70659059881,
    318.40091534166));
#4944 = CARTESIAN_POINT('',(34.907856791327,122.65360203365,
    319.65744370069));
#4945 = CARTESIAN_POINT('',(34.273911637468,121.57682242826,
    320.89542924572));
#4946 = CARTESIAN_POINT('',(33.643671537008,120.47699800182,
    322.11496723488));
#4947 = CARTESIAN_POINT('',(33.017312837315,119.35450351503,
    323.31562309775));
#4948 = CARTESIAN_POINT('',(32.395143843364,118.20952174043,
    324.49665415717));
#4949 = CARTESIAN_POINT('',(31.777060895181,117.04286811635,
    325.65822485863));
#4950 = CARTESIAN_POINT('',(30.844222239539,115.237337248,
    327.39321847877));
#4951 = CARTESIAN_POINT('',(30.526326316982,114.61404172655,
    327.98123694448));
#4952 = CARTESIAN_POINT('',(30.209593170526,113.98505632078,
    328.56384185562));
#4953 = CARTESIAN_POINT('',(29.894030090526,113.35045537783,
    329.14100709274));
#4954 = CARTESIAN_POINT('',(29.579644425977,112.71031348831,
    329.71270618929));
#4955 = CARTESIAN_POINT('',(29.266443609085,112.06470550619,
    330.27891234121));
#4956 = CARTESIAN_POINT('',(28.954435114647,111.41370651512,
    330.83959839085));
#4957 = CARTESIAN_POINT('',(28.643626516942,110.75739187691,
    331.39473685129));
#4958 = CARTESIAN_POINT('',(28.334025422102,110.0958371722,
    331.94429987475));
#4959 = CARTESIAN_POINT('',(28.025639536341,109.42911826212,
    332.48825928708));
#4960 = CARTESIAN_POINT('',(27.718476607645,108.75731123401,
    333.02658655628));
#4961 = CARTESIAN_POINT('',(27.412544467799,108.08049244168,
    333.55925281654));
#4962 = CARTESIAN_POINT('',(27.107851007078,107.39873848053,
    334.08622885288));
#4963 = CARTESIAN_POINT('',(26.169111987811,105.27464392567,
    335.69878022649));
#4964 = CARTESIAN_POINT('',(25.539293699252,103.81587520275,
    336.76498624651));
#4965 = CARTESIAN_POINT('',(24.914864070504,102.33638650536,
    337.80615672291));
#4966 = CARTESIAN_POINT('',(24.296000566023,100.83710244946,
    338.82182099186));
#4967 = CARTESIAN_POINT('',(23.682484769459,99.318366862139,
    339.81228294269));
#4968 = CARTESIAN_POINT('',(23.074264177222,97.780796117373,
    340.77752064249));
#4969 = CARTESIAN_POINT('',(22.471531132577,96.225389252117,
    341.71703220529));
#4970 = CARTESIAN_POINT('',(21.874390298241,94.653019641625,
    342.63048809576));
#4971 = CARTESIAN_POINT('',(21.282666412319,93.064144620924,
    343.51810818282));
#4972 = CARTESIAN_POINT('',(20.696111453012,91.459120490066,
    344.38025419053));
#4973 = CARTESIAN_POINT('',(20.11472835837,89.838689950639,
    345.21679378003));
#4974 = CARTESIAN_POINT('',(19.538658199961,88.203805259518,
    346.0273214445));
#4975 = CARTESIAN_POINT('',(18.967602720447,86.554752258257,
    346.81229237477));
#4976 = CARTESIAN_POINT('',(17.752756944121,82.986634418842,
    348.44183501149));
#4977 = CARTESIAN_POINT('',(17.110545256776,81.063393957194,
    349.27834128611));
#4978 = CARTESIAN_POINT('',(16.474780091309,79.123268477164,
    350.08113911895));
#4979 = CARTESIAN_POINT('',(15.845397034828,77.167560275273,
    350.85023330439));
#4980 = CARTESIAN_POINT('',(15.22214767535,75.196639563039,
    351.58581943129));
#4981 = CARTESIAN_POINT('',(14.604853665596,73.211244762489,
    352.28801849216));
#4982 = CARTESIAN_POINT('',(13.993437680242,71.212663562461,
    352.95684942433));
#4983 = CARTESIAN_POINT('',(13.387772850986,69.201967464032,
    353.59238870172));
#4984 = CARTESIAN_POINT('',(12.78760696655,67.179591202579,
    354.19484948189));
#4985 = CARTESIAN_POINT('',(12.192672255989,65.145848752737,
    354.76446509258));
#4986 = CARTESIAN_POINT('',(11.60283702314,63.101697838177,
    355.30133143033));
#4987 = CARTESIAN_POINT('',(11.018035213241,61.048440827154,
    355.80548374469));
#4988 = CARTESIAN_POINT('',(10.437975043364,58.986319680683,
    356.27720334438));
#4989 = CARTESIAN_POINT('',(9.242096806208,54.684631440714,
    357.19034703798));
#4990 = CARTESIAN_POINT('',(8.626993802917,52.443686221602,
    357.6265466654));
#4991 = CARTESIAN_POINT('',(8.017228991768,50.194940108003,
    358.02519611474));
#4992 = CARTESIAN_POINT('',(7.410745731229,47.93466293968,
    358.38754277213));
#4993 = CARTESIAN_POINT('',(6.813956627909,45.680212038751,
    358.70974759333));
#4994 = CARTESIAN_POINT('',(6.208651720139,43.387681875524,
    359.00279219456));
#4995 = CARTESIAN_POINT('',(5.629547637014,41.144886068077,
    359.24582777373));
#4996 = CARTESIAN_POINT('',(5.025988357338,38.827193736765,
    359.46937037333));
#4997 = CARTESIAN_POINT('',(4.450254713026,36.566145870948,
    359.64202257125));
#4998 = CARTESIAN_POINT('',(3.862694093423,34.26450798867,
    359.78769708385));
#4999 = CARTESIAN_POINT('',(3.285045692642,31.977829498414,
    359.89338505466));
#5000 = CARTESIAN_POINT('',(2.708280142072,29.685094643428,
    359.96459394397));
#5001 = CARTESIAN_POINT('',(2.134775932452,27.393680979079,
    359.99997685352));
#5002 = CARTESIAN_POINT('',(1.563910248166,25.10349988948,
    360.00000000003));
#5003 = ORIENTED_EDGE('',*,*,#5004,.T.);
#5004 = EDGE_CURVE('',#4868,#4778,#5005,.T.);
#5005 = LINE('',#5006,#5007);
#5006 = CARTESIAN_POINT('',(79.9825335582,132.6737313138,200.2482167015)
  );
#5007 = VECTOR('',#5008,1.);
#5008 = DIRECTION('',(0.195065582834,-0.385790948473,-0.901728763249));
#5009 = ORIENTED_EDGE('',*,*,#4791,.T.);
#5010 = ORIENTED_EDGE('',*,*,#1606,.T.);
#5011 = ORIENTED_EDGE('',*,*,#5012,.T.);
#5012 = EDGE_CURVE('',#1607,#5013,#5015,.T.);
#5013 = VERTEX_POINT('',#5014);
#5014 = CARTESIAN_POINT('',(112.290482938,68.77637149057,50.89786171131)
  );
#5015 = LINE('',#5016,#5017);
#5016 = CARTESIAN_POINT('',(113.7433631018,65.90089137849,44.17786923118
    ));
#5017 = VECTOR('',#5018,1.);
#5018 = DIRECTION('',(-0.194955931493,0.385848687118,0.901727772349));
#5019 = ORIENTED_EDGE('',*,*,#5020,.T.);
#5020 = EDGE_CURVE('',#5013,#2304,#5021,.T.);
#5021 = B_SPLINE_CURVE_WITH_KNOTS('',3,(#5022,#5023,#5024,#5025,#5026,
    #5027),.UNSPECIFIED.,.F.,.F.,(4,1,1,4),(0.,0.333333333333,
    0.666666666667,1.),.UNSPECIFIED.);
#5022 = CARTESIAN_POINT('',(112.290482938,68.77637149057,50.89786171131)
  );
#5023 = CARTESIAN_POINT('',(111.1556479004,68.47536237573,51.46494592158
    ));
#5024 = CARTESIAN_POINT('',(108.9394059984,67.8569473626,52.55057188153)
  );
#5025 = CARTESIAN_POINT('',(105.8571502773,66.92247220223,54.00532801374
    ));
#5026 = CARTESIAN_POINT('',(103.798936544,66.25155716175,54.9406854413)
  );
#5027 = CARTESIAN_POINT('',(102.7825310137,65.90872443334,55.39337828327
    ));
#5028 = ORIENTED_EDGE('',*,*,#2312,.T.);
#5029 = ORIENTED_EDGE('',*,*,#2534,.F.);
#5030 = ORIENTED_EDGE('',*,*,#5031,.T.);
#5031 = EDGE_CURVE('',#2526,#4858,#5032,.T.);
#5032 = B_SPLINE_CURVE_WITH_KNOTS('',14,(#5033,#5034,#5035,#5036,#5037,
    #5038,#5039,#5040,#5041,#5042,#5043,#5044,#5045,#5046,#5047,#5048,
    #5049,#5050,#5051,#5052,#5053,#5054,#5055,#5056,#5057,#5058,#5059,
    #5060,#5061,#5062,#5063,#5064,#5065,#5066,#5067,#5068,#5069,#5070,
    #5071,#5072,#5073,#5074,#5075,#5076,#5077,#5078,#5079,#5080,#5081,
    #5082,#5083,#5084,#5085,#5086,#5087,#5088,#5089,#5090,#5091,#5092,
    #5093,#5094,#5095,#5096,#5097,#5098,#5099,#5100,#5101,#5102,#5103,
    #5104,#5105,#5106,#5107,#5108,#5109,#5110,#5111,#5112,#5113,#5114,
    #5115,#5116,#5117,#5118,#5119,#5120,#5121,#5122,#5123,#5124,#5125,
    #5126,#5127,#5128,#5129,#5130,#5131,#5132,#5133,#5134,#5135,#5136,
    #5137,#5138,#5139,#5140,#5141,#5142,#5143,#5144,#5145,#5146,#5147,
    #5148,#5149,#5150,#5151),.UNSPECIFIED.,.F.,.F.,(15,13,13,13,13,13,13
    ,13,13,15),(0.,0.142418164073,0.215735317137,0.349294124395,
    0.474761191843,0.604730725957,0.675273226242,0.751243464678,
    0.916608765229,1.),.UNSPECIFIED.);
#5033 = CARTESIAN_POINT('',(-73.22842145972,-106.6657074877,
    190.37408176516));
#5034 = CARTESIAN_POINT('',(-72.92093151824,-107.7942796798,
    192.75512656259));
#5035 = CARTESIAN_POINT('',(-72.58328443968,-108.8867223782,
    195.1504012852));
#5036 = CARTESIAN_POINT('',(-72.2163571823,-109.9417757006,
    197.55927639328));
#5037 = CARTESIAN_POINT('',(-71.82102665492,-110.9581798961,
    199.98112235633));
#5038 = CARTESIAN_POINT('',(-71.3981689993,-111.934677212,
    202.41530962283));
#5039 = CARTESIAN_POINT('',(-70.94865885856,-112.8700138199,
    204.86120867955));
#5040 = CARTESIAN_POINT('',(-70.47336866973,-113.7629416383,
    207.31818995594));
#5041 = CARTESIAN_POINT('',(-69.97316792144,-114.6122203063,
    209.785623953));
#5042 = CARTESIAN_POINT('',(-69.44892245431,-115.4166189707,
    212.2628810967));
#5043 = CARTESIAN_POINT('',(-68.90149371664,-116.1749182694,
    214.74933187931));
#5044 = CARTESIAN_POINT('',(-68.33173806017,-116.8859121383,
    217.24434674381));
#5045 = CARTESIAN_POINT('',(-67.74050600516,-117.5484097535,
    219.74729616375));
#5046 = CARTESIAN_POINT('',(-67.12864152538,-118.1612373859,
    222.25755059719));
#5047 = CARTESIAN_POINT('',(-66.1718013982,-119.0125605182,
    226.07020101378));
#5048 = CARTESIAN_POINT('',(-65.84137484973,-119.2884120015,
    227.36769066179));
#5049 = CARTESIAN_POINT('',(-65.50582452697,-119.5506165198,
    228.66681272508));
#5050 = CARTESIAN_POINT('',(-65.16527247175,-119.7989979509,
    229.96743048319));
#5051 = CARTESIAN_POINT('',(-64.81983992088,-120.0333822754,
    231.26940719922));
#5052 = CARTESIAN_POINT('',(-64.46964729949,-120.2535975942,
    232.57260616699));
#5053 = CARTESIAN_POINT('',(-64.11481423206,-120.459474099,
    233.87689063404));
#5054 = CARTESIAN_POINT('',(-63.75545952741,-120.650844112,
    235.18212390532));
#5055 = CARTESIAN_POINT('',(-63.39170119583,-120.827542042,
    236.48816922645));
#5056 = CARTESIAN_POINT('',(-63.02365643253,-120.989404425,
    237.79488989447));
#5057 = CARTESIAN_POINT('',(-62.65144163121,-121.1362698927,
    239.10214916894));
#5058 = CARTESIAN_POINT('',(-62.27517237463,-121.267979193,
    240.40981033237));
#5059 = CARTESIAN_POINT('',(-61.89496344013,-121.3843751787,
    241.71773665554));
#5060 = CARTESIAN_POINT('',(-60.81134886587,-121.6691584845,
    245.4086203442));
#5061 = CARTESIAN_POINT('',(-60.09909107854,-121.8017000821,
    247.79183653139));
#5062 = CARTESIAN_POINT('',(-59.37480001778,-121.8818905819,
    250.1745951237));
#5063 = CARTESIAN_POINT('',(-58.63974956763,-121.9091528315,
    252.55474018069));
#5064 = CARTESIAN_POINT('',(-57.89389937581,-121.8822294713,
    254.93267921648));
#5065 = CARTESIAN_POINT('',(-57.13816641768,-121.7999533659,
    257.30720500583));
#5066 = CARTESIAN_POINT('',(-56.37506988089,-121.6636112781,
    259.67297268408));
#5067 = CARTESIAN_POINT('',(-55.60225870961,-121.469674216,
    262.03556718345));
#5068 = CARTESIAN_POINT('',(-54.82112490806,-121.2177546612,
    264.39252213477));
#5069 = CARTESIAN_POINT('',(-54.03609338326,-120.9109189303,
    266.73428109289));
#5070 = CARTESIAN_POINT('',(-53.24295371798,-120.5441579545,
    269.07037844627));
#5071 = CARTESIAN_POINT('',(-52.44588781301,-120.1201846706,
    271.39187361718));
#5072 = CARTESIAN_POINT('',(-51.64419012887,-119.6374509551,
    273.70043820988));
#5073 = CARTESIAN_POINT('',(-50.08240473525,-118.5874346217,
    278.14837297245));
#5074 = CARTESIAN_POINT('',(-49.32269800062,-118.0269828213,
    280.28956695284));
#5075 = CARTESIAN_POINT('',(-48.56047829368,-117.414858713,
    282.41635626081));
#5076 = CARTESIAN_POINT('',(-47.79629195022,-116.7506212522,
    284.52706956107));
#5077 = CARTESIAN_POINT('',(-47.0308287202,-116.0348030804,
    286.62079563554));
#5078 = CARTESIAN_POINT('',(-46.26469689876,-115.2676972593,
    288.69636827698));
#5079 = CARTESIAN_POINT('',(-45.49838226861,-114.4491372038,
    290.75218168453));
#5080 = CARTESIAN_POINT('',(-44.7323753293,-113.5791870171,
    292.78676712124));
#5081 = CARTESIAN_POINT('',(-43.96725032759,-112.6585710647,294.79915135
    ));
#5082 = CARTESIAN_POINT('',(-43.20358827156,-111.6882595756,
    296.78850976443));
#5083 = CARTESIAN_POINT('',(-42.44184904847,-110.6687772679,
    298.75358818216));
#5084 = CARTESIAN_POINT('',(-41.68240869026,-109.6004034099,
    300.69287058821));
#5085 = CARTESIAN_POINT('',(-40.92578138345,-108.4843703026,
    302.60558169589));
#5086 = CARTESIAN_POINT('',(-39.39185242044,-106.1165561948,
    306.44286780851));
#5087 = CARTESIAN_POINT('',(-38.61480344564,-104.8613910488,
    308.36536886543));
#5088 = CARTESIAN_POINT('',(-37.84142394829,-103.5566350541,
    310.25774107264));
#5089 = CARTESIAN_POINT('',(-37.07312259524,-102.2045115331,
    312.11436322016));
#5090 = CARTESIAN_POINT('',(-36.3062921062,-100.8017832576,
    313.95216015777));
#5091 = CARTESIAN_POINT('',(-35.5520135066,-99.36125094845,
    315.72197663588));
#5092 = CARTESIAN_POINT('',(-34.7892752108,-97.86164722175,
    317.51785418861));
#5093 = CARTESIAN_POINT('',(-34.04943533393,-96.3364555075,
    319.20118483148));
#5094 = CARTESIAN_POINT('',(-33.29987412939,-94.75377960845,
    320.9157481102));
#5095 = CARTESIAN_POINT('',(-32.5657087952,-93.1397750891,
    322.55163655727));
#5096 = CARTESIAN_POINT('',(-31.83310003148,-91.48212663329,
    324.16926353674));
#5097 = CARTESIAN_POINT('',(-31.10787100024,-89.78777748923,
    325.74326949005));
#5098 = CARTESIAN_POINT('',(-30.38847696676,-88.05661184545,
    327.28024429702));
#5099 = CARTESIAN_POINT('',(-29.28822114351,-85.33179193702,
    329.59145183793));
#5100 = CARTESIAN_POINT('',(-28.9029630035,-84.36284031682,
    330.39314390445));
#5101 = CARTESIAN_POINT('',(-28.51952545194,-83.3837680539,
    331.18339277772));
#5102 = CARTESIAN_POINT('',(-28.13790353298,-82.39478414019,
    331.962173324));
#5103 = CARTESIAN_POINT('',(-27.75809161259,-81.39609936097,
    332.72946032593));
#5104 = CARTESIAN_POINT('',(-27.38008333478,-80.3879263462,
    333.48522872316));
#5105 = CARTESIAN_POINT('',(-27.00387169356,-79.37047948573,
    334.2294532156));
#5106 = CARTESIAN_POINT('',(-26.62944893482,-78.34397504561,
    334.96210880729));
#5107 = CARTESIAN_POINT('',(-26.25680666888,-77.30863103373,
    335.68317017816));
#5108 = CARTESIAN_POINT('',(-25.88593576109,-76.26466733145,
    336.39261229971));
#5109 = CARTESIAN_POINT('',(-25.51682642215,-75.21230558402,
    337.0904099221));
#5110 = CARTESIAN_POINT('',(-25.14946814494,-74.15176927786,
    337.77653793636));
#5111 = CARTESIAN_POINT('',(-24.78384974161,-73.08328369483,
    338.45097115955));
#5112 = CARTESIAN_POINT('',(-24.0280701588,-70.8480617256,339.8273887414
    ));
#5113 = CARTESIAN_POINT('',(-23.63818556853,-69.68009012411,
    340.52750018255));
#5114 = CARTESIAN_POINT('',(-23.25027197574,-68.50339394602,
    341.21403705893));
#5115 = CARTESIAN_POINT('',(-22.86429561211,-67.31820650234,
    341.88701765891));
#5116 = CARTESIAN_POINT('',(-22.48022251758,-66.12476160386,
    342.54646028555));
#5117 = CARTESIAN_POINT('',(-22.09801854421,-64.92329355282,
    343.1923832173));
#5118 = CARTESIAN_POINT('',(-21.71764935137,-63.71403715544,
    343.82480476761));
#5119 = CARTESIAN_POINT('',(-21.33908041054,-62.49722770565,
    344.44374320757));
#5120 = CARTESIAN_POINT('',(-20.9622770016,-61.27310100327,
    345.04921685192));
#5121 = CARTESIAN_POINT('',(-20.58720421487,-60.04189333657,
    345.64124397714));
#5122 = CARTESIAN_POINT('',(-20.21382695055,-58.80384149662,
    346.21984288817));
#5123 = CARTESIAN_POINT('',(-19.84210991849,-57.55918276719,
    346.78503187208));
#5124 = CARTESIAN_POINT('',(-19.47201763854,-56.30815493077,
    347.33682922531));
#5125 = CARTESIAN_POINT('',(-18.30138924806,-52.31452439468,
    349.04724704852));
#5126 = CARTESIAN_POINT('',(-17.50681084217,-49.54906819788,
    350.15588711829));
#5127 = CARTESIAN_POINT('',(-16.71908471967,-46.75585612422,
    351.20146653572));
#5128 = CARTESIAN_POINT('',(-15.93886220452,-43.94143387398,
    352.1850911766));
#5129 = CARTESIAN_POINT('',(-15.16137622775,-41.09084022313,
    353.10458545198));
#5130 = CARTESIAN_POINT('',(-14.39741047838,-38.25070222934,
    353.96717897203));
#5131 = CARTESIAN_POINT('',(-13.62474485923,-35.33693441658,
    354.76014028166));
#5132 = CARTESIAN_POINT('',(-12.87378877966,-32.47367536253,
    355.50254887752));
#5133 = CARTESIAN_POINT('',(-12.11217348818,-29.53679139519,
    356.17554872504));
#5134 = CARTESIAN_POINT('',(-11.36306802282,-26.62155973686,
    356.79382318247));
#5135 = CARTESIAN_POINT('',(-10.61289240846,-23.67810450274,
    357.34986552962));
#5136 = CARTESIAN_POINT('',(-9.866337955024,-20.72862352646,
    357.84719300985));
#5137 = CARTESIAN_POINT('',(-9.121381649529,-17.7687904044,
    358.28526822722));
#5138 = CARTESIAN_POINT('',(-8.002763261956,-13.30465928389,
    358.85590918107));
#5139 = CARTESIAN_POINT('',(-7.628099567723,-11.80613629072,
    359.03226715083));
#5140 = CARTESIAN_POINT('',(-7.253700852508,-10.30580520559,
    359.19373168206));
#5141 = CARTESIAN_POINT('',(-6.879499108661,-8.803858839198,
    359.3403486694));
#5142 = CARTESIAN_POINT('',(-6.505426703152,-7.300489021767,
    359.47216400203));
#5143 = CARTESIAN_POINT('',(-6.131416379801,-5.795886602852,
    359.58922357948));
#5144 = CARTESIAN_POINT('',(-5.757401255728,-4.290241451471,
    359.6915732854));
#5145 = CARTESIAN_POINT('',(-5.383314826104,-2.783742456081,
    359.77925902377));
#5146 = CARTESIAN_POINT('',(-5.009090958798,-1.276577524471,
    359.85232667654));
#5147 = CARTESIAN_POINT('',(-4.63466389943,0.231066416021,
    359.91082214599));
#5148 = CARTESIAN_POINT('',(-4.259968267421,1.739003418772,
    359.95479131842));
#5149 = CARTESIAN_POINT('',(-3.884939058499,3.247048517633,
    359.98428009076));
#5150 = CARTESIAN_POINT('',(-3.509511643449,4.755017727104,
    359.99933435405));
#5151 = CARTESIAN_POINT('',(-3.13362176858,6.262728042232,
    360.00000000197));
#5152 = B_SPLINE_SURFACE_WITH_KNOTS('',3,3,(
    (#5153,#5154,#5155,#5156)
    ,(#5157,#5158,#5159,#5160)
    ,(#5161,#5162,#5163,#5164)
    ,(#5165,#5166,#5167,#5168)
    ,(#5169,#5170,#5171,#5172)
    ,(#5173,#5174,#5175,#5176
    )),.UNSPECIFIED.,.F.,.F.,.F.,(4,1,1,4),(4,4),(-5.993954722338E-02,0.
    ,1.,1.020784851358),(9.150265303445E-02,1.017813679882),
  .UNSPECIFIED.);
#5153 = CARTESIAN_POINT('',(128.7444391997,66.67432221461,32.9409550924)
  );
#5154 = CARTESIAN_POINT('',(102.3981278128,120.2414174025,144.0982783142
    ));
#5155 = CARTESIAN_POINT('',(76.051816426,173.8085125904,255.2556015359)
  );
#5156 = CARTESIAN_POINT('',(49.7055050391,227.3756077783,366.4129247577)
  );
#5157 = CARTESIAN_POINT('',(124.5543761555,64.8140086817,32.9409550924)
  );
#5158 = CARTESIAN_POINT('',(98.9750266608,116.3778356898,144.0982783142)
  );
#5159 = CARTESIAN_POINT('',(73.3956771661,167.9416626978,255.2556015359)
  );
#5160 = CARTESIAN_POINT('',(47.8163276714,219.5054897059,366.4129247577)
  );
#5161 = CARTESIAN_POINT('',(50.459496703,31.91719889403,32.9409550924));
#5162 = CARTESIAN_POINT('',(38.4426994532,48.05628104033,144.0982783142)
  );
#5163 = CARTESIAN_POINT('',(26.4259022033,64.19536318664,255.2556015359)
  );
#5164 = CARTESIAN_POINT('',(14.4091049535,80.33444533295,366.4129247577)
  );
#5165 = CARTESIAN_POINT('',(-25.08834396775,-1.62469985499,32.9409550924
    ));
#5166 = CARTESIAN_POINT('',(-23.27663452921,-21.60502299545,
    144.0982783142));
#5167 = CARTESIAN_POINT('',(-21.46492509067,-41.5853461359,
    255.2556015359));
#5168 = CARTESIAN_POINT('',(-19.65321565213,-61.56566927636,
    366.4129247577));
#5169 = CARTESIAN_POINT('',(-96.44612159426,-33.30628507109,
    32.9409550924));
#5170 = CARTESIAN_POINT('',(-81.57286735954,-87.40274531846,
    144.0982783142));
#5171 = CARTESIAN_POINT('',(-66.69961312482,-141.4992055658,
    255.2556015359));
#5172 = CARTESIAN_POINT('',(-51.8263588901,-195.5956658132,
    366.4129247577));
#5173 = CARTESIAN_POINT('',(-97.89908281253,-33.95137403243,
    32.9409550924));
#5174 = CARTESIAN_POINT('',(-82.7598741343,-88.74249470481,
    144.0982783142));
#5175 = CARTESIAN_POINT('',(-67.62066545606,-143.5336153772,
    255.2556015359));
#5176 = CARTESIAN_POINT('',(-52.48145677781,-198.3247360496,
    366.4129247577));
#5177 = ADVANCED_FACE('',(#5178),#5193,.T.);
#5178 = FACE_BOUND('',#5179,.T.);
#5179 = EDGE_LOOP('',(#5180,#5181,#5192));
#5180 = ORIENTED_EDGE('',*,*,#1616,.T.);
#5181 = ORIENTED_EDGE('',*,*,#5182,.T.);
#5182 = EDGE_CURVE('',#1617,#5013,#5183,.T.);
#5183 = B_SPLINE_CURVE_WITH_KNOTS('',3,(#5184,#5185,#5186,#5187,#5188,
    #5189,#5190,#5191),.UNSPECIFIED.,.F.,.F.,(4,1,1,1,1,4),(0.,0.2,0.4,
    0.6,0.8,1.),.QUASI_UNIFORM_KNOTS.);
#5184 = CARTESIAN_POINT('',(116.0071371793,69.91074658464,37.06803314995
    ));
#5185 = CARTESIAN_POINT('',(115.7786499977,69.40866039358,38.063021321)
  );
#5186 = CARTESIAN_POINT('',(115.2514548422,68.61864222097,40.08275222092
    ));
#5187 = CARTESIAN_POINT('',(114.3637998577,67.93864964451,43.16135626545
    ));
#5188 = CARTESIAN_POINT('',(113.5349828145,67.75012825391,46.00680270824
    ));
#5189 = CARTESIAN_POINT('',(112.8120276781,68.00677605651,48.64616656004
    ));
#5190 = CARTESIAN_POINT('',(112.4437901666,68.4730481662,50.18895420065)
  );
#5191 = CARTESIAN_POINT('',(112.290482938,68.77637149057,50.89786171131)
  );
#5192 = ORIENTED_EDGE('',*,*,#5012,.F.);
#5193 = ( BOUNDED_SURFACE() B_SPLINE_SURFACE(3,3,(
    (#5194,#5195,#5196,#5197,#5198)
    ,(#5199,#5200,#5201,#5202,#5203)
    ,(#5204,#5205,#5206,#5207,#5208)
    ,(#5209,#5210,#5211,#5212,#5213
)),.UNSPECIFIED.,.F.,.F.,.F.) B_SPLINE_SURFACE_WITH_KNOTS((4,4),(4,1,4),
  (0.,1.),(0.226250418836,0.236193808587,0.246318561206),.UNSPECIFIED.) 
GEOMETRIC_REPRESENTATION_ITEM() RATIONAL_B_SPLINE_SURFACE((
    (1.00627750404,1.00627750404,1.00627750404,1.00627750404
      ,1.00627750404)
    ,(0.997907498653,0.997907498653,0.997907498653,0.997907498653
      ,0.997907498653)
    ,(0.997907498653,0.997907498653,0.997907498653,0.997907498653
      ,0.997907498653)
    ,(1.00627750404,1.00627750404,1.00627750404,1.00627750404
,1.00627750404))) REPRESENTATION_ITEM('') SURFACE() );
#5194 = CARTESIAN_POINT('',(113.0090068601,76.812528807,49.126560328));
#5195 = CARTESIAN_POINT('',(113.5383283112,75.83632262392,46.97462293269
    ));
#5196 = CARTESIAN_POINT('',(114.6044294019,73.86258818035,42.63189683301
    ));
#5197 = CARTESIAN_POINT('',(115.6655269027,71.88186129273,38.28975709629
    ));
#5198 = CARTESIAN_POINT('',(116.1995456153,70.88092009261,36.09915759703
    ));
#5199 = CARTESIAN_POINT('',(113.1044472064,73.80233131846,50.1346643852)
  );
#5200 = CARTESIAN_POINT('',(113.6070316416,72.82364863915,47.97784303163
    ));
#5201 = CARTESIAN_POINT('',(114.6189092808,70.84560755816,43.62500420127
    ));
#5202 = CARTESIAN_POINT('',(115.6253234321,68.86204279062,39.27223250079
    ));
#5203 = CARTESIAN_POINT('',(116.131668945,67.86003969923,37.07614575874)
  );
#5204 = CARTESIAN_POINT('',(112.7106863617,70.78134611279,51.03203362646
    ));
#5205 = CARTESIAN_POINT('',(113.1868053915,69.80419782448,48.8687421511)
  );
#5206 = CARTESIAN_POINT('',(114.1451244663,67.82998365378,44.50260528909
    ));
#5207 = CARTESIAN_POINT('',(115.0977654497,65.85178181472,40.13605507236
    ));
#5208 = CARTESIAN_POINT('',(115.5769579608,64.8528663482,37.93290476619)
  );
#5209 = CARTESIAN_POINT('',(111.8375499865,67.82495695542,51.79627566394
    ));
#5210 = CARTESIAN_POINT('',(112.2881356224,66.85331565714,49.62508935461
    ));
#5211 = CARTESIAN_POINT('',(113.1948974869,64.89096645009,45.24280099072
    ));
#5212 = CARTESIAN_POINT('',(114.0960173058,62.92619452477,40.85966952566
    ));
#5213 = CARTESIAN_POINT('',(114.5492545721,61.9344391526,38.64805559378)
  );
#5214 = ADVANCED_FACE('',(#5215),#5221,.F.);
#5215 = FACE_BOUND('',#5216,.F.);
#5216 = EDGE_LOOP('',(#5217,#5218,#5219,#5220));
#5217 = ORIENTED_EDGE('',*,*,#1626,.F.);
#5218 = ORIENTED_EDGE('',*,*,#5182,.T.);
#5219 = ORIENTED_EDGE('',*,*,#5020,.T.);
#5220 = ORIENTED_EDGE('',*,*,#2303,.T.);
#5221 = ( BOUNDED_SURFACE() B_SPLINE_SURFACE(3,3,(
    (#5222,#5223,#5224,#5225,#5226,#5227,#5228,#5229,#5230)
    ,(#5231,#5232,#5233,#5234,#5235,#5236,#5237,#5238,#5239)
    ,(#5240,#5241,#5242,#5243,#5244,#5245,#5246,#5247,#5248)
    ,(#5249,#5250,#5251,#5252,#5253,#5254,#5255,#5256,#5257
)),.UNSPECIFIED.,.F.,.F.,.F.) B_SPLINE_SURFACE_WITH_KNOTS((4,4),(4,1,1,1
    ,1,1,4),(0.,1.),(-1.496597918557E-03,0.,1.032172926377E-02,
    2.098281915404E-02,3.293170770249E-02,4.660910198523E-02,
4.70612871274E-02),.UNSPECIFIED.) GEOMETRIC_REPRESENTATION_ITEM() 
RATIONAL_B_SPLINE_SURFACE((
    (1.131062418892,1.131062418892,1.131062418892,1.131062418892
      ,1.131062418892,1.131062418892,1.131062418892,1.131062418892
      ,1.131062418892)
    ,(0.956312527036,0.956312527036,0.956312527036,0.956312527036
      ,0.956312527036,0.956312527036,0.956312527036,0.956312527036
      ,0.956312527036)
    ,(0.956312527036,0.956312527036,0.956312527036,0.956312527036
      ,0.956312527036,0.956312527036,0.956312527036,0.956312527036
      ,0.956312527036)
    ,(1.131062418892,1.131062418892,1.131062418892,1.131062418892
      ,1.131062418892,1.131062418892,1.131062418892,1.131062418892
,1.131062418892))) REPRESENTATION_ITEM('') SURFACE() );
#5222 = CARTESIAN_POINT('',(102.4290150125,66.4588409478,56.6801317589)
  );
#5223 = CARTESIAN_POINT('',(102.6253316332,66.52695774647,56.59361603958
    ));
#5224 = CARTESIAN_POINT('',(104.1755797475,67.06163316824,55.90793668735
    ));
#5225 = CARTESIAN_POINT('',(107.1237742201,68.02995684319,54.56668978911
    ));
#5226 = CARTESIAN_POINT('',(111.438942112,69.31872587853,52.51000222848)
  );
#5227 = CARTESIAN_POINT('',(116.1868133506,70.58148961789,50.1394874292)
  );
#5228 = CARTESIAN_POINT('',(119.5905025823,71.35816658293,48.35502204869
    ));
#5229 = CARTESIAN_POINT('',(121.4311008697,71.73909972015,47.36525332258
    ));
#5230 = CARTESIAN_POINT('',(121.4900013639,71.75124974851,47.33355457042
    ));
#5231 = CARTESIAN_POINT('',(101.6789306763,63.29177600016,52.82208517509
    ));
#5232 = CARTESIAN_POINT('',(101.8701607144,63.3556449919,52.74004541469)
  );
#5233 = CARTESIAN_POINT('',(103.3802443332,63.85689462164,52.08981044785
    ));
#5234 = CARTESIAN_POINT('',(106.2520879111,64.76341577439,50.81746072841
    ));
#5235 = CARTESIAN_POINT('',(110.4554678891,65.966277346,48.86552193954)
  );
#5236 = CARTESIAN_POINT('',(115.0801502875,67.13987420074,46.61498569633
    ));
#5237 = CARTESIAN_POINT('',(118.3952326572,67.85695046345,44.92051401838
    ));
#5238 = CARTESIAN_POINT('',(120.1877788114,68.20693476416,43.98066808755
    ));
#5239 = CARTESIAN_POINT('',(120.2451414601,68.21809572263,43.95056819507
    ));
#5240 = CARTESIAN_POINT('',(99.5755294734,63.1980488372,48.23467098861)
  );
#5241 = CARTESIAN_POINT('',(99.7637496663,63.25786940226,48.15409400615)
  );
#5242 = CARTESIAN_POINT('',(101.2500737153,63.72721058804,47.51547638868
    ));
#5243 = CARTESIAN_POINT('',(104.0768345134,64.57394651258,46.2662187408)
  );
#5244 = CARTESIAN_POINT('',(108.2141148167,65.6914341517,44.35078775357)
  );
#5245 = CARTESIAN_POINT('',(112.7654622358,66.77340284328,42.14382947081
    ));
#5246 = CARTESIAN_POINT('',(116.0270379817,67.4264893874,40.48360732811)
  );
#5247 = CARTESIAN_POINT('',(117.7902163076,67.74232660638,39.56328355292
    ));
#5248 = CARTESIAN_POINT('',(117.8466387136,67.75239530341,39.53380941667
    ));
#5249 = CARTESIAN_POINT('',(97.0937420351,66.22110218492,45.04416477789)
  );
#5250 = CARTESIAN_POINT('',(97.2824241895,66.27895015737,44.96135939188)
  );
#5251 = CARTESIAN_POINT('',(98.7724062022,66.73268987435,44.30514742328)
  );
#5252 = CARTESIAN_POINT('',(101.6062482932,67.54936843659,43.02247351873
    ));
#5253 = CARTESIAN_POINT('',(105.7537544916,68.62158666158,41.05838792453
    ));
#5254 = CARTESIAN_POINT('',(110.3156117005,69.65193574689,38.79840853545
    ));
#5255 = CARTESIAN_POINT('',(113.583581487,70.2663029177,37.10081703314)
  );
#5256 = CARTESIAN_POINT('',(115.3496883364,70.56062204989,36.16056621608
    ));
#5257 = CARTESIAN_POINT('',(115.4062039068,70.57000155926,36.13045469334
    ));
#5258 = ADVANCED_FACE('',(#5259),#5281,.F.);
#5259 = FACE_BOUND('',#5260,.F.);
#5260 = EDGE_LOOP('',(#5261,#5272,#5279,#5280));
#5261 = ORIENTED_EDGE('',*,*,#5262,.T.);
#5262 = EDGE_CURVE('',#2134,#5263,#5265,.T.);
#5263 = VERTEX_POINT('',#5264);
#5264 = CARTESIAN_POINT('',(94.9110768283,72.03607263736,-56.38014751128
    ));
#5265 = B_SPLINE_CURVE_WITH_KNOTS('',3,(#5266,#5267,#5268,#5269,#5270,
    #5271),.UNSPECIFIED.,.F.,.F.,(4,1,1,4),(0.,0.333333333333,
    0.666666666667,1.),.UNSPECIFIED.);
#5266 = CARTESIAN_POINT('',(93.1794910436,72.65271423806,-55.53286961079
    ));
#5267 = CARTESIAN_POINT('',(93.3739209107,72.58479099606,-55.62901030061
    ));
#5268 = CARTESIAN_POINT('',(93.7585528028,72.44886625552,-55.81840502052
    ));
#5269 = CARTESIAN_POINT('',(94.3365194683,72.24516778164,-56.10027996632
    ));
#5270 = CARTESIAN_POINT('',(94.7193892298,72.10589448585,-56.28790978244
    ));
#5271 = CARTESIAN_POINT('',(94.9110768283,72.03607263736,-56.38014751128
    ));
#5272 = ORIENTED_EDGE('',*,*,#5273,.F.);
#5273 = EDGE_CURVE('',#1636,#5263,#5274,.T.);
#5274 = CIRCLE('',#5275,9.999999410124);
#5275 = AXIS2_PLACEMENT_3D('',#5276,#5277,#5278);
#5276 = CARTESIAN_POINT('',(99.9974819962,75.73703977354,-48.60596990418
    ));
#5277 = DIRECTION('',(0.858748680025,-0.283156721536,-0.427051490577));
#5278 = DIRECTION('',(-8.904792159253E-03,-0.841559948819,0.540090323206
    ));
#5279 = ORIENTED_EDGE('',*,*,#1635,.F.);
#5280 = ORIENTED_EDGE('',*,*,#2205,.T.);
#5281 = ( BOUNDED_SURFACE() B_SPLINE_SURFACE(3,3,(
    (#5282,#5283,#5284,#5285,#5286,#5287,#5288,#5289)
    ,(#5290,#5291,#5292,#5293,#5294,#5295,#5296,#5297)
    ,(#5298,#5299,#5300,#5301,#5302,#5303,#5304,#5305)
    ,(#5306,#5307,#5308,#5309,#5310,#5311,#5312,#5313
)),.UNSPECIFIED.,.F.,.F.,.F.) B_SPLINE_SURFACE_WITH_KNOTS((4,4),(4,1,1,1
    ,1,4),(0.,1.),(-0.350946677809,0.,0.332490677386,0.665824552959,1.,
1.351003850619),.UNSPECIFIED.) GEOMETRIC_REPRESENTATION_ITEM() 
RATIONAL_B_SPLINE_SURFACE((
    (1.275973675421,1.275973675421,1.275973675421,1.275973675421
      ,1.275973675421,1.275973675421,1.275973675421,1.275973675421)
    ,(0.90800877486,0.90800877486,0.90800877486,0.90800877486
      ,0.90800877486,0.90800877486,0.90800877486,0.90800877486)
    ,(0.90800877486,0.90800877486,0.90800877486,0.90800877486
      ,0.90800877486,0.90800877486,0.90800877486,0.90800877486)
    ,(1.275973675421,1.275973675421,1.275973675421,1.275973675421
      ,1.275973675421,1.275973675421,1.275973675421,1.275973675421
))) REPRESENTATION_ITEM('') SURFACE() );
#5282 = CARTESIAN_POINT('',(95.6494067778,73.00004495231,-57.20953634711
    ));
#5283 = CARTESIAN_POINT('',(95.4436942823,73.07204153373,-57.11300840798
    ));
#5284 = CARTESIAN_POINT('',(95.0454702721,73.21424737977,-56.92070140601
    ));
#5285 = CARTESIAN_POINT('',(94.45570593,73.4263650803,-56.62869875962));
#5286 = CARTESIAN_POINT('',(93.8744339812,73.63077296091,-56.34189291933
    ));
#5287 = CARTESIAN_POINT('',(93.2832707877,73.83729434924,-56.04682158479
    ));
#5288 = CARTESIAN_POINT('',(92.8855406697,73.97426184383,-55.84730971229
    ));
#5289 = CARTESIAN_POINT('',(92.6816054038,74.04368925437,-55.74512348057
    ));
#5290 = CARTESIAN_POINT('',(94.642332054,65.87437229904,-54.43155764435)
  );
#5291 = CARTESIAN_POINT('',(94.444038519,65.94206600158,-54.34337600621)
  );
#5292 = CARTESIAN_POINT('',(94.0600886092,66.07584178714,-54.16767027752
    ));
#5293 = CARTESIAN_POINT('',(93.4913834082,66.2754419754,-53.90081192247)
  );
#5294 = CARTESIAN_POINT('',(92.9309534428,66.46771936456,-53.63865574747
    ));
#5295 = CARTESIAN_POINT('',(92.3609831621,66.66198347336,-53.36889152069
    ));
#5296 = CARTESIAN_POINT('',(91.9775368485,66.79079997484,-53.18645732192
    ));
#5297 = CARTESIAN_POINT('',(91.7809401586,66.85608432213,-53.09300997132
    ));
#5298 = CARTESIAN_POINT('',(97.2130401737,63.44504187621,-47.57616698451
    ));
#5299 = CARTESIAN_POINT('',(97.0221618245,63.50575303178,-47.49323926155
    ));
#5300 = CARTESIAN_POINT('',(96.6527633282,63.62555051377,-47.32800055446
    ));
#5301 = CARTESIAN_POINT('',(96.10578947,63.80403554142,-47.07703043744)
  );
#5302 = CARTESIAN_POINT('',(95.5665847148,63.97594394298,-46.83046520307
    ));
#5303 = CARTESIAN_POINT('',(95.0182091858,64.14947512825,-46.57673196698
    ));
#5304 = CARTESIAN_POINT('',(94.6492347075,64.26447250039,-46.40512871772
    ));
#5305 = CARTESIAN_POINT('',(94.4600256839,64.32274377389,-46.31722572592
    ));
#5306 = CARTESIAN_POINT('',(101.1375110591,67.81376238994,
    -42.57423078995));
#5307 = CARTESIAN_POINT('',(100.9476289538,67.87085220475,
    -42.48891922899));
#5308 = CARTESIAN_POINT('',(100.5804701875,67.9832163169,-42.31895786229
    ));
#5309 = CARTESIAN_POINT('',(100.0370992397,68.15025608637,
    -42.06087439423));
#5310 = CARTESIAN_POINT('',(99.5011401626,68.31117901154,-41.80735304368
    ));
#5311 = CARTESIAN_POINT('',(98.9560787605,68.47343849184,-41.54650564453
    ));
#5312 = CARTESIAN_POINT('',(98.5892439977,68.58090406736,-41.37011634279
    ));
#5313 = CARTESIAN_POINT('',(98.4010803722,68.63535954078,-41.27976654597
    ));
#5314 = ADVANCED_FACE('',(#5315),#5346,.F.);
#5315 = FACE_BOUND('',#5316,.F.);
#5316 = EDGE_LOOP('',(#5317,#5331,#5344,#5345));
#5317 = ORIENTED_EDGE('',*,*,#5318,.T.);
#5318 = EDGE_CURVE('',#5263,#5319,#5321,.T.);
#5319 = VERTEX_POINT('',#5320);
#5320 = CARTESIAN_POINT('',(111.6970165326,53.64182364089,-69.9504139082
    ));
#5321 = B_SPLINE_CURVE_WITH_KNOTS('',3,(#5322,#5323,#5324,#5325,#5326,
    #5327,#5328,#5329,#5330),.UNSPECIFIED.,.F.,.F.,(4,1,1,1,1,1,4),(0.,
    0.166666666667,0.333333333333,0.5,0.666666666667,0.833333333333,1.),
  .UNSPECIFIED.);
#5322 = CARTESIAN_POINT('',(94.9110768283,72.03607263736,-56.38014751128
    ));
#5323 = CARTESIAN_POINT('',(96.4653463389,71.36360607771,-57.07686058696
    ));
#5324 = CARTESIAN_POINT('',(99.2375491383,69.85731211807,-58.53759951206
    ));
#5325 = CARTESIAN_POINT('',(102.4210029496,67.47287581792,
    -60.62597527519));
#5326 = CARTESIAN_POINT('',(105.0714111209,64.90329163521,
    -62.68533943933));
#5327 = CARTESIAN_POINT('',(107.515323226,61.8751186319,-64.90925173797)
  );
#5328 = CARTESIAN_POINT('',(109.8435949725,58.04880710588,
    -67.43569047886));
#5329 = CARTESIAN_POINT('',(111.1190091915,55.17639427387,
    -69.11368075749));
#5330 = CARTESIAN_POINT('',(111.6970165326,53.64182364089,-69.9504139082
    ));
#5331 = ORIENTED_EDGE('',*,*,#5332,.T.);
#5332 = EDGE_CURVE('',#5319,#1645,#5333,.T.);
#5333 = B_SPLINE_CURVE_WITH_KNOTS('',3,(#5334,#5335,#5336,#5337,#5338,
    #5339,#5340,#5341,#5342,#5343),.UNSPECIFIED.,.F.,.F.,(4,1,1,1,1,1,1,
    4),(0.,0.142857142857,0.285714285714,0.428571428571,0.571428571429,
    0.714285714286,0.857142857143,1.),.UNSPECIFIED.);
#5334 = CARTESIAN_POINT('',(111.6970165326,53.64182364089,-69.9504139082
    ));
#5335 = CARTESIAN_POINT('',(111.8577366388,52.8987442689,-69.63248139017
    ));
#5336 = CARTESIAN_POINT('',(112.3440200316,51.36561715084,
    -69.06199872668));
#5337 = CARTESIAN_POINT('',(113.5561516224,48.89088368064,
    -68.35912326122));
#5338 = CARTESIAN_POINT('',(115.0651842413,46.54870420288,
    -67.86278664081));
#5339 = CARTESIAN_POINT('',(116.7849641671,44.38097422655,-67.5436152686
    ));
#5340 = CARTESIAN_POINT('',(118.673179951,42.42380494539,-67.39634141411
    ));
#5341 = CARTESIAN_POINT('',(120.7320350289,40.69639784667,
    -67.43118059319));
#5342 = CARTESIAN_POINT('',(122.1748907272,39.75991313416,
    -67.59065401943));
#5343 = CARTESIAN_POINT('',(122.9120239799,39.3538369349,-67.70941061218
    ));
#5344 = ORIENTED_EDGE('',*,*,#1644,.T.);
#5345 = ORIENTED_EDGE('',*,*,#5273,.T.);
#5346 = ( BOUNDED_SURFACE() B_SPLINE_SURFACE(3,3,(
    (#5347,#5348,#5349,#5350,#5351,#5352,#5353,#5354,#5355,#5356,#5357
      ,#5358)
    ,(#5359,#5360,#5361,#5362,#5363,#5364,#5365,#5366,#5367,#5368,#5369
      ,#5370)
    ,(#5371,#5372,#5373,#5374,#5375,#5376,#5377,#5378,#5379,#5380,#5381
      ,#5382)
    ,(#5383,#5384,#5385,#5386,#5387,#5388,#5389,#5390,#5391,#5392,#5393
,#5394
    )),.UNSPECIFIED.,.F.,.F.,.F.) B_SPLINE_SURFACE_WITH_KNOTS((4,4),(4,1
    ,1,1,1,1,1,1,1,4),(0.,1.),(0.847506308167,0.863185746139,
    0.882464832017,0.903268204049,0.923935041153,0.94267066242,
    0.960144778166,0.978596680946,1.,1.002413390987),.UNSPECIFIED.) 
GEOMETRIC_REPRESENTATION_ITEM() RATIONAL_B_SPLINE_SURFACE((
    (1.275673248301,1.275673248301,1.275673248301,1.275673248301
      ,1.275673248301,1.275673248301,1.275673248301,1.275673248301
      ,1.275673248301,1.275673248301,1.275673248301,1.275673248301)
    ,(0.908108917233,0.908108917233,0.908108917233,0.908108917233
      ,0.908108917233,0.908108917233,0.908108917233,0.908108917233
      ,0.908108917233,0.908108917233,0.908108917233,0.908108917233)
    ,(0.908108917233,0.908108917233,0.908108917233,0.908108917233
      ,0.908108917233,0.908108917233,0.908108917233,0.908108917233
      ,0.908108917233,0.908108917233,0.908108917233,0.908108917233)
    ,(1.275673248301,1.275673248301,1.275673248301,1.275673248301
      ,1.275673248301,1.275673248301,1.275673248301,1.275673248301
      ,1.275673248301,1.275673248301,1.275673248301,1.275673248301
))) REPRESENTATION_ITEM('') SURFACE() );
#5347 = CARTESIAN_POINT('',(114.4468190755,42.3490811403,-76.52732583596
    ));
#5348 = CARTESIAN_POINT('',(114.2698508822,43.78410147741,
    -75.98748211924));
#5349 = CARTESIAN_POINT('',(113.7903283355,46.93380649506,
    -74.71405273323));
#5350 = CARTESIAN_POINT('',(112.6825116035,51.74657247319,
    -72.45870259953));
#5351 = CARTESIAN_POINT('',(110.9887693832,56.66475503953,
    -69.77412829318));
#5352 = CARTESIAN_POINT('',(108.7572590519,61.12956356892,-66.9613612541
    ));
#5353 = CARTESIAN_POINT('',(106.1231584781,64.90907400487,
    -64.26243797607));
#5354 = CARTESIAN_POINT('',(103.1216693336,68.10102168946,
    -61.72200887937));
#5355 = CARTESIAN_POINT('',(99.5009852713,70.94359324008,-59.20965144344
    ));
#5356 = CARTESIAN_POINT('',(96.4714214281,72.59715519965,-57.5661886702)
  );
#5357 = CARTESIAN_POINT('',(94.669220283,73.36726461001,-56.74485285752)
  );
#5358 = CARTESIAN_POINT('',(94.4856546486,73.443625425,-56.66273909017)
  );
#5359 = CARTESIAN_POINT('',(115.0118437287,38.69745164037,
    -69.76159990002));
#5360 = CARTESIAN_POINT('',(114.6799273868,40.0080147849,-69.2759870348)
  );
#5361 = CARTESIAN_POINT('',(113.8639164488,42.87459234824,
    -68.14827230974));
#5362 = CARTESIAN_POINT('',(112.2676015325,47.21855348922,
    -66.21577526608));
#5363 = CARTESIAN_POINT('',(110.1295350146,51.61395337743,
    -63.99313278886));
#5364 = CARTESIAN_POINT('',(107.5785231632,55.56451003389,
    -61.73779004534));
#5365 = CARTESIAN_POINT('',(104.7745463575,58.88022806932,
    -59.63201351717));
#5366 = CARTESIAN_POINT('',(101.7387808842,61.66152441239,
    -57.69467090158));
#5367 = CARTESIAN_POINT('',(98.221286827,64.12517029966,-55.8196363451)
  );
#5368 = CARTESIAN_POINT('',(95.3788488982,65.54953133624,-54.62336207959
    ));
#5369 = CARTESIAN_POINT('',(93.7160604629,66.21210227551,-54.03557840277
    ));
#5370 = CARTESIAN_POINT('',(93.5469569104,66.27780323408,-53.9769355657)
  );
#5371 = CARTESIAN_POINT('',(121.6259959397,37.4335072252,-66.00871718943
    ));
#5372 = CARTESIAN_POINT('',(121.2022042163,38.72406355272,
    -65.36791965119));
#5373 = CARTESIAN_POINT('',(120.167058932,41.5408974357,-63.90013346819)
  );
#5374 = CARTESIAN_POINT('',(118.1725695644,45.78525576157,
    -61.45399967966));
#5375 = CARTESIAN_POINT('',(115.5458277438,50.04656149528,
    -58.71891997499));
#5376 = CARTESIAN_POINT('',(112.4631154786,53.84049636343,
    -56.01415987062));
#5377 = CARTESIAN_POINT('',(109.1233197329,56.99136493256,
    -53.54237528794));
#5378 = CARTESIAN_POINT('',(105.5499204781,59.60336462878,
    -51.30722744333));
#5379 = CARTESIAN_POINT('',(101.4509094064,61.88256324296,
    -49.17732046309));
#5380 = CARTESIAN_POINT('',(98.1698241863,63.16618604951,-47.83805175933
    ));
#5381 = CARTESIAN_POINT('',(96.2587739982,63.74979934559,-47.18600810157
    ));
#5382 = CARTESIAN_POINT('',(96.0644983109,63.80751182694,-47.12102679352
    ));
#5383 = CARTESIAN_POINT('',(128.5719971587,39.64980247511,
    -68.51267257106));
#5384 = CARTESIAN_POINT('',(128.1988199754,41.04209627007,
    -67.64141659283));
#5385 = CARTESIAN_POINT('',(127.2513142968,44.0855687244,-65.64173087779
    ));
#5386 = CARTESIAN_POINT('',(125.2931565304,48.68562301158,
    -62.28945852945));
#5387 = CARTESIAN_POINT('',(122.5557997311,53.31743421063,
    -58.51052369683));
#5388 = CARTESIAN_POINT('',(119.1887904285,57.44776137625,-54.7379813074
    ));
#5389 = CARTESIAN_POINT('',(115.4103953621,60.87521942601,
    -51.25741152581));
#5390 = CARTESIAN_POINT('',(111.2607359512,63.70561732927,
    -48.08098982418));
#5391 = CARTESIAN_POINT('',(106.3981646256,66.15428343347,
    -45.02432704732));
#5392 = CARTESIAN_POINT('',(102.4318259838,67.50728494343,
    -43.07548546805));
#5393 = CARTESIAN_POINT('',(100.0994372412,68.10877247522,
    -42.11691609233));
#5394 = CARTESIAN_POINT('',(99.8621140164,68.16807310475,-42.02126589151
    ));
#5395 = ADVANCED_FACE('',(#5396),#5694,.T.);
#5396 = FACE_BOUND('',#5397,.T.);
#5397 = EDGE_LOOP('',(#5398,#5408,#5545,#5551,#5552,#5553,#5561,#5570,
    #5571,#5572));
#5398 = ORIENTED_EDGE('',*,*,#5399,.T.);
#5399 = EDGE_CURVE('',#5400,#5402,#5404,.T.);
#5400 = VERTEX_POINT('',#5401);
#5401 = CARTESIAN_POINT('',(-3.1348665914,359.99999983731,-6.25771547247
    ));
#5402 = VERTEX_POINT('',#5403);
#5403 = CARTESIAN_POINT('',(1.5639102482,360.,-25.10349988948));
#5404 = LINE('',#5405,#5406);
#5405 = CARTESIAN_POINT('',(-3.13434918046,359.9999500443,
    -6.259698547452));
#5406 = VECTOR('',#5407,1.);
#5407 = DIRECTION('',(0.241920541808,2.57229516349E-06,-0.97029606381));
#5408 = ORIENTED_EDGE('',*,*,#5409,.F.);
#5409 = EDGE_CURVE('',#5410,#5402,#5412,.T.);
#5410 = VERTEX_POINT('',#5411);
#5411 = CARTESIAN_POINT('',(79.982533548034,200.24821674367,
    -132.6737313329));
#5412 = B_SPLINE_CURVE_WITH_KNOTS('',14,(#5413,#5414,#5415,#5416,#5417,
    #5418,#5419,#5420,#5421,#5422,#5423,#5424,#5425,#5426,#5427,#5428,
    #5429,#5430,#5431,#5432,#5433,#5434,#5435,#5436,#5437,#5438,#5439,
    #5440,#5441,#5442,#5443,#5444,#5445,#5446,#5447,#5448,#5449,#5450,
    #5451,#5452,#5453,#5454,#5455,#5456,#5457,#5458,#5459,#5460,#5461,
    #5462,#5463,#5464,#5465,#5466,#5467,#5468,#5469,#5470,#5471,#5472,
    #5473,#5474,#5475,#5476,#5477,#5478,#5479,#5480,#5481,#5482,#5483,
    #5484,#5485,#5486,#5487,#5488,#5489,#5490,#5491,#5492,#5493,#5494,
    #5495,#5496,#5497,#5498,#5499,#5500,#5501,#5502,#5503,#5504,#5505,
    #5506,#5507,#5508,#5509,#5510,#5511,#5512,#5513,#5514,#5515,#5516,
    #5517,#5518,#5519,#5520,#5521,#5522,#5523,#5524,#5525,#5526,#5527,
    #5528,#5529,#5530,#5531,#5532,#5533,#5534,#5535,#5536,#5537,#5538,
    #5539,#5540,#5541,#5542,#5543,#5544),.UNSPECIFIED.,.F.,.F.,(15,13,13
    ,13,13,13,13,13,13,13,15),(0.,0.116604509396,0.239086438451,
    0.313989484916,0.385072051768,0.484828820795,0.583888423226,
    0.635380396241,0.743183301302,0.866762589957,1.),.UNSPECIFIED.);
#5413 = CARTESIAN_POINT('',(79.982533549635,200.24821674161,
    -132.6737313275));
#5414 = CARTESIAN_POINT('',(79.57953254197,202.1105940262,
    -133.4706560768));
#5415 = CARTESIAN_POINT('',(79.158983522056,203.98066227555,
    -134.2451585989));
#5416 = CARTESIAN_POINT('',(78.721502234112,205.85736001143,
    -134.9964927038));
#5417 = CARTESIAN_POINT('',(78.266886332129,207.74236452677,
    -135.7245727652));
#5418 = CARTESIAN_POINT('',(77.79707990065,209.63022392877,
    -136.427611026));
#5419 = CARTESIAN_POINT('',(77.310692233045,211.52659637285,
    -137.1064849896));
#5420 = CARTESIAN_POINT('',(76.808910161042,213.42858100578,
    -137.7600292774));
#5421 = CARTESIAN_POINT('',(76.293497276942,215.33136724574,
    -138.3866268355));
#5422 = CARTESIAN_POINT('',(75.763461881068,217.23932032582,
    -138.9868632615));
#5423 = CARTESIAN_POINT('',(75.218568200437,219.15430809079,
    -139.5607339584));
#5424 = CARTESIAN_POINT('',(74.661140016383,221.06969748524,
    -140.1062069452));
#5425 = CARTESIAN_POINT('',(74.089936359548,222.99071675228,
    -140.6240960835));
#5426 = CARTESIAN_POINT('',(73.506117501682,224.91462358273,
    -141.1133163012));
#5427 = CARTESIAN_POINT('',(72.283599553777,228.86626071838,
    -142.0569925371));
#5428 = CARTESIAN_POINT('',(71.643646550634,230.89422737774,
    -142.5084336072));
#5429 = CARTESIAN_POINT('',(70.990458214349,232.92554018441,
    -142.9272197923));
#5430 = CARTESIAN_POINT('',(70.324633149706,234.95868268549,
    -143.3127557604));
#5431 = CARTESIAN_POINT('',(69.646291266535,236.99596466818,
    -143.6643180503));
#5432 = CARTESIAN_POINT('',(68.956394206259,239.03295261317,
    -143.9813970896));
#5433 = CARTESIAN_POINT('',(68.255192223801,241.07113170023,
    -144.2633763219));
#5434 = CARTESIAN_POINT('',(67.542824532864,243.11270595701,
    -144.5095853425));
#5435 = CARTESIAN_POINT('',(66.820160700748,245.15375055298,
    -144.7194550692));
#5436 = CARTESIAN_POINT('',(66.087803068018,247.1927173463,
    -144.8923867861));
#5437 = CARTESIAN_POINT('',(65.345700146615,249.2335774111,
    -145.0277265732));
#5438 = CARTESIAN_POINT('',(64.594868231702,251.27129780154,
    -145.1250312357));
#5439 = CARTESIAN_POINT('',(63.835477882221,253.30785904213,
    -145.1835658886));
#5440 = CARTESIAN_POINT('',(62.598892393961,256.58546141605,
    -145.2147301385));
#5441 = CARTESIAN_POINT('',(62.126664488856,257.82824157038,
    -145.2119007545));
#5442 = CARTESIAN_POINT('',(61.651573625485,259.06989220135,
    -145.194277692));
#5443 = CARTESIAN_POINT('',(61.173736923306,260.31023714739,
    -145.161756096));
#5444 = CARTESIAN_POINT('',(60.693271494825,261.54910012279,
    -145.1142318535));
#5445 = CARTESIAN_POINT('',(60.210291364041,262.78632155809,
    -145.0515884693));
#5446 = CARTESIAN_POINT('',(59.724907502519,264.02175727023,
    -144.9736977655));
#5447 = CARTESIAN_POINT('',(59.237230341519,265.2552667592,
    -144.8804297205));
#5448 = CARTESIAN_POINT('',(58.74737268231,266.48669619684,
    -144.7716654142));
#5449 = CARTESIAN_POINT('',(58.255452663162,267.71586448624,
    -144.6473086868));
#5450 = CARTESIAN_POINT('',(57.761594634901,268.94255730559,
    -144.5072903965));
#5451 = CARTESIAN_POINT('',(57.26592741871,270.16653718115,
    -144.351560724));
#5452 = CARTESIAN_POINT('',(56.768578165324,271.38757519319,
    -144.1800637484));
#5453 = CARTESIAN_POINT('',(55.796191175191,273.76132625557,
    -143.8148720894));
#5454 = CARTESIAN_POINT('',(55.321311746083,274.91433488837,
    -143.6227657266));
#5455 = CARTESIAN_POINT('',(54.84512281125,276.06437005025,
    -143.416316903));
#5456 = CARTESIAN_POINT('',(54.367720779261,277.21128633891,
    -143.1954342519));
#5457 = CARTESIAN_POINT('',(53.889202656129,278.35493378015,
    -142.9600338566));
#5458 = CARTESIAN_POINT('',(53.409668206614,279.49514575401,
    -142.7100603147));
#5459 = CARTESIAN_POINT('',(52.929220080081,280.63173712687,
    -142.4454892484));
#5460 = CARTESIAN_POINT('',(52.44796309924,281.76451016741,
    -142.1663178862));
#5461 = CARTESIAN_POINT('',(51.966002504427,282.89326312563,
    -141.8725492247));
#5462 = CARTESIAN_POINT('',(51.483442686988,284.01779969964,
    -141.5641766527));
#5463 = CARTESIAN_POINT('',(51.000386084079,285.13793403776,
    -141.2411744642));
#5464 = CARTESIAN_POINT('',(50.516933628319,286.25348922857,
    -140.9035010198));
#5465 = CARTESIAN_POINT('',(50.033186771536,287.36428459756,
    -140.5511202625));
#5466 = CARTESIAN_POINT('',(48.870101486597,290.0220149348,
    -139.6689014173));
#5467 = CARTESIAN_POINT('',(48.190583653151,291.5641420778,
    -139.124743443));
#5468 = CARTESIAN_POINT('',(47.51093277726,293.09602252404,
    -138.5518031448));
#5469 = CARTESIAN_POINT('',(46.831481362642,294.61703156203,
    -137.949896382));
#5470 = CARTESIAN_POINT('',(46.152422989867,296.12674288454,
    -137.3192916992));
#5471 = CARTESIAN_POINT('',(45.47400968779,297.62465855534,
    -136.6603994857));
#5472 = CARTESIAN_POINT('',(44.796558674036,299.11017497507,
    -135.9730272285));
#5473 = CARTESIAN_POINT('',(44.120355337282,300.5827206229,
    -135.2567706223));
#5474 = CARTESIAN_POINT('',(43.445619752905,302.04182635055,
    -134.5119655765));
#5475 = CARTESIAN_POINT('',(42.772559031389,303.48705289911,
    -133.739590234));
#5476 = CARTESIAN_POINT('',(42.101411606555,304.91789315834,
    -132.9399296896));
#5477 = CARTESIAN_POINT('',(41.432416783448,306.33380693851,
    -132.1123298158));
#5478 = CARTESIAN_POINT('',(40.765775575823,307.73435284421,
    -131.2578710416));
#5479 = CARTESIAN_POINT('',(39.442322323254,310.49397137286,
    -129.501224279));
#5480 = CARTESIAN_POINT('',(38.785483956691,311.85323861092,
    -128.5994481394));
#5481 = CARTESIAN_POINT('',(38.131309855764,313.19660094051,
    -127.6716309631));
#5482 = CARTESIAN_POINT('',(37.480163047832,314.52319924331,
    -126.7179099447));
#5483 = CARTESIAN_POINT('',(36.832032140586,315.83306365935,
    -125.7389346077));
#5484 = CARTESIAN_POINT('',(36.187050318018,317.12590645224,
    -124.7351239686));
#5485 = CARTESIAN_POINT('',(35.545570302019,318.40091534166,
    -123.7065905988));
#5486 = CARTESIAN_POINT('',(34.907856791327,319.65744370069,
    -122.6536020336));
#5487 = CARTESIAN_POINT('',(34.273911637468,320.89542924572,
    -121.5768224282));
#5488 = CARTESIAN_POINT('',(33.643671537008,322.11496723488,
    -120.4769980018));
#5489 = CARTESIAN_POINT('',(33.017312837316,323.31562309775,
    -119.354503515));
#5490 = CARTESIAN_POINT('',(32.395143843364,324.49665415717,
    -118.2095217404));
#5491 = CARTESIAN_POINT('',(31.777060895181,325.65822485863,
    -117.0428681163));
#5492 = CARTESIAN_POINT('',(30.844222239539,327.39321847877,
    -115.237337248));
#5493 = CARTESIAN_POINT('',(30.526326316982,327.98123694448,
    -114.6140417265));
#5494 = CARTESIAN_POINT('',(30.209593170525,328.56384185562,
    -113.9850563207));
#5495 = CARTESIAN_POINT('',(29.894030090527,329.14100709273,
    -113.3504553778));
#5496 = CARTESIAN_POINT('',(29.579644425976,329.71270618929,
    -112.7103134883));
#5497 = CARTESIAN_POINT('',(29.266443609087,330.27891234122,
    -112.0647055061));
#5498 = CARTESIAN_POINT('',(28.954435114646,330.83959839085,
    -111.4137065151));
#5499 = CARTESIAN_POINT('',(28.643626516943,331.3947368513,
    -110.7573918769));
#5500 = CARTESIAN_POINT('',(28.3340254221,331.94429987475,
    -110.0958371722));
#5501 = CARTESIAN_POINT('',(28.025639536342,332.48825928708,
    -109.4291182621));
#5502 = CARTESIAN_POINT('',(27.718476607645,333.02658655628,
    -108.757311234));
#5503 = CARTESIAN_POINT('',(27.412544467799,333.55925281654,
    -108.0804924416));
#5504 = CARTESIAN_POINT('',(27.107851007078,334.08622885288,
    -107.3987384805));
#5505 = CARTESIAN_POINT('',(26.169111987811,335.69878022649,
    -105.2746439256));
#5506 = CARTESIAN_POINT('',(25.539293699252,336.76498624651,
    -103.8158752027));
#5507 = CARTESIAN_POINT('',(24.914864070504,337.8061567229,
    -102.3363865053));
#5508 = CARTESIAN_POINT('',(24.296000566022,338.82182099186,
    -100.8371024494));
#5509 = CARTESIAN_POINT('',(23.682484769461,339.81228294269,
    -99.31836686213));
#5510 = CARTESIAN_POINT('',(23.074264177219,340.77752064249,
    -97.78079611737));
#5511 = CARTESIAN_POINT('',(22.471531132581,341.71703220528,
    -96.22538925211));
#5512 = CARTESIAN_POINT('',(21.874390298237,342.63048809576,
    -94.65301964162));
#5513 = CARTESIAN_POINT('',(21.282666412322,343.51810818282,
    -93.06414462092));
#5514 = CARTESIAN_POINT('',(20.69611145301,344.38025419053,
    -91.45912049006));
#5515 = CARTESIAN_POINT('',(20.11472835837,345.21679378003,
    -89.83868995063));
#5516 = CARTESIAN_POINT('',(19.53865819996,346.0273214445,
    -88.20380525951));
#5517 = CARTESIAN_POINT('',(18.967602720447,346.81229237477,
    -86.55475225825));
#5518 = CARTESIAN_POINT('',(17.752756944121,348.44183501149,
    -82.98663441884));
#5519 = CARTESIAN_POINT('',(17.110545256778,349.27834128611,
    -81.06339395719));
#5520 = CARTESIAN_POINT('',(16.474780091306,350.08113911895,
    -79.12326847716));
#5521 = CARTESIAN_POINT('',(15.845397034836,350.8502333044,
    -77.16756027527));
#5522 = CARTESIAN_POINT('',(15.222147675337,351.58581943127,
    -75.19663956304));
#5523 = CARTESIAN_POINT('',(14.604853665616,352.28801849218,
    -73.21124476248));
#5524 = CARTESIAN_POINT('',(13.993437680217,352.9568494243,
    -71.21266356247));
#5525 = CARTESIAN_POINT('',(13.387772851015,353.59238870175,
    -69.20196746402));
#5526 = CARTESIAN_POINT('',(12.787606966523,354.19484948186,
    -67.17959120259));
#5527 = CARTESIAN_POINT('',(12.192672256013,354.76446509261,
    -65.14584875272));
#5528 = CARTESIAN_POINT('',(11.602837023122,355.30133143031,
    -63.10169783818));
#5529 = CARTESIAN_POINT('',(11.018035213252,355.8054837447,
    -61.04844082715));
#5530 = CARTESIAN_POINT('',(10.437975043358,356.27720334437,
    -58.98631968068));
#5531 = CARTESIAN_POINT('',(9.24209680622,357.19034703799,-54.6846314407
    ));
#5532 = CARTESIAN_POINT('',(8.626993802844,357.62654666531,
    -52.44368622163));
#5533 = CARTESIAN_POINT('',(8.017228991983,358.02519611501,
    -50.19494010791));
#5534 = CARTESIAN_POINT('',(7.410745730783,358.38754277153,
    -47.93466293987));
#5535 = CARTESIAN_POINT('',(6.813956628626,358.70974759438,
    -45.68021203842));
#5536 = CARTESIAN_POINT('',(6.208651719209,359.00279219304,
    -43.38768187597));
#5537 = CARTESIAN_POINT('',(5.629547638013,359.24582777556,
    -41.14488606758));
#5538 = CARTESIAN_POINT('',(5.025988356445,359.46937037149,
    -38.82719373721));
#5539 = CARTESIAN_POINT('',(4.45025471369,359.64202257275,
    -36.56614587062));
#5540 = CARTESIAN_POINT('',(3.862694093021,359.78769708286,
    -34.26450798886));
#5541 = CARTESIAN_POINT('',(3.285045692835,359.89338505517,
    -31.97782949832));
#5542 = CARTESIAN_POINT('',(2.708280142003,359.96459394378,
    -29.68509464345));
#5543 = CARTESIAN_POINT('',(2.134775932467,359.99997685356,
    -27.39368097907));
#5544 = CARTESIAN_POINT('',(1.563910248166,360.00000000003,
    -25.10349988948));
#5545 = ORIENTED_EDGE('',*,*,#5546,.T.);
#5546 = EDGE_CURVE('',#5410,#5319,#5547,.T.);
#5547 = LINE('',#5548,#5549);
#5548 = CARTESIAN_POINT('',(79.9825335582,200.2482167015,-132.6737313138
    ));
#5549 = VECTOR('',#5550,1.);
#5550 = DIRECTION('',(0.195065582834,-0.901728763249,0.385790948473));
#5551 = ORIENTED_EDGE('',*,*,#5332,.T.);
#5552 = ORIENTED_EDGE('',*,*,#1660,.T.);
#5553 = ORIENTED_EDGE('',*,*,#5554,.T.);
#5554 = EDGE_CURVE('',#1661,#5555,#5557,.T.);
#5555 = VERTEX_POINT('',#5556);
#5556 = CARTESIAN_POINT('',(112.290482938,50.89786171131,-68.77637149057
    ));
#5557 = LINE('',#5558,#5559);
#5558 = CARTESIAN_POINT('',(113.7433631018,44.17786923118,
    -65.90089137849));
#5559 = VECTOR('',#5560,1.);
#5560 = DIRECTION('',(-0.194955931493,0.901727772349,-0.385848687118));
#5561 = ORIENTED_EDGE('',*,*,#5562,.T.);
#5562 = EDGE_CURVE('',#5555,#1730,#5563,.T.);
#5563 = B_SPLINE_CURVE_WITH_KNOTS('',3,(#5564,#5565,#5566,#5567,#5568,
    #5569),.UNSPECIFIED.,.F.,.F.,(4,1,1,4),(0.,0.333333333333,
    0.666666666667,1.),.UNSPECIFIED.);
#5564 = CARTESIAN_POINT('',(112.290482938,50.89786171131,-68.77637149057
    ));
#5565 = CARTESIAN_POINT('',(111.1556479004,51.46494592158,
    -68.47536237573));
#5566 = CARTESIAN_POINT('',(108.9394059984,52.55057188153,-67.8569473626
    ));
#5567 = CARTESIAN_POINT('',(105.8571502773,54.00532801374,
    -66.92247220223));
#5568 = CARTESIAN_POINT('',(103.798936544,54.9406854413,-66.25155716175)
  );
#5569 = CARTESIAN_POINT('',(102.7825310137,55.39337828327,
    -65.90872443334));
#5570 = ORIENTED_EDGE('',*,*,#1738,.T.);
#5571 = ORIENTED_EDGE('',*,*,#1944,.F.);
#5572 = ORIENTED_EDGE('',*,*,#5573,.T.);
#5573 = EDGE_CURVE('',#1936,#5400,#5574,.T.);
#5574 = B_SPLINE_CURVE_WITH_KNOTS('',14,(#5575,#5576,#5577,#5578,#5579,
    #5580,#5581,#5582,#5583,#5584,#5585,#5586,#5587,#5588,#5589,#5590,
    #5591,#5592,#5593,#5594,#5595,#5596,#5597,#5598,#5599,#5600,#5601,
    #5602,#5603,#5604,#5605,#5606,#5607,#5608,#5609,#5610,#5611,#5612,
    #5613,#5614,#5615,#5616,#5617,#5618,#5619,#5620,#5621,#5622,#5623,
    #5624,#5625,#5626,#5627,#5628,#5629,#5630,#5631,#5632,#5633,#5634,
    #5635,#5636,#5637,#5638,#5639,#5640,#5641,#5642,#5643,#5644,#5645,
    #5646,#5647,#5648,#5649,#5650,#5651,#5652,#5653,#5654,#5655,#5656,
    #5657,#5658,#5659,#5660,#5661,#5662,#5663,#5664,#5665,#5666,#5667,
    #5668,#5669,#5670,#5671,#5672,#5673,#5674,#5675,#5676,#5677,#5678,
    #5679,#5680,#5681,#5682,#5683,#5684,#5685,#5686,#5687,#5688,#5689,
    #5690,#5691,#5692,#5693),.UNSPECIFIED.,.F.,.F.,(15,13,13,13,13,13,13
    ,13,13,15),(0.,0.142418164073,0.215735317137,0.349294124395,
    0.474761191843,0.604730725957,0.675273226242,0.751243464678,
    0.916608765229,1.),.UNSPECIFIED.);
#5575 = CARTESIAN_POINT('',(-73.2284214597,190.37408176511,
    106.66570748771));
#5576 = CARTESIAN_POINT('',(-72.92093151822,192.75512656252,
    107.79427967979));
#5577 = CARTESIAN_POINT('',(-72.58328443967,195.1504012852,
    108.88672237825));
#5578 = CARTESIAN_POINT('',(-72.21635718225,197.5592763931,
    109.94177570053));
#5579 = CARTESIAN_POINT('',(-71.82102665499,199.98112235652,
    110.9581798963));
#5580 = CARTESIAN_POINT('',(-71.39816899915,202.41530962241,
    111.93467721174));
#5581 = CARTESIAN_POINT('',(-70.94865885873,204.86120867992,
    112.87001382026));
#5582 = CARTESIAN_POINT('',(-70.47336866951,207.31818995548,
    113.76294163786));
#5583 = CARTESIAN_POINT('',(-69.97316792163,209.78562395326,
    114.6122203067));
#5584 = CARTESIAN_POINT('',(-69.44892245414,212.26288109645,
    115.41661897043));
#5585 = CARTESIAN_POINT('',(-68.90149371672,214.74933187934,
    116.17491826964));
#5586 = CARTESIAN_POINT('',(-68.33173806011,217.24434674373,
    116.88591213822));
#5587 = CARTESIAN_POINT('',(-67.74050600516,219.7472961637,
    117.54840975359));
#5588 = CARTESIAN_POINT('',(-67.12864152537,222.25755059714,
    118.16123738593));
#5589 = CARTESIAN_POINT('',(-66.17180139819,226.07020101372,
    119.01256051824));
#5590 = CARTESIAN_POINT('',(-65.84137484971,227.36769066178,
    119.28841200157));
#5591 = CARTESIAN_POINT('',(-65.50582452696,228.66681272489,
    119.55061651974));
#5592 = CARTESIAN_POINT('',(-65.16527247176,229.9674304834,
    119.79899795103));
#5593 = CARTESIAN_POINT('',(-64.81983992081,231.26940719877,
    120.03338227533));
#5594 = CARTESIAN_POINT('',(-64.46964729959,232.5726061674,
    120.25359759441));
#5595 = CARTESIAN_POINT('',(-64.11481423186,233.87689063354,
    120.45947409881));
#5596 = CARTESIAN_POINT('',(-63.75545952762,235.1821239056,
    120.6508441122));
#5597 = CARTESIAN_POINT('',(-63.39170119562,236.48816922619,
    120.82754204186));
#5598 = CARTESIAN_POINT('',(-63.02365643265,237.79488989452,
    120.98940442515));
#5599 = CARTESIAN_POINT('',(-62.65144163113,239.10214916884,
    121.13626989269));
#5600 = CARTESIAN_POINT('',(-62.27517237464,240.40981033232,
    121.26797919302));
#5601 = CARTESIAN_POINT('',(-61.89496344012,241.71773665549,
    121.38437517868));
#5602 = CARTESIAN_POINT('',(-60.81134886586,245.40862034414,
    121.66915848448));
#5603 = CARTESIAN_POINT('',(-60.09909107851,247.79183653132,
    121.80170008212));
#5604 = CARTESIAN_POINT('',(-59.37480001779,250.1745951237,
    121.88189058191));
#5605 = CARTESIAN_POINT('',(-58.63974956758,252.5547401805,
    121.90915283148));
#5606 = CARTESIAN_POINT('',(-57.89389937586,254.93267921668,
    121.88222947136));
#5607 = CARTESIAN_POINT('',(-57.1381664176,257.30720500538,
    121.79995336593));
#5608 = CARTESIAN_POINT('',(-56.37506988093,259.67297268453,
    121.66361127801));
#5609 = CARTESIAN_POINT('',(-55.60225870958,262.03556718288,
    121.46967421616));
#5610 = CARTESIAN_POINT('',(-54.82112490805,264.39252213515,
    121.21775466107));
#5611 = CARTESIAN_POINT('',(-54.03609338326,266.73428109255,
    120.91091893048));
#5612 = CARTESIAN_POINT('',(-53.24295371797,269.07037844636,
    120.54415795438));
#5613 = CARTESIAN_POINT('',(-52.44588781299,271.39187361708,
    120.12018467065));
#5614 = CARTESIAN_POINT('',(-51.64419012886,273.70043820983,
    119.63745095508));
#5615 = CARTESIAN_POINT('',(-50.08240473524,278.14837297242,
    118.58743462176));
#5616 = CARTESIAN_POINT('',(-49.32269800062,280.28956695267,
    118.02698282122));
#5617 = CARTESIAN_POINT('',(-48.56047829364,282.41635626115,
    117.41485871314));
#5618 = CARTESIAN_POINT('',(-47.79629195028,284.52706956019,
    116.7506212519));
#5619 = CARTESIAN_POINT('',(-47.03082872007,286.62079563682,
    116.03480308096));
#5620 = CARTESIAN_POINT('',(-46.26469689892,288.69636827524,
    115.26769725866));
#5621 = CARTESIAN_POINT('',(-45.4983822684,290.75218168624,
    114.44913720456));
#5622 = CARTESIAN_POINT('',(-44.73237532947,292.78676711969,
    113.57918701641));
#5623 = CARTESIAN_POINT('',(-43.96725032744,294.79915135102,
    112.65857106523));
#5624 = CARTESIAN_POINT('',(-43.20358827163,296.78850976375,
    111.68825957532));
#5625 = CARTESIAN_POINT('',(-42.44184904842,298.75358818241,
    110.66877726803));
#5626 = CARTESIAN_POINT('',(-41.68240869026,300.69287058805,
    109.60040340984));
#5627 = CARTESIAN_POINT('',(-40.92578138344,302.60558169586,
    108.48437030262));
#5628 = CARTESIAN_POINT('',(-39.39185242044,306.44286780843,
    106.11655619486));
#5629 = CARTESIAN_POINT('',(-38.61480344562,308.36536886551,
    104.86139104875));
#5630 = CARTESIAN_POINT('',(-37.84142394833,310.25774107221,
    103.5566350543));
#5631 = CARTESIAN_POINT('',(-37.07312259511,312.11436322093,
    102.20451153265));
#5632 = CARTESIAN_POINT('',(-36.30629210641,313.95216015635,
    100.80178325832));
#5633 = CARTESIAN_POINT('',(-35.55201350626,315.72197663768,
    99.361250947464));
#5634 = CARTESIAN_POINT('',(-34.78927521117,317.51785418653,
    97.8616472228));
#5635 = CARTESIAN_POINT('',(-34.04943533356,319.20118483328,
    96.336455506498));
#5636 = CARTESIAN_POINT('',(-33.29987412965,320.91574810877,
    94.753779609163));
#5637 = CARTESIAN_POINT('',(-32.56570879504,322.55163655808,
    93.139775088627));
#5638 = CARTESIAN_POINT('',(-31.83310003153,324.16926353626,
    91.482126633481));
#5639 = CARTESIAN_POINT('',(-31.10787100022,325.74326949017,
    89.78777748913));
#5640 = CARTESIAN_POINT('',(-30.38847696675,327.28024429693,
    88.056611845438));
#5641 = CARTESIAN_POINT('',(-29.2882211435,329.59145183792,
    85.331791936992));
#5642 = CARTESIAN_POINT('',(-28.90296300347,330.39314390419,
    84.362840316831));
#5643 = CARTESIAN_POINT('',(-28.51952545199,331.18339277833,
    83.383768053785));
#5644 = CARTESIAN_POINT('',(-28.13790353284,331.96217332253,
    82.394784140365));
#5645 = CARTESIAN_POINT('',(-27.75809161282,332.72946032827,
    81.396099360622));
#5646 = CARTESIAN_POINT('',(-27.38008333443,333.48522871992,
    80.387926346614));
#5647 = CARTESIAN_POINT('',(-27.00387169395,334.22945321906,
    79.370479485227));
#5648 = CARTESIAN_POINT('',(-26.62944893444,334.96210880408,
    78.343975046027));
#5649 = CARTESIAN_POINT('',(-26.25680666915,335.68317018048,
    77.308631033383));
#5650 = CARTESIAN_POINT('',(-25.88593576092,336.39261229824,
    76.264667331628));
#5651 = CARTESIAN_POINT('',(-25.51682642222,337.09040992272,
    75.212305583901));
#5652 = CARTESIAN_POINT('',(-25.14946814491,337.77653793611,
    74.151769277874));
#5653 = CARTESIAN_POINT('',(-24.78384974161,338.45097115952,
    73.083283694797));
#5654 = CARTESIAN_POINT('',(-24.02807015879,339.82738874138,
    70.848061725586));
#5655 = CARTESIAN_POINT('',(-23.63818556856,340.52750018227,
    69.680090124052));
#5656 = CARTESIAN_POINT('',(-23.25027197563,341.21403705964,
    68.503393946117));
#5657 = CARTESIAN_POINT('',(-22.86429561235,341.88701765727,
    67.318206502063));
#5658 = CARTESIAN_POINT('',(-22.48022251715,342.54646028808,
    66.124761604251));
#5659 = CARTESIAN_POINT('',(-22.09801854483,343.19238321398,
    64.923293552265));
#5660 = CARTESIAN_POINT('',(-21.71764935062,343.82480477092,
    63.714037155981));
#5661 = CARTESIAN_POINT('',(-21.33908041126,344.44374320472,
    62.497227705131));
#5662 = CARTESIAN_POINT('',(-20.96227700102,345.04921685378,
    61.273101003606));
#5663 = CARTESIAN_POINT('',(-20.58720421522,345.64124397606,
    60.041893336344));
#5664 = CARTESIAN_POINT('',(-20.21382695038,346.21984288856,
    58.803841496692));
#5665 = CARTESIAN_POINT('',(-19.84210991854,346.78503187191,
    57.559182767141));
#5666 = CARTESIAN_POINT('',(-19.47201763852,347.33682922529,
    56.308154930754));
#5667 = CARTESIAN_POINT('',(-18.30138924807,349.04724704848,
    52.314524394666));
#5668 = CARTESIAN_POINT('',(-17.50681084214,350.15588711827,
    49.549068197841));
#5669 = CARTESIAN_POINT('',(-16.71908471974,351.2014665357,
    46.755856124273));
#5670 = CARTESIAN_POINT('',(-15.93886220437,352.18509117656,
    43.941433873814));
#5671 = CARTESIAN_POINT('',(-15.16137622799,353.10458545199,
    41.090840223391));
#5672 = CARTESIAN_POINT('',(-14.39741047805,353.96717897199,
    38.250702228936));
#5673 = CARTESIAN_POINT('',(-13.62474485961,354.76014028165,
    35.336934417016));
#5674 = CARTESIAN_POINT('',(-12.8737887793,355.50254887752,
    32.473675362088));
#5675 = CARTESIAN_POINT('',(-12.11217348844,356.17554872499,
    29.536791395501));
#5676 = CARTESIAN_POINT('',(-11.36306802267,356.79382318247,
    26.621559736649));
#5677 = CARTESIAN_POINT('',(-10.61289240853,357.34986552958,
    23.678104502826));
#5678 = CARTESIAN_POINT('',(-9.866337955001,357.84719300982,
    20.728623526409));
#5679 = CARTESIAN_POINT('',(-9.121381649533,358.28526822718,
    17.768790404394));
#5680 = CARTESIAN_POINT('',(-8.002763261953,358.85590918103,
    13.304659283876));
#5681 = CARTESIAN_POINT('',(-7.628099567735,359.03226715079,
    11.806136290717));
#5682 = CARTESIAN_POINT('',(-7.253700852473,359.19373168206,
    10.305805205555));
#5683 = CARTESIAN_POINT('',(-6.879499108735,359.34034866923,
    8.803858839219));
#5684 = CARTESIAN_POINT('',(-6.505426703037,359.47216400236,
    7.300489021696));
#5685 = CARTESIAN_POINT('',(-6.131416379936,359.58922357871,
    5.795886602903));
#5686 = CARTESIAN_POINT('',(-5.757401255611,359.69157328644,
    4.29024145139));
#5687 = CARTESIAN_POINT('',(-5.383314826179,359.77925902247,
    2.783742456119));
#5688 = CARTESIAN_POINT('',(-5.009090958767,359.85232667765,
    1.276577524421));
#5689 = CARTESIAN_POINT('',(-4.634663899436,359.91082214513,
    -0.231066416016));
#5690 = CARTESIAN_POINT('',(-4.259968267424,359.95479131882,
    -1.739003418794));
#5691 = CARTESIAN_POINT('',(-3.884939058497,359.98428009055,
    -3.247048517644));
#5692 = CARTESIAN_POINT('',(-3.509511643451,359.99933435405,
    -4.755017727118));
#5693 = CARTESIAN_POINT('',(-3.133621768581,360.00000000193,
    -6.262728042245));
#5694 = B_SPLINE_SURFACE_WITH_KNOTS('',3,3,(
    (#5695,#5696,#5697,#5698)
    ,(#5699,#5700,#5701,#5702)
    ,(#5703,#5704,#5705,#5706)
    ,(#5707,#5708,#5709,#5710)
    ,(#5711,#5712,#5713,#5714)
    ,(#5715,#5716,#5717,#5718
    )),.UNSPECIFIED.,.F.,.F.,.F.,(4,1,1,4),(4,4),(-5.993984112694E-02,0.
    ,1.,1.020784857121),(9.150254828693E-02,1.017813681936),
  .UNSPECIFIED.);
#5695 = CARTESIAN_POINT('',(128.7445097733,32.94091738329,
    -66.67433140766));
#5696 = CARTESIAN_POINT('',(102.3981840667,144.0982534212,
    -120.2414622398));
#5697 = CARTESIAN_POINT('',(76.0518583602,255.2555894591,-173.8085930719
    ));
#5698 = CARTESIAN_POINT('',(49.7055326536,366.4129254971,-227.3757239041
    ));
#5699 = CARTESIAN_POINT('',(124.5544259236,32.94091738329,
    -64.81400943261));
#5700 = CARTESIAN_POINT('',(98.9750659583,144.0982534212,-116.3778620312
    ));
#5701 = CARTESIAN_POINT('',(73.3957059931,255.2555894591,-167.9417146299
    ));
#5702 = CARTESIAN_POINT('',(47.8163460278,366.4129254971,-219.5055672285
    ));
#5703 = CARTESIAN_POINT('',(50.4595213249,32.94091738329,-31.91720254072
    ));
#5704 = CARTESIAN_POINT('',(38.4427189289,144.0982534212,-48.05629637052
    ));
#5705 = CARTESIAN_POINT('',(26.4259165329,255.2555894591,-64.19539020032
    ));
#5706 = CARTESIAN_POINT('',(14.4091141368,366.4129254971,-80.33448403011
    ));
#5707 = CARTESIAN_POINT('',(-25.0883449852,32.94091738329,1.624693255704
    ));
#5708 = CARTESIAN_POINT('',(-23.27663526404,144.0982534212,
    21.60501889244));
#5709 = CARTESIAN_POINT('',(-21.46492554287,255.2555894591,
    41.58534452918));
#5710 = CARTESIAN_POINT('',(-19.65321582171,366.4129254971,
    61.56567016592));
#5711 = CARTESIAN_POINT('',(-96.44612744557,32.94091738329,
    33.30626707708));
#5712 = CARTESIAN_POINT('',(-81.57287134853,144.0982534212,
    87.40273394684));
#5713 = CARTESIAN_POINT('',(-66.69961525148,255.2555894591,
    141.4992008166));
#5714 = CARTESIAN_POINT('',(-51.82635915443,366.4129254971,
    195.5956676864));
#5715 = CARTESIAN_POINT('',(-97.89908915692,32.94091738329,
    33.95135598162));
#5716 = CARTESIAN_POINT('',(-82.75987851195,144.0982534212,
    88.74248354909));
#5717 = CARTESIAN_POINT('',(-67.62066786698,255.2555894591,
    143.5336111166));
#5718 = CARTESIAN_POINT('',(-52.48145722201,366.4129254971,198.324738684
    ));
#5719 = ADVANCED_FACE('',(#5720),#5735,.T.);
#5720 = FACE_BOUND('',#5721,.T.);
#5721 = EDGE_LOOP('',(#5722,#5723,#5734));
#5722 = ORIENTED_EDGE('',*,*,#1670,.T.);
#5723 = ORIENTED_EDGE('',*,*,#5724,.T.);
#5724 = EDGE_CURVE('',#1671,#5555,#5725,.T.);
#5725 = B_SPLINE_CURVE_WITH_KNOTS('',3,(#5726,#5727,#5728,#5729,#5730,
    #5731,#5732,#5733),.UNSPECIFIED.,.F.,.F.,(4,1,1,1,1,4),(0.,0.2,0.4,
    0.6,0.8,1.),.QUASI_UNIFORM_KNOTS.);
#5726 = CARTESIAN_POINT('',(116.007137184,37.06803313235,-69.91074659375
    ));
#5727 = CARTESIAN_POINT('',(115.7786500035,38.06302130379,
    -69.40866040237));
#5728 = CARTESIAN_POINT('',(115.2514548395,40.08275222889,-68.6186422169
    ));
#5729 = CARTESIAN_POINT('',(114.3637998584,43.16135626331,-67.9386496456
    ));
#5730 = CARTESIAN_POINT('',(113.5349828143,46.00680270881,
    -67.75012825361));
#5731 = CARTESIAN_POINT('',(112.8120276782,48.64616655987,
    -68.00677605659));
#5732 = CARTESIAN_POINT('',(112.4437901666,50.18895420065,-68.4730481662
    ));
#5733 = CARTESIAN_POINT('',(112.290482938,50.89786171131,-68.77637149057
    ));
#5734 = ORIENTED_EDGE('',*,*,#5554,.F.);
#5735 = ( BOUNDED_SURFACE() B_SPLINE_SURFACE(3,3,(
    (#5736,#5737,#5738,#5739,#5740)
    ,(#5741,#5742,#5743,#5744,#5745)
    ,(#5746,#5747,#5748,#5749,#5750)
    ,(#5751,#5752,#5753,#5754,#5755
)),.UNSPECIFIED.,.F.,.F.,.F.) B_SPLINE_SURFACE_WITH_KNOTS((4,4),(4,1,4),
  (0.,1.),(0.226250418836,0.236193808587,0.246318561264),.UNSPECIFIED.) 
GEOMETRIC_REPRESENTATION_ITEM() RATIONAL_B_SPLINE_SURFACE((
    (1.006277504101,1.006277504101,1.006277504101,1.006277504101
      ,1.006277504101)
    ,(0.997907498633,0.997907498633,0.997907498633,0.997907498633
      ,0.997907498633)
    ,(0.997907498633,0.997907498633,0.997907498633,0.997907498633
      ,0.997907498633)
    ,(1.006277504101,1.006277504101,1.006277504101,1.006277504101
,1.006277504101))) REPRESENTATION_ITEM('') SURFACE() );
#5736 = CARTESIAN_POINT('',(113.0090068587,49.12656031327,
    -76.81252885099));
#5737 = CARTESIAN_POINT('',(113.5383283102,46.97462291803,
    -75.83632266794));
#5738 = CARTESIAN_POINT('',(114.6044294048,42.63189680591,
    -73.86258821872));
#5739 = CARTESIAN_POINT('',(115.6655269094,38.28975705677,
    -71.88186132537));
#5740 = CARTESIAN_POINT('',(116.1995456255,36.099157545,-70.8809201195)
  );
#5741 = CARTESIAN_POINT('',(113.1044472103,50.1346643764,-73.80233134807
    ));
#5742 = CARTESIAN_POINT('',(113.6070316457,47.9778430229,-72.82364866874
    ));
#5743 = CARTESIAN_POINT('',(114.6189092884,43.62500418005,
    -70.84560758199));
#5744 = CARTESIAN_POINT('',(115.6253234431,39.2722324671,-68.86204280863
    ));
#5745 = CARTESIAN_POINT('',(116.1316689591,37.0761457125,-67.86003971144
    ));
#5746 = CARTESIAN_POINT('',(112.710686366,51.03203362269,-70.78134612737
    ));
#5747 = CARTESIAN_POINT('',(113.1868053959,48.86874214737,
    -69.80419783904));
#5748 = CARTESIAN_POINT('',(114.1451244738,44.50260527279,
    -67.82998366255));
#5749 = CARTESIAN_POINT('',(115.0977654602,40.13605504348,
    -65.85178181768));
#5750 = CARTESIAN_POINT('',(115.5769579742,37.9329047247,-64.85286634537
    ));
#5751 = CARTESIAN_POINT('',(111.8375499865,51.79627566394,
    -67.82495695542));
#5752 = CARTESIAN_POINT('',(112.2881356224,49.62508935461,
    -66.85331565714));
#5753 = CARTESIAN_POINT('',(113.1948974895,45.24280097802,-64.8909664444
    ));
#5754 = CARTESIAN_POINT('',(114.0960173111,40.85966950025,
    -62.92619451338));
#5755 = CARTESIAN_POINT('',(114.5492545799,38.64805555567,
    -61.93443913551));
#5756 = ADVANCED_FACE('',(#5757),#5763,.F.);
#5757 = FACE_BOUND('',#5758,.F.);
#5758 = EDGE_LOOP('',(#5759,#5760,#5761,#5762));
#5759 = ORIENTED_EDGE('',*,*,#5562,.T.);
#5760 = ORIENTED_EDGE('',*,*,#1729,.T.);
#5761 = ORIENTED_EDGE('',*,*,#1680,.F.);
#5762 = ORIENTED_EDGE('',*,*,#5724,.T.);
#5763 = ( BOUNDED_SURFACE() B_SPLINE_SURFACE(3,3,(
    (#5764,#5765,#5766,#5767,#5768,#5769,#5770,#5771,#5772)
    ,(#5773,#5774,#5775,#5776,#5777,#5778,#5779,#5780,#5781)
    ,(#5782,#5783,#5784,#5785,#5786,#5787,#5788,#5789,#5790)
    ,(#5791,#5792,#5793,#5794,#5795,#5796,#5797,#5798,#5799
)),.UNSPECIFIED.,.F.,.F.,.F.) B_SPLINE_SURFACE_WITH_KNOTS((4,4),(4,1,1,1
    ,1,1,4),(0.,1.),(-1.496597918574E-03,0.,1.032172926377E-02,
    2.098281915404E-02,3.293170770249E-02,4.660910198523E-02,
4.706128712939E-02),.UNSPECIFIED.) GEOMETRIC_REPRESENTATION_ITEM() 
RATIONAL_B_SPLINE_SURFACE((
    (1.131062420121,1.131062420121,1.131062420121,1.131062420121
      ,1.131062420121,1.131062420121,1.131062420121,1.131062420121
      ,1.131062420121)
    ,(0.956312526626,0.956312526626,0.956312526626,0.956312526626
      ,0.956312526626,0.956312526626,0.956312526626,0.956312526626
      ,0.956312526626)
    ,(0.956312526626,0.956312526626,0.956312526626,0.956312526626
      ,0.956312526626,0.956312526626,0.956312526626,0.956312526626
      ,0.956312526626)
    ,(1.131062420121,1.131062420121,1.131062420121,1.131062420121
      ,1.131062420121,1.131062420121,1.131062420121,1.131062420121
,1.131062420121))) REPRESENTATION_ITEM('') SURFACE() );
#5764 = CARTESIAN_POINT('',(102.4290150125,56.6801317589,-66.45884094779
    ));
#5765 = CARTESIAN_POINT('',(102.6253316332,56.59361603958,
    -66.52695774647));
#5766 = CARTESIAN_POINT('',(104.1755797475,55.90793668735,
    -67.06163316824));
#5767 = CARTESIAN_POINT('',(107.1237742201,54.56668978911,
    -68.02995684319));
#5768 = CARTESIAN_POINT('',(111.438942112,52.51000222848,-69.31872587853
    ));
#5769 = CARTESIAN_POINT('',(116.1868133506,50.1394874292,-70.58148961789
    ));
#5770 = CARTESIAN_POINT('',(119.5905025825,48.35502204855,
    -71.35816658299));
#5771 = CARTESIAN_POINT('',(121.4311008702,47.3652533223,-71.73909972026
    ));
#5772 = CARTESIAN_POINT('',(121.4900013647,47.33355457,-71.75124974867)
  );
#5773 = CARTESIAN_POINT('',(101.6789306724,52.82208515534,
    -63.29177598395));
#5774 = CARTESIAN_POINT('',(101.8701607105,52.74004539497,
    -63.35564497566));
#5775 = CARTESIAN_POINT('',(103.3802443291,52.08981042831,
    -63.85689460524));
#5776 = CARTESIAN_POINT('',(106.2520879066,50.81746070922,
    -64.76341575767));
#5777 = CARTESIAN_POINT('',(110.455467884,48.86552192089,-65.96627732884
    ));
#5778 = CARTESIAN_POINT('',(115.0801502819,46.61498567829,
    -67.13987418312));
#5779 = CARTESIAN_POINT('',(118.3952326513,44.92051400067,
    -67.85695044558));
#5780 = CARTESIAN_POINT('',(120.1877788056,43.98066806996,
    -68.20693474618));
#5781 = CARTESIAN_POINT('',(120.2451414545,43.95056817736,
    -68.21809570469));
#5782 = CARTESIAN_POINT('',(99.5755294547,48.23467094695,-63.19804883502
    ));
#5783 = CARTESIAN_POINT('',(99.7637496476,48.1540939645,-63.25786940004)
  );
#5784 = CARTESIAN_POINT('',(101.2500736964,47.51547634714,
    -63.72721058554));
#5785 = CARTESIAN_POINT('',(104.076834494,46.26621869949,-64.57394650953
    ));
#5786 = CARTESIAN_POINT('',(108.2141147967,44.35078771263,
    -65.69143414787));
#5787 = CARTESIAN_POINT('',(112.7654622151,42.1438294303,-66.77340283861
    ));
#5788 = CARTESIAN_POINT('',(116.0270379607,40.48360728781,
    -67.42648938219));
#5789 = CARTESIAN_POINT('',(117.7902162867,39.56328351268,-67.7423266009
    ));
#5790 = CARTESIAN_POINT('',(117.8466386929,39.53380937631,
    -67.75239529797));
#5791 = CARTESIAN_POINT('',(97.0937420056,45.04416473993,-66.22110222088
    ));
#5792 = CARTESIAN_POINT('',(97.2824241599,44.9613593539,-66.27895019331)
  );
#5793 = CARTESIAN_POINT('',(98.7724061727,44.30514738509,-66.73268991011
    ));
#5794 = CARTESIAN_POINT('',(101.6062482638,43.02247348014,
    -67.54936847199));
#5795 = CARTESIAN_POINT('',(105.7537544623,41.05838788536,
    -68.62158669644));
#5796 = CARTESIAN_POINT('',(110.3156116713,38.79840849565,
    -69.65193578113));
#5797 = CARTESIAN_POINT('',(113.5835814582,37.10081699276,
    -70.26630295153));
#5798 = CARTESIAN_POINT('',(115.3496883078,36.16056617533,-70.5606220835
    ));
#5799 = CARTESIAN_POINT('',(115.4062038785,36.13045465246,
    -70.57000159291));
#5800 = ADVANCED_FACE('',(#5801),#5815,.F.);
#5801 = FACE_BOUND('',#5802,.F.);
#5802 = EDGE_LOOP('',(#5803,#5812,#5813,#5814));
#5803 = ORIENTED_EDGE('',*,*,#5804,.T.);
#5804 = EDGE_CURVE('',#2724,#4769,#5805,.T.);
#5805 = B_SPLINE_CURVE_WITH_KNOTS('',3,(#5806,#5807,#5808,#5809,#5810,
    #5811),.UNSPECIFIED.,.F.,.F.,(4,1,1,4),(0.,0.333333333333,
    0.666666666667,1.),.UNSPECIFIED.);
#5806 = CARTESIAN_POINT('',(93.1794910436,55.53286961079,72.65271423806)
  );
#5807 = CARTESIAN_POINT('',(93.3739209107,55.62901030061,72.58479099606)
  );
#5808 = CARTESIAN_POINT('',(93.7585528028,55.81840502052,72.44886625552)
  );
#5809 = CARTESIAN_POINT('',(94.3365194683,56.10027996632,72.24516778164)
  );
#5810 = CARTESIAN_POINT('',(94.7193892298,56.28790978244,72.10589448585)
  );
#5811 = CARTESIAN_POINT('',(94.9110768283,56.38014751128,72.03607263736)
  );
#5812 = ORIENTED_EDGE('',*,*,#4768,.F.);
#5813 = ORIENTED_EDGE('',*,*,#1694,.F.);
#5814 = ORIENTED_EDGE('',*,*,#2795,.T.);
#5815 = ( BOUNDED_SURFACE() B_SPLINE_SURFACE(3,3,(
    (#5816,#5817,#5818,#5819,#5820,#5821,#5822,#5823)
    ,(#5824,#5825,#5826,#5827,#5828,#5829,#5830,#5831)
    ,(#5832,#5833,#5834,#5835,#5836,#5837,#5838,#5839)
    ,(#5840,#5841,#5842,#5843,#5844,#5845,#5846,#5847
)),.UNSPECIFIED.,.F.,.F.,.F.) B_SPLINE_SURFACE_WITH_KNOTS((4,4),(4,1,1,1
    ,1,4),(0.,1.),(-0.350946685931,0.,0.332490677386,0.665824552959,1.,
1.351003850613),.UNSPECIFIED.) GEOMETRIC_REPRESENTATION_ITEM() 
RATIONAL_B_SPLINE_SURFACE((
    (1.27597367549,1.27597367549,1.27597367549,1.27597367549
      ,1.27597367549,1.27597367549,1.27597367549,1.27597367549)
    ,(0.908008774837,0.908008774837,0.908008774837,0.908008774837
      ,0.908008774837,0.908008774837,0.908008774837,0.908008774837)
    ,(0.908008774837,0.908008774837,0.908008774837,0.908008774837
      ,0.908008774837,0.908008774837,0.908008774837,0.908008774837)
    ,(1.27597367549,1.27597367549,1.27597367549,1.27597367549
      ,1.27597367549,1.27597367549,1.27597367549,1.27597367549
))) REPRESENTATION_ITEM('') SURFACE() );
#5816 = CARTESIAN_POINT('',(95.6494067921,57.20953635381,73.00004494731)
  );
#5817 = CARTESIAN_POINT('',(95.4436942918,57.11300841255,73.07204153035)
  );
#5818 = CARTESIAN_POINT('',(95.0454702768,56.92070140835,73.21424737807)
  );
#5819 = CARTESIAN_POINT('',(94.45570593,56.62869875962,73.4263650803));
#5820 = CARTESIAN_POINT('',(93.8744339812,56.34189291933,73.63077296091)
  );
#5821 = CARTESIAN_POINT('',(93.2832707877,56.04682158479,73.83729434924)
  );
#5822 = CARTESIAN_POINT('',(92.8855406697,55.8473097123,73.97426184383)
  );
#5823 = CARTESIAN_POINT('',(92.6816054038,55.74512348057,74.04368925437)
  );
#5824 = CARTESIAN_POINT('',(94.6423320676,54.43155765006,65.87437229328)
  );
#5825 = CARTESIAN_POINT('',(94.444038528,54.34337600997,65.94206599734)
  );
#5826 = CARTESIAN_POINT('',(94.0600886136,54.16767027924,66.07584178448)
  );
#5827 = CARTESIAN_POINT('',(93.4913834081,53.90081192207,66.27544197434)
  );
#5828 = CARTESIAN_POINT('',(92.9309534426,53.63865574706,66.46771936349)
  );
#5829 = CARTESIAN_POINT('',(92.3609831619,53.3688915203,66.66198347229)
  );
#5830 = CARTESIAN_POINT('',(91.9775368484,53.18645732153,66.79079997377)
  );
#5831 = CARTESIAN_POINT('',(91.7809401585,53.09300997093,66.85608432106)
  );
#5832 = CARTESIAN_POINT('',(97.2130401875,47.57616698869,63.44504187129)
  );
#5833 = CARTESIAN_POINT('',(97.0221618338,47.49323926391,63.50575302822)
  );
#5834 = CARTESIAN_POINT('',(96.6527633331,47.32800055489,63.62555051163)
  );
#5835 = CARTESIAN_POINT('',(96.1057894705,47.07703043588,63.80403554069)
  );
#5836 = CARTESIAN_POINT('',(95.5665847153,46.83046520151,63.97594394225)
  );
#5837 = CARTESIAN_POINT('',(95.0182091864,46.57673196542,64.14947512752)
  );
#5838 = CARTESIAN_POINT('',(94.649234708,46.40512871617,64.26447249966)
  );
#5839 = CARTESIAN_POINT('',(94.4600256845,46.31722572438,64.32274377315)
  );
#5840 = CARTESIAN_POINT('',(101.1375110733,42.57423079455,67.81376238713
    ));
#5841 = CARTESIAN_POINT('',(100.9476289636,42.4889192317,67.87085220324)
  );
#5842 = CARTESIAN_POINT('',(100.5804701929,42.31895786303,67.98321631671
    ));
#5843 = CARTESIAN_POINT('',(100.0370992408,42.0608743929,68.15025608752)
  );
#5844 = CARTESIAN_POINT('',(99.5011401636,41.80735304235,68.31117901269)
  );
#5845 = CARTESIAN_POINT('',(98.9560787616,41.5465056432,68.47343849299)
  );
#5846 = CARTESIAN_POINT('',(98.5892439988,41.37011634146,68.5809040685)
  );
#5847 = CARTESIAN_POINT('',(98.4010803732,41.27976654464,68.63535954192)
  );
#5848 = ADVANCED_FACE('',(#5849),#5928,.T.);
#5849 = FACE_BOUND('',#5850,.T.);
#5850 = EDGE_LOOP('',(#5851,#5852,#5865,#5891,#5902,#5926,#5927));
#5851 = ORIENTED_EDGE('',*,*,#5262,.T.);
#5852 = ORIENTED_EDGE('',*,*,#5853,.F.);
#5853 = EDGE_CURVE('',#5854,#5263,#5856,.T.);
#5854 = VERTEX_POINT('',#5855);
#5855 = CARTESIAN_POINT('',(75.503624585244,206.99285444726,
    -110.3968398477));
#5856 = B_SPLINE_CURVE_WITH_KNOTS('',4,(#5857,#5858,#5859,#5860,#5861,
    #5862,#5863,#5864),.UNSPECIFIED.,.F.,.F.,(5,3,5),(0.,0.602303911904,
    1.),.UNSPECIFIED.);
#5857 = CARTESIAN_POINT('',(75.503624586048,206.99285444292,
    -110.3968398462));
#5858 = CARTESIAN_POINT('',(78.620711909281,186.74478887174,
    -102.1491536419));
#5859 = CARTESIAN_POINT('',(81.667607211069,166.48287396336,
    -93.91415342517));
#5860 = CARTESIAN_POINT('',(84.632900160298,146.19200489848,
    -85.72134402524));
#5861 = CARTESIAN_POINT('',(89.404955056335,112.43185646834,
    -72.23582243859));
#5862 = CARTESIAN_POINT('',(91.263078179762,98.986836912757,
    -66.90336844477));
#5863 = CARTESIAN_POINT('',(93.094031420296,85.521681584985,
    -61.61430977354));
#5864 = CARTESIAN_POINT('',(94.910622251443,72.035304485359,
    -56.38074203519));
#5865 = ORIENTED_EDGE('',*,*,#5866,.F.);
#5866 = EDGE_CURVE('',#5867,#5854,#5869,.T.);
#5867 = VERTEX_POINT('',#5868);
#5868 = CARTESIAN_POINT('',(13.9965409242,336.5999687214,-20.95608274911
    ));
#5869 = B_SPLINE_CURVE_WITH_KNOTS('',3,(#5870,#5871,#5872,#5873,#5874,
    #5875,#5876,#5877,#5878,#5879,#5880,#5881,#5882,#5883,#5884,#5885,
    #5886,#5887,#5888,#5889,#5890),.UNSPECIFIED.,.F.,.F.,(4,1,1,1,1,1,1,
    1,1,1,1,1,1,1,1,1,1,1,4),(0.,6.895398133565E-02,0.135228267765,
    0.198140063628,0.257482733022,0.313480911715,0.366570703763,
    0.417344999492,0.466468253441,0.514639870509,0.562570834148,
    0.61096782929,0.66052582545,0.711894330503,0.76565989997,
    0.822257680378,0.88151407475,0.941313284662,1.),.UNSPECIFIED.);
#5870 = CARTESIAN_POINT('',(13.996540924204,336.59996872141,
    -20.9560827491));
#5871 = CARTESIAN_POINT('',(15.320129343362,336.70374209954,
    -25.60674131967));
#5872 = CARTESIAN_POINT('',(17.925297296225,336.4490338787,
    -34.69912726707));
#5873 = CARTESIAN_POINT('',(21.82291004123,334.7206384339,
    -47.79863499764));
#5874 = CARTESIAN_POINT('',(25.638243373697,331.8083569693,
    -59.88264518821));
#5875 = CARTESIAN_POINT('',(29.367673598575,327.88929029231,
    -70.80684366671));
#5876 = CARTESIAN_POINT('',(33.01444781465,323.12938123645,
    -80.52531246316));
#5877 = CARTESIAN_POINT('',(36.589736310303,317.66102991637,
    -89.06378028021));
#5878 = CARTESIAN_POINT('',(40.108586280757,311.57805531982,
    -96.48073056389));
#5879 = CARTESIAN_POINT('',(43.589746858083,304.93337259967,
    -102.8460012134));
#5880 = CARTESIAN_POINT('',(47.052929153456,297.74402987923,
    -108.2208565277));
#5881 = CARTESIAN_POINT('',(50.516305525091,289.99757297063,
    -112.6461748522));
#5882 = CARTESIAN_POINT('',(53.993192978448,281.65947682689,
    -116.1348222646));
#5883 = CARTESIAN_POINT('',(57.486760314636,272.68404230297,
    -118.6669793982));
#5884 = CARTESIAN_POINT('',(60.984280878275,263.02500405276,
    -120.1905505548));
#5885 = CARTESIAN_POINT('',(64.448511986607,252.65213724742,
    -120.6252656373));
#5886 = CARTESIAN_POINT('',(67.801219857983,241.59466458734,
    -119.8763949188));
#5887 = CARTESIAN_POINT('',(70.891221980653,230.06872027059,
    -117.8880184513));
#5888 = CARTESIAN_POINT('',(73.536812672634,218.43605950746,
    -114.727382467));
#5889 = CARTESIAN_POINT('',(74.923070000796,210.76431627038,
    -111.9334758981));
#5890 = CARTESIAN_POINT('',(75.503624586049,206.99285444293,
    -110.3968398462));
#5891 = ORIENTED_EDGE('',*,*,#5892,.T.);
#5892 = EDGE_CURVE('',#5867,#5893,#5895,.T.);
#5893 = VERTEX_POINT('',#5894);
#5894 = CARTESIAN_POINT('',(8.659650904953,336.19165925978,
    -2.249353743133));
#5895 = B_SPLINE_CURVE_WITH_KNOTS('',3,(#5896,#5897,#5898,#5899,#5900,
    #5901),.UNSPECIFIED.,.F.,.F.,(4,1,1,4),(0.,0.333333333333,
    0.666666666667,1.),.UNSPECIFIED.);
#5896 = CARTESIAN_POINT('',(13.9965409242,336.5999687214,-20.95608274911
    ));
#5897 = CARTESIAN_POINT('',(13.4101952345,336.5538434429,-18.89583331298
    ));
#5898 = CARTESIAN_POINT('',(12.2330759777,336.4620222608,-14.76316031737
    ));
#5899 = CARTESIAN_POINT('',(10.4540578516,336.3259674436,-8.52758389453)
  );
#5900 = CARTESIAN_POINT('',(9.2592372509,336.2362017302,-4.346166145655)
  );
#5901 = CARTESIAN_POINT('',(8.6595983379,336.1916585197,-2.249362083353)
  );
#5902 = ORIENTED_EDGE('',*,*,#5903,.F.);
#5903 = EDGE_CURVE('',#1903,#5893,#5904,.T.);
#5904 = B_SPLINE_CURVE_WITH_KNOTS('',3,(#5905,#5906,#5907,#5908,#5909,
    #5910,#5911,#5912,#5913,#5914,#5915,#5916,#5917,#5918,#5919,#5920,
    #5921,#5922,#5923,#5924,#5925),.UNSPECIFIED.,.F.,.F.,(4,1,1,1,1,1,1,
    1,1,1,1,1,1,1,1,1,1,1,4),(0.,6.129609314324E-02,0.121405320676,
    0.177787743905,0.230935057584,0.281369611588,0.329574771328,
    0.376298346325,0.422329335317,0.468479349426,0.515566157067,
    0.564409163865,0.615811782413,0.670541309191,0.729209838828,
    0.792233205055,0.858907691196,0.928034200611,1.),.UNSPECIFIED.);
#5905 = CARTESIAN_POINT('',(-51.82510647821,194.69027254348,
    95.336638613198));
#5906 = CARTESIAN_POINT('',(-51.42254651309,198.76314440686,
    97.011455553774));
#5907 = CARTESIAN_POINT('',(-50.34548823511,206.98495488105,
    100.00385222511));
#5908 = CARTESIAN_POINT('',(-48.0720892364,219.28206758164,
    103.26249474323));
#5909 = CARTESIAN_POINT('',(-45.35397814451,231.1632077427,
    105.2080861199));
#5910 = CARTESIAN_POINT('',(-42.38265140413,242.3776756519,
    105.88944786088));
#5911 = CARTESIAN_POINT('',(-39.26376960989,252.91718454355,
    105.40935026641));
#5912 = CARTESIAN_POINT('',(-36.06443650201,262.80270132898,
    103.85873861714));
#5913 = CARTESIAN_POINT('',(-32.81816886547,272.08569616391,
    101.30410373958));
#5914 = CARTESIAN_POINT('',(-29.53018672005,280.83969589266,
    97.771183567287));
#5915 = CARTESIAN_POINT('',(-26.1897430315,289.13208391233,
    93.242585403373));
#5916 = CARTESIAN_POINT('',(-22.77765508923,297.00888825338,
    87.660753282834));
#5917 = CARTESIAN_POINT('',(-19.27150862526,304.48337354605,
    80.935034087103));
#5918 = CARTESIAN_POINT('',(-15.64954815507,311.5257114431,
    72.953634529588));
#5919 = CARTESIAN_POINT('',(-11.89455156742,318.05237947985,
    63.604763221969));
#5920 = CARTESIAN_POINT('',(-7.995284952117,323.92249368053,
    52.803980017098));
#5921 = CARTESIAN_POINT('',(-3.964436116434,328.91940377126,
    40.582518383403));
#5922 = CARTESIAN_POINT('',(0.165470659172,332.7960750267,
    27.135703753187));
#5923 = CARTESIAN_POINT('',(4.383391289801,335.36164464111,
    12.717156638746));
#5924 = CARTESIAN_POINT('',(7.216724565971,336.08488329425,
    2.795902305011));
#5925 = CARTESIAN_POINT('',(8.65957294402,336.19165806823,
    -2.249369355048));
#5926 = ORIENTED_EDGE('',*,*,#1900,.F.);
#5927 = ORIENTED_EDGE('',*,*,#2133,.T.);
#5928 = B_SPLINE_SURFACE_WITH_KNOTS('',3,3,(
    (#5929,#5930,#5931,#5932)
    ,(#5933,#5934,#5935,#5936)
    ,(#5937,#5938,#5939,#5940)
    ,(#5941,#5942,#5943,#5944
    )),.UNSPECIFIED.,.F.,.F.,.F.,(4,4),(4,4),(6.742613369074E-02,
    0.942674664303),(0.185403669306,0.949801979852),
  .PIECEWISE_BEZIER_KNOTS.);
#5929 = CARTESIAN_POINT('',(-70.97254957778,66.74532095007,
    49.64579476907));
#5930 = CARTESIAN_POINT('',(-59.14984849385,158.4731182156,
    85.36188022617));
#5931 = CARTESIAN_POINT('',(-47.32714740991,250.2009154811,
    121.0779656833));
#5932 = CARTESIAN_POINT('',(-35.50444632598,341.9287127466,
    156.7940511404));
#5933 = CARTESIAN_POINT('',(-13.19431890624,66.74532095007,
    13.58520921272));
#5934 = CARTESIAN_POINT('',(-10.61337604801,158.4731182156,
    25.16225938284));
#5935 = CARTESIAN_POINT('',(-8.03243318979,250.2009154811,36.73930955297
    ));
#5936 = CARTESIAN_POINT('',(-5.45149033157,341.9287127466,48.3163597231)
  );
#5937 = CARTESIAN_POINT('',(44.5839117653,66.74532095007,-22.47537634364
    ));
#5938 = CARTESIAN_POINT('',(37.9230963978,158.4731182156,-35.03736146048
    ));
#5939 = CARTESIAN_POINT('',(31.2622810303,250.2009154811,-47.59934657733
    ));
#5940 = CARTESIAN_POINT('',(24.6014656628,341.9287127466,-60.16133169417
    ));
#5941 = CARTESIAN_POINT('',(102.3621424369,66.74532095007,
    -58.53596189999));
#5942 = CARTESIAN_POINT('',(86.4595688437,158.4731182156,-95.23698230381
    ));
#5943 = CARTESIAN_POINT('',(70.5569952505,250.2009154811,-131.9380027076
    ));
#5944 = CARTESIAN_POINT('',(54.6544216573,341.9287127466,-168.6390231114
    ));
#5945 = ADVANCED_FACE('',(#5946),#5958,.T.);
#5946 = FACE_BOUND('',#5947,.T.);
#5947 = EDGE_LOOP('',(#5948,#5949,#5950,#5951));
#5948 = ORIENTED_EDGE('',*,*,#5573,.F.);
#5949 = ORIENTED_EDGE('',*,*,#1935,.T.);
#5950 = ORIENTED_EDGE('',*,*,#5903,.T.);
#5951 = ORIENTED_EDGE('',*,*,#5952,.T.);
#5952 = EDGE_CURVE('',#5893,#5400,#5953,.T.);
#5953 = CIRCLE('',#5954,30.00007925517);
#5954 = AXIS2_PLACEMENT_3D('',#5955,#5956,#5957);
#5955 = CARTESIAN_POINT('',(-20.17703288425,335.6789491521,
    -10.50692915626));
#5956 = DIRECTION('',(-0.275619041209,2.524255375889E-02,0.960935459645)
  );
#5957 = DIRECTION('',(0.961220253584,1.709029177301E-02,0.2752517866));
#5958 = ( BOUNDED_SURFACE() B_SPLINE_SURFACE(3,3,(
    (#5959,#5960,#5961,#5962,#5963,#5964,#5965,#5966,#5967,#5968,#5969
      ,#5970,#5971,#5972,#5973,#5974,#5975,#5976,#5977,#5978,#5979,#5980
      ,#5981)
    ,(#5982,#5983,#5984,#5985,#5986,#5987,#5988,#5989,#5990,#5991,#5992
      ,#5993,#5994,#5995,#5996,#5997,#5998,#5999,#6000,#6001,#6002,#6003
      ,#6004)
    ,(#6005,#6006,#6007,#6008,#6009,#6010,#6011,#6012,#6013,#6014,#6015
      ,#6016,#6017,#6018,#6019,#6020,#6021,#6022,#6023,#6024,#6025,#6026
      ,#6027)
    ,(#6028,#6029,#6030,#6031,#6032,#6033,#6034,#6035,#6036,#6037,#6038
      ,#6039,#6040,#6041,#6042,#6043,#6044,#6045,#6046,#6047,#6048,#6049
,#6050
    )),.UNSPECIFIED.,.F.,.F.,.F.) B_SPLINE_SURFACE_WITH_KNOTS((4,4),(4,1
    ,1,1,1,1,1,1,1,1,1,1,1,1,1,1,1,1,1,1,4),(0.,1.),(-9.596752213964E-03
    ,0.,6.129609314324E-02,0.121405320676,0.177787743905,0.230935057584,
    0.281369611588,0.329574771328,0.376298346325,0.422329335317,
    0.468479349426,0.515566157067,0.564409163865,0.615811782413,
    0.670541309191,0.729209838828,0.792233205055,0.858907691196,
    0.928034200611,1.,1.00958620542),.UNSPECIFIED.) 
GEOMETRIC_REPRESENTATION_ITEM() RATIONAL_B_SPLINE_SURFACE((
    (1.067265033479,1.067265033479,1.067265033479,1.067265033479
      ,1.067265033479,1.067265033479,1.067265033479,1.067265033479
      ,1.067265033479,1.067265033479,1.067265033479,1.067265033479
      ,1.067265033479,1.067265033479,1.067265033479,1.067265033479
      ,1.067265033479,1.067265033479,1.067265033479,1.067265033479
      ,1.067265033479,1.067265033479,1.067265033479)
    ,(0.977578322174,0.977578322174,0.977578322174,0.977578322174
      ,0.977578322174,0.977578322174,0.977578322174,0.977578322174
      ,0.977578322174,0.977578322174,0.977578322174,0.977578322174
      ,0.977578322174,0.977578322174,0.977578322174,0.977578322174
      ,0.977578322174,0.977578322174,0.977578322174,0.977578322174
      ,0.977578322174,0.977578322174,0.977578322174)
    ,(0.977578322174,0.977578322174,0.977578322174,0.977578322174
      ,0.977578322174,0.977578322174,0.977578322174,0.977578322174
      ,0.977578322174,0.977578322174,0.977578322174,0.977578322174
      ,0.977578322174,0.977578322174,0.977578322174,0.977578322174
      ,0.977578322174,0.977578322174,0.977578322174,0.977578322174
      ,0.977578322174,0.977578322174,0.977578322174)
    ,(1.067265033479,1.067265033479,1.067265033479,1.067265033479
      ,1.067265033479,1.067265033479,1.067265033479,1.067265033479
      ,1.067265033479,1.067265033479,1.067265033479,1.067265033479
      ,1.067265033479,1.067265033479,1.067265033479,1.067265033479
      ,1.067265033479,1.067265033479,1.067265033479,1.067265033479
      ,1.067265033479,1.067265033479,1.067265033479
))) REPRESENTATION_ITEM('') SURFACE() );
#5959 = CARTESIAN_POINT('',(-77.28793672873,188.2765998527,
    105.7476440925));
#5960 = CARTESIAN_POINT('',(-77.20652940204,189.0139189796,
    106.1162718707));
#5961 = CARTESIAN_POINT('',(-76.57299567631,194.4728704277,
    108.8039734549));
#5962 = CARTESIAN_POINT('',(-74.97131482982,204.7330277466,
    113.2771519836));
#5963 = CARTESIAN_POINT('',(-71.91924145317,219.1383182009,118.061082912
    ));
#5964 = CARTESIAN_POINT('',(-68.30500011374,233.2408424121,
    121.2251638122));
#5965 = CARTESIAN_POINT('',(-64.36026120817,246.7895608472,
    122.7753168626));
#5966 = CARTESIAN_POINT('',(-60.21771063149,259.7498959641,
    122.7836253483));
#5967 = CARTESIAN_POINT('',(-55.96887235964,272.1059674189,
    121.3201761904));
#5968 = CARTESIAN_POINT('',(-51.67284449778,283.8519904344,
    118.4420987545));
#5969 = CARTESIAN_POINT('',(-47.36023246645,294.998981518,114.180346232)
  );
#5970 = CARTESIAN_POINT('',(-43.04730487809,305.5477654443,
    108.5390818897));
#5971 = CARTESIAN_POINT('',(-38.74076809118,315.4841704883,
    101.4967360274));
#5972 = CARTESIAN_POINT('',(-34.4415567373,324.7706856315,93.01085759732
    ));
#5973 = CARTESIAN_POINT('',(-30.14557869432,333.3412089685,83.0241250104
    ));
#5974 = CARTESIAN_POINT('',(-25.84571836326,341.0903369093,
    71.48023608837));
#5975 = CARTESIAN_POINT('',(-21.53125974946,347.8691057522,
    58.34532264818));
#5976 = CARTESIAN_POINT('',(-17.20536156813,353.4610468878,43.6998408881
    ));
#5977 = CARTESIAN_POINT('',(-12.88054239728,357.6292292155,
    27.78982760875));
#5978 = CARTESIAN_POINT('',(-8.53231710345,360.2032304366,10.87940461671
    ));
#5979 = CARTESIAN_POINT('',(-5.44130363827,360.7943765955,
    -1.458305139764));
#5980 = CARTESIAN_POINT('',(-3.75946803769,360.7234373587,-8.14176866463
    ));
#5981 = CARTESIAN_POINT('',(-3.56159986478,360.7097145332,
    -8.927440904586));
#5982 = CARTESIAN_POINT('',(-66.69253408585,187.7211700848,
    105.9652619894));
#5983 = CARTESIAN_POINT('',(-66.61173701208,188.4350383317,
    106.3025160251));
#5984 = CARTESIAN_POINT('',(-65.98417055252,193.7220914327,
    108.7600768387));
#5985 = CARTESIAN_POINT('',(-64.41351835995,203.6782428588,
    112.8297159544));
#5986 = CARTESIAN_POINT('',(-61.45045218703,217.6343683518,117.108509309
    ));
#5987 = CARTESIAN_POINT('',(-57.96187254269,231.2717942209,
    119.8513127026));
#5988 = CARTESIAN_POINT('',(-54.17103605196,244.3350166598,
    121.0759975139));
#5989 = CARTESIAN_POINT('',(-50.20338608597,256.7933870882,
    120.8611637944));
#5990 = CARTESIAN_POINT('',(-46.14365153242,268.638415115,119.2809204162
    ));
#5991 = CARTESIAN_POINT('',(-42.04373868298,279.8774522047,116.393502909
    ));
#5992 = CARTESIAN_POINT('',(-37.92709912011,290.5366433835,
    112.2273924734));
#5993 = CARTESIAN_POINT('',(-33.80262105715,300.6333480718,
    106.7805171512));
#5994 = CARTESIAN_POINT('',(-29.67012986067,310.1686412149,
    100.0218710803));
#5995 = CARTESIAN_POINT('',(-25.52454116213,319.1180967307,
    91.89696039234));
#5996 = CARTESIAN_POINT('',(-21.35737203021,327.425194539,82.33529682785
    ));
#5997 = CARTESIAN_POINT('',(-17.15919922958,334.9904972349,
    71.26760373759));
#5998 = CARTESIAN_POINT('',(-12.9195439003,341.6674359287,58.64865654887
    ));
#5999 = CARTESIAN_POINT('',(-8.64449958987,347.2390716142,44.54843553017
    ));
#6000 = CARTESIAN_POINT('',(-4.35210155241,351.4647307436,29.20232980318
    ));
#6001 = CARTESIAN_POINT('',(-2.687942869993E-02,354.1681021015,
    12.873078869));
#6002 = CARTESIAN_POINT('',(3.0497384303,354.8972343596,0.949598901091)
  );
#6003 = CARTESIAN_POINT('',(4.7194721919,354.9137582847,-5.50096873321)
  );
#6004 = CARTESIAN_POINT('',(4.9158494558,354.9104907452,-6.259124244793)
  );
#6005 = CARTESIAN_POINT('',(-57.2178967751,189.5228707935,101.5375298548
    ));
#6006 = CARTESIAN_POINT('',(-57.14707442494,190.196987562,101.8374181859
    ));
#6007 = CARTESIAN_POINT('',(-56.59549845033,195.1914566841,
    104.0214840244));
#6008 = CARTESIAN_POINT('',(-55.19661144994,204.6144827821,
    107.6194257444));
#6009 = CARTESIAN_POINT('',(-52.53630425352,217.7605448423,
    111.3204584339));
#6010 = CARTESIAN_POINT('',(-49.39507817312,230.5440295332,
    113.6025331236));
#6011 = CARTESIAN_POINT('',(-45.98074633447,242.7097733474,
    114.4998753183));
#6012 = CARTESIAN_POINT('',(-42.40843631529,254.2373072046,
    114.1028774858));
#6013 = CARTESIAN_POINT('',(-38.7535671752,265.1323204995,112.4936827979
    ));
#6014 = CARTESIAN_POINT('',(-35.05829613726,275.424121456,109.7341649763
    ));
#6015 = CARTESIAN_POINT('',(-31.33640117113,285.1627909013,
    105.8508641778));
#6016 = CARTESIAN_POINT('',(-27.58646487503,294.3911544732,
    100.8335015368));
#6017 = CARTESIAN_POINT('',(-23.79842789505,303.1333068618,
    94.63732531261));
#6018 = CARTESIAN_POINT('',(-19.95828236815,311.3842276462,
    87.18940204089));
#6019 = CARTESIAN_POINT('',(-16.05078725593,319.1012491125,
    78.39838497585));
#6020 = CARTESIAN_POINT('',(-12.06264305002,326.1932813459,
    68.17372909755));
#6021 = CARTESIAN_POINT('',(-7.98315581893,332.5168289484,56.45080453573
    ));
#6022 = CARTESIAN_POINT('',(-3.822038829,337.8549030658,43.28067728894)
  );
#6023 = CARTESIAN_POINT('',(0.3950434952,341.9630213443,28.87924347986)
  );
#6024 = CARTESIAN_POINT('',(4.6699762749,344.6570892506,13.5051679774));
#6025 = CARTESIAN_POINT('',(7.7215740719,345.4512654542,2.249205547711)
  );
#6026 = CARTESIAN_POINT('',(9.3732880277,345.5237947553,-3.830473433006)
  );
#6027 = CARTESIAN_POINT('',(9.5674710969,345.527394147,-4.544867015481)
  );
#6028 = CARTESIAN_POINT('',(-51.25260411247,193.2274888091,
    93.58068982511));
#6029 = CARTESIAN_POINT('',(-51.19860630429,193.8555749458,
    93.84664047553));
#6030 = CARTESIAN_POINT('',(-50.7738866457,198.5105355962,95.78280588845
    ));
#6031 = CARTESIAN_POINT('',(-49.64419894932,207.3057191343,
    98.95980830115));
#6032 = CARTESIAN_POINT('',(-47.4240762212,219.4850382694,102.1561121155
    ));
#6033 = CARTESIAN_POINT('',(-44.7643268878,231.2410196127,104.0541577411
    ));
#6034 = CARTESIAN_POINT('',(-41.85418419175,242.3235587373,
    104.7048068184));
#6035 = CARTESIAN_POINT('',(-38.79798728478,252.7260503242,
    104.2125469854));
#6036 = CARTESIAN_POINT('',(-35.66167768908,262.4715786286,
    102.6695425944));
#6037 = CARTESIAN_POINT('',(-32.47756406808,271.6146937981,
    100.1429203907));
#6038 = CARTESIAN_POINT('',(-29.24966974545,280.2321854692,
    96.65829977575));
#6039 = CARTESIAN_POINT('',(-25.96594455914,288.3948569727,
    92.19729227628));
#6040 = CARTESIAN_POINT('',(-22.60593266849,296.1517924836,
    86.70055592549));
#6041 = CARTESIAN_POINT('',(-19.14604785645,303.5188057522,
    80.07496955534));
#6042 = CARTESIAN_POINT('',(-15.56362741497,310.4678597573,
    72.20589459313));
#6043 = CARTESIAN_POINT('',(-11.84090414398,316.9164889558,
    62.97858555709));
#6044 = CARTESIAN_POINT('',(-7.96657105413,322.7241752859,52.30585049462
    ));
#6045 = CARTESIAN_POINT('',(-3.95373347724,327.6743131615,40.21617112799
    ));
#6046 = CARTESIAN_POINT('',(0.1641258299,331.5195052733,26.90201949373)
  );
#6047 = CARTESIAN_POINT('',(4.3741611586,334.0679415628,12.61632072658)
  );
#6048 = CARTESIAN_POINT('',(7.396422057,334.8378218199,2.112880775361));
#6049 = CARTESIAN_POINT('',(9.0287410775,334.9207796185,-3.551418728452)
  );
#6050 = CARTESIAN_POINT('',(9.2205798281,334.9259264163,-4.2168376708));
#6051 = ADVANCED_FACE('',(#6052),#6131,.T.);
#6052 = FACE_BOUND('',#6053,.T.);
#6053 = EDGE_LOOP('',(#6054,#6055,#6068,#6094,#6105,#6129,#6130));
#6054 = ORIENTED_EDGE('',*,*,#5804,.T.);
#6055 = ORIENTED_EDGE('',*,*,#6056,.F.);
#6056 = EDGE_CURVE('',#6057,#4769,#6059,.T.);
#6057 = VERTEX_POINT('',#6058);
#6058 = CARTESIAN_POINT('',(75.503624585244,110.39683984775,
    206.99285444726));
#6059 = B_SPLINE_CURVE_WITH_KNOTS('',4,(#6060,#6061,#6062,#6063,#6064,
    #6065,#6066,#6067),.UNSPECIFIED.,.F.,.F.,(5,3,5),(0.,0.602303911904,
    1.),.UNSPECIFIED.);
#6060 = CARTESIAN_POINT('',(75.503624586048,110.39683984622,
    206.99285444292));
#6061 = CARTESIAN_POINT('',(78.620711909281,102.14915364199,
    186.74478887174));
#6062 = CARTESIAN_POINT('',(81.667607211069,93.914153425177,
    166.48287396336));
#6063 = CARTESIAN_POINT('',(84.632900160298,85.721344025241,
    146.19200489848));
#6064 = CARTESIAN_POINT('',(89.404955056335,72.235822438596,
    112.43185646834));
#6065 = CARTESIAN_POINT('',(91.263078179762,66.903368444776,
    98.986836912757));
#6066 = CARTESIAN_POINT('',(93.094031420296,61.614309773548,
    85.521681584985));
#6067 = CARTESIAN_POINT('',(94.910622251443,56.380742035195,
    72.035304485359));
#6068 = ORIENTED_EDGE('',*,*,#6069,.F.);
#6069 = EDGE_CURVE('',#6070,#6057,#6072,.T.);
#6070 = VERTEX_POINT('',#6071);
#6071 = CARTESIAN_POINT('',(13.9965409242,20.95608274911,336.5999687214)
  );
#6072 = B_SPLINE_CURVE_WITH_KNOTS('',3,(#6073,#6074,#6075,#6076,#6077,
    #6078,#6079,#6080,#6081,#6082,#6083,#6084,#6085,#6086,#6087,#6088,
    #6089,#6090,#6091,#6092,#6093),.UNSPECIFIED.,.F.,.F.,(4,1,1,1,1,1,1,
    1,1,1,1,1,1,1,1,1,1,1,4),(0.,6.895398133565E-02,0.135228267765,
    0.198140063628,0.257482733022,0.313480911715,0.366570703763,
    0.417344999492,0.466468253441,0.514639870509,0.562570834148,
    0.61096782929,0.66052582545,0.711894330503,0.76565989997,
    0.822257680378,0.88151407475,0.941313284662,1.),.UNSPECIFIED.);
#6073 = CARTESIAN_POINT('',(13.996540924204,20.956082749109,
    336.59996872141));
#6074 = CARTESIAN_POINT('',(15.320129343362,25.606741319672,
    336.70374209954));
#6075 = CARTESIAN_POINT('',(17.925297296225,34.699127267072,
    336.4490338787));
#6076 = CARTESIAN_POINT('',(21.82291004123,47.798634997648,
    334.7206384339));
#6077 = CARTESIAN_POINT('',(25.638243373697,59.882645188216,
    331.8083569693));
#6078 = CARTESIAN_POINT('',(29.367673598575,70.806843666714,
    327.88929029231));
#6079 = CARTESIAN_POINT('',(33.01444781465,80.525312463165,
    323.12938123645));
#6080 = CARTESIAN_POINT('',(36.589736310303,89.063780280211,
    317.66102991637));
#6081 = CARTESIAN_POINT('',(40.108586280757,96.480730563897,
    311.57805531982));
#6082 = CARTESIAN_POINT('',(43.589746858083,102.84600121349,
    304.93337259967));
#6083 = CARTESIAN_POINT('',(47.052929153456,108.22085652771,
    297.74402987923));
#6084 = CARTESIAN_POINT('',(50.516305525091,112.64617485229,
    289.99757297063));
#6085 = CARTESIAN_POINT('',(53.993192978448,116.1348222646,
    281.65947682689));
#6086 = CARTESIAN_POINT('',(57.486760314636,118.66697939824,
    272.68404230297));
#6087 = CARTESIAN_POINT('',(60.984280878275,120.19055055486,
    263.02500405276));
#6088 = CARTESIAN_POINT('',(64.448511986607,120.62526563734,
    252.65213724742));
#6089 = CARTESIAN_POINT('',(67.801219857983,119.87639491882,
    241.59466458734));
#6090 = CARTESIAN_POINT('',(70.891221980653,117.88801845131,
    230.06872027059));
#6091 = CARTESIAN_POINT('',(73.536812672634,114.72738246702,
    218.43605950746));
#6092 = CARTESIAN_POINT('',(74.923070000796,111.93347589813,
    210.76431627038));
#6093 = CARTESIAN_POINT('',(75.503624586049,110.39683984623,
    206.99285444293));
#6094 = ORIENTED_EDGE('',*,*,#6095,.T.);
#6095 = EDGE_CURVE('',#6070,#6096,#6098,.T.);
#6096 = VERTEX_POINT('',#6097);
#6097 = CARTESIAN_POINT('',(8.659650904953,2.249353743133,
    336.19165925978));
#6098 = B_SPLINE_CURVE_WITH_KNOTS('',3,(#6099,#6100,#6101,#6102,#6103,
    #6104),.UNSPECIFIED.,.F.,.F.,(4,1,1,4),(0.,0.333333333333,
    0.666666666667,1.),.UNSPECIFIED.);
#6099 = CARTESIAN_POINT('',(13.9965409242,20.95608274911,336.5999687214)
  );
#6100 = CARTESIAN_POINT('',(13.4101952345,18.89583331298,336.5538434429)
  );
#6101 = CARTESIAN_POINT('',(12.2330759777,14.76316031737,336.4620222608)
  );
#6102 = CARTESIAN_POINT('',(10.4540578516,8.52758389453,336.3259674436)
  );
#6103 = CARTESIAN_POINT('',(9.2592372509,4.346166145655,336.2362017302)
  );
#6104 = CARTESIAN_POINT('',(8.6595983379,2.249362083353,336.1916585197)
  );
#6105 = ORIENTED_EDGE('',*,*,#6106,.F.);
#6106 = EDGE_CURVE('',#2493,#6096,#6107,.T.);
#6107 = B_SPLINE_CURVE_WITH_KNOTS('',3,(#6108,#6109,#6110,#6111,#6112,
    #6113,#6114,#6115,#6116,#6117,#6118,#6119,#6120,#6121,#6122,#6123,
    #6124,#6125,#6126,#6127,#6128),.UNSPECIFIED.,.F.,.F.,(4,1,1,1,1,1,1,
    1,1,1,1,1,1,1,1,1,1,1,4),(0.,6.129609314324E-02,0.121405320676,
    0.177787743905,0.230935057584,0.281369611588,0.329574771328,
    0.376298346325,0.422329335317,0.468479349426,0.515566157067,
    0.564409163865,0.615811782413,0.670541309191,0.729209838828,
    0.792233205055,0.858907691196,0.928034200611,1.),.UNSPECIFIED.);
#6108 = CARTESIAN_POINT('',(-51.82510647821,-95.33663861319,
    194.69027254348));
#6109 = CARTESIAN_POINT('',(-51.42254651309,-97.01145555377,
    198.76314440686));
#6110 = CARTESIAN_POINT('',(-50.34548823511,-100.0038522251,
    206.98495488105));
#6111 = CARTESIAN_POINT('',(-48.0720892364,-103.2624947432,
    219.28206758164));
#6112 = CARTESIAN_POINT('',(-45.35397814451,-105.2080861199,
    231.1632077427));
#6113 = CARTESIAN_POINT('',(-42.38265140413,-105.8894478608,
    242.3776756519));
#6114 = CARTESIAN_POINT('',(-39.26376960989,-105.4093502664,
    252.91718454355));
#6115 = CARTESIAN_POINT('',(-36.06443650201,-103.8587386171,
    262.80270132898));
#6116 = CARTESIAN_POINT('',(-32.81816886547,-101.3041037395,
    272.08569616391));
#6117 = CARTESIAN_POINT('',(-29.53018672005,-97.77118356728,
    280.83969589266));
#6118 = CARTESIAN_POINT('',(-26.1897430315,-93.24258540337,
    289.13208391233));
#6119 = CARTESIAN_POINT('',(-22.77765508923,-87.66075328283,
    297.00888825338));
#6120 = CARTESIAN_POINT('',(-19.27150862526,-80.9350340871,
    304.48337354605));
#6121 = CARTESIAN_POINT('',(-15.64954815507,-72.95363452958,
    311.5257114431));
#6122 = CARTESIAN_POINT('',(-11.89455156742,-63.60476322196,
    318.05237947985));
#6123 = CARTESIAN_POINT('',(-7.995284952117,-52.80398001709,
    323.92249368053));
#6124 = CARTESIAN_POINT('',(-3.964436116434,-40.5825183834,
    328.91940377126));
#6125 = CARTESIAN_POINT('',(0.165470659172,-27.13570375318,
    332.7960750267));
#6126 = CARTESIAN_POINT('',(4.383391289801,-12.71715663874,
    335.36164464111));
#6127 = CARTESIAN_POINT('',(7.216724565971,-2.795902305011,
    336.08488329425));
#6128 = CARTESIAN_POINT('',(8.65957294402,2.249369355047,336.19165806823
    ));
#6129 = ORIENTED_EDGE('',*,*,#2490,.F.);
#6130 = ORIENTED_EDGE('',*,*,#2723,.T.);
#6131 = B_SPLINE_SURFACE_WITH_KNOTS('',3,3,(
    (#6132,#6133,#6134,#6135)
    ,(#6136,#6137,#6138,#6139)
    ,(#6140,#6141,#6142,#6143)
    ,(#6144,#6145,#6146,#6147
    )),.UNSPECIFIED.,.F.,.F.,.F.,(4,4),(4,4),(6.742613369074E-02,
    0.942674664303),(0.185403669306,0.949801979852),
  .PIECEWISE_BEZIER_KNOTS.);
#6132 = CARTESIAN_POINT('',(-70.97254957778,-49.64579476907,
    66.74532095007));
#6133 = CARTESIAN_POINT('',(-59.14984849385,-85.36188022617,
    158.4731182156));
#6134 = CARTESIAN_POINT('',(-47.32714740991,-121.0779656833,
    250.2009154811));
#6135 = CARTESIAN_POINT('',(-35.50444632598,-156.7940511404,
    341.9287127466));
#6136 = CARTESIAN_POINT('',(-13.19431890624,-13.58520921272,
    66.74532095007));
#6137 = CARTESIAN_POINT('',(-10.61337604801,-25.16225938284,
    158.4731182156));
#6138 = CARTESIAN_POINT('',(-8.03243318979,-36.73930955297,
    250.2009154811));
#6139 = CARTESIAN_POINT('',(-5.45149033157,-48.3163597231,341.9287127466
    ));
#6140 = CARTESIAN_POINT('',(44.5839117653,22.47537634364,66.74532095007)
  );
#6141 = CARTESIAN_POINT('',(37.9230963978,35.03736146048,158.4731182156)
  );
#6142 = CARTESIAN_POINT('',(31.2622810303,47.59934657733,250.2009154811)
  );
#6143 = CARTESIAN_POINT('',(24.6014656628,60.16133169417,341.9287127466)
  );
#6144 = CARTESIAN_POINT('',(102.3621424369,58.53596189999,66.74532095007
    ));
#6145 = CARTESIAN_POINT('',(86.4595688437,95.23698230381,158.4731182156)
  );
#6146 = CARTESIAN_POINT('',(70.5569952505,131.9380027076,250.2009154811)
  );
#6147 = CARTESIAN_POINT('',(54.6544216573,168.6390231114,341.9287127466)
  );
#6148 = ADVANCED_FACE('',(#6149),#6161,.T.);
#6149 = FACE_BOUND('',#6150,.T.);
#6150 = EDGE_LOOP('',(#6151,#6152,#6153,#6154));
#6151 = ORIENTED_EDGE('',*,*,#5031,.F.);
#6152 = ORIENTED_EDGE('',*,*,#2525,.T.);
#6153 = ORIENTED_EDGE('',*,*,#6106,.T.);
#6154 = ORIENTED_EDGE('',*,*,#6155,.T.);
#6155 = EDGE_CURVE('',#6096,#4858,#6156,.T.);
#6156 = CIRCLE('',#6157,30.00007925517);
#6157 = AXIS2_PLACEMENT_3D('',#6158,#6159,#6160);
#6158 = CARTESIAN_POINT('',(-20.17703288425,10.50692915626,
    335.6789491521));
#6159 = DIRECTION('',(-0.275619041209,-0.960935459645,2.524255375889E-02
    ));
#6160 = DIRECTION('',(0.961220253584,-0.2752517866,1.709029177301E-02));
#6161 = ( BOUNDED_SURFACE() B_SPLINE_SURFACE(3,3,(
    (#6162,#6163,#6164,#6165,#6166,#6167,#6168,#6169,#6170,#6171,#6172
      ,#6173,#6174,#6175,#6176,#6177,#6178,#6179,#6180,#6181,#6182,#6183
      ,#6184)
    ,(#6185,#6186,#6187,#6188,#6189,#6190,#6191,#6192,#6193,#6194,#6195
      ,#6196,#6197,#6198,#6199,#6200,#6201,#6202,#6203,#6204,#6205,#6206
      ,#6207)
    ,(#6208,#6209,#6210,#6211,#6212,#6213,#6214,#6215,#6216,#6217,#6218
      ,#6219,#6220,#6221,#6222,#6223,#6224,#6225,#6226,#6227,#6228,#6229
      ,#6230)
    ,(#6231,#6232,#6233,#6234,#6235,#6236,#6237,#6238,#6239,#6240,#6241
      ,#6242,#6243,#6244,#6245,#6246,#6247,#6248,#6249,#6250,#6251,#6252
,#6253
    )),.UNSPECIFIED.,.F.,.F.,.F.) B_SPLINE_SURFACE_WITH_KNOTS((4,4),(4,1
    ,1,1,1,1,1,1,1,1,1,1,1,1,1,1,1,1,1,1,4),(0.,1.),(-9.596752213963E-03
    ,0.,6.129609314324E-02,0.121405320676,0.177787743905,0.230935057584,
    0.281369611588,0.329574771328,0.376298346325,0.422329335317,
    0.468479349426,0.515566157067,0.564409163865,0.615811782413,
    0.670541309191,0.729209838828,0.792233205055,0.858907691196,
    0.928034200611,1.,1.00958620542),.UNSPECIFIED.) 
GEOMETRIC_REPRESENTATION_ITEM() RATIONAL_B_SPLINE_SURFACE((
    (1.067265033479,1.067265033479,1.067265033479,1.067265033479
      ,1.067265033479,1.067265033479,1.067265033479,1.067265033479
      ,1.067265033479,1.067265033479,1.067265033479,1.067265033479
      ,1.067265033479,1.067265033479,1.067265033479,1.067265033479
      ,1.067265033479,1.067265033479,1.067265033479,1.067265033479
      ,1.067265033479,1.067265033479,1.067265033479)
    ,(0.977578322174,0.977578322174,0.977578322174,0.977578322174
      ,0.977578322174,0.977578322174,0.977578322174,0.977578322174
      ,0.977578322174,0.977578322174,0.977578322174,0.977578322174
      ,0.977578322174,0.977578322174,0.977578322174,0.977578322174
      ,0.977578322174,0.977578322174,0.977578322174,0.977578322174
      ,0.977578322174,0.977578322174,0.977578322174)
    ,(0.977578322174,0.977578322174,0.977578322174,0.977578322174
      ,0.977578322174,0.977578322174,0.977578322174,0.977578322174
      ,0.977578322174,0.977578322174,0.977578322174,0.977578322174
      ,0.977578322174,0.977578322174,0.977578322174,0.977578322174
      ,0.977578322174,0.977578322174,0.977578322174,0.977578322174
      ,0.977578322174,0.977578322174,0.977578322174)
    ,(1.067265033479,1.067265033479,1.067265033479,1.067265033479
      ,1.067265033479,1.067265033479,1.067265033479,1.067265033479
      ,1.067265033479,1.067265033479,1.067265033479,1.067265033479
      ,1.067265033479,1.067265033479,1.067265033479,1.067265033479
      ,1.067265033479,1.067265033479,1.067265033479,1.067265033479
      ,1.067265033479,1.067265033479,1.067265033479
))) REPRESENTATION_ITEM('') SURFACE() );
#6162 = CARTESIAN_POINT('',(-77.28793672873,-105.7476440925,
    188.2765998527));
#6163 = CARTESIAN_POINT('',(-77.20652940204,-106.1162718707,
    189.0139189796));
#6164 = CARTESIAN_POINT('',(-76.57299567631,-108.8039734549,
    194.4728704277));
#6165 = CARTESIAN_POINT('',(-74.97131482982,-113.2771519836,
    204.7330277466));
#6166 = CARTESIAN_POINT('',(-71.91924145317,-118.061082912,
    219.1383182009));
#6167 = CARTESIAN_POINT('',(-68.30500011374,-121.2251638122,
    233.2408424121));
#6168 = CARTESIAN_POINT('',(-64.36026120817,-122.7753168626,
    246.7895608472));
#6169 = CARTESIAN_POINT('',(-60.21771063149,-122.7836253483,
    259.7498959641));
#6170 = CARTESIAN_POINT('',(-55.96887235964,-121.3201761904,
    272.1059674189));
#6171 = CARTESIAN_POINT('',(-51.67284449778,-118.4420987545,
    283.8519904344));
#6172 = CARTESIAN_POINT('',(-47.36023246645,-114.180346232,294.998981518
    ));
#6173 = CARTESIAN_POINT('',(-43.04730487809,-108.5390818897,
    305.5477654443));
#6174 = CARTESIAN_POINT('',(-38.74076809118,-101.4967360274,
    315.4841704883));
#6175 = CARTESIAN_POINT('',(-34.4415567373,-93.01085759732,
    324.7706856315));
#6176 = CARTESIAN_POINT('',(-30.14557869432,-83.0241250104,
    333.3412089685));
#6177 = CARTESIAN_POINT('',(-25.84571836326,-71.48023608837,
    341.0903369093));
#6178 = CARTESIAN_POINT('',(-21.53125974946,-58.34532264818,
    347.8691057522));
#6179 = CARTESIAN_POINT('',(-17.20536156813,-43.6998408881,
    353.4610468878));
#6180 = CARTESIAN_POINT('',(-12.88054239728,-27.78982760875,
    357.6292292155));
#6181 = CARTESIAN_POINT('',(-8.53231710345,-10.87940461671,
    360.2032304366));
#6182 = CARTESIAN_POINT('',(-5.44130363827,1.458305139764,360.7943765955
    ));
#6183 = CARTESIAN_POINT('',(-3.75946803769,8.14176866463,360.7234373587)
  );
#6184 = CARTESIAN_POINT('',(-3.56159986478,8.927440904586,360.7097145332
    ));
#6185 = CARTESIAN_POINT('',(-66.69253408585,-105.9652619894,
    187.7211700848));
#6186 = CARTESIAN_POINT('',(-66.61173701208,-106.3025160251,
    188.4350383317));
#6187 = CARTESIAN_POINT('',(-65.98417055252,-108.7600768387,
    193.7220914327));
#6188 = CARTESIAN_POINT('',(-64.41351835995,-112.8297159544,
    203.6782428588));
#6189 = CARTESIAN_POINT('',(-61.45045218703,-117.108509309,
    217.6343683518));
#6190 = CARTESIAN_POINT('',(-57.96187254269,-119.8513127026,
    231.2717942209));
#6191 = CARTESIAN_POINT('',(-54.17103605196,-121.0759975139,
    244.3350166598));
#6192 = CARTESIAN_POINT('',(-50.20338608597,-120.8611637944,
    256.7933870882));
#6193 = CARTESIAN_POINT('',(-46.14365153242,-119.2809204162,
    268.638415115));
#6194 = CARTESIAN_POINT('',(-42.04373868298,-116.393502909,
    279.8774522047));
#6195 = CARTESIAN_POINT('',(-37.92709912011,-112.2273924734,
    290.5366433835));
#6196 = CARTESIAN_POINT('',(-33.80262105715,-106.7805171512,
    300.6333480718));
#6197 = CARTESIAN_POINT('',(-29.67012986067,-100.0218710803,
    310.1686412149));
#6198 = CARTESIAN_POINT('',(-25.52454116213,-91.89696039234,
    319.1180967307));
#6199 = CARTESIAN_POINT('',(-21.35737203021,-82.33529682785,
    327.425194539));
#6200 = CARTESIAN_POINT('',(-17.15919922958,-71.26760373759,
    334.9904972349));
#6201 = CARTESIAN_POINT('',(-12.9195439003,-58.64865654887,
    341.6674359287));
#6202 = CARTESIAN_POINT('',(-8.64449958987,-44.54843553017,
    347.2390716142));
#6203 = CARTESIAN_POINT('',(-4.35210155241,-29.20232980318,
    351.4647307436));
#6204 = CARTESIAN_POINT('',(-2.687942870001E-02,-12.873078869,
    354.1681021015));
#6205 = CARTESIAN_POINT('',(3.0497384303,-0.949598901091,354.8972343596)
  );
#6206 = CARTESIAN_POINT('',(4.7194721919,5.50096873321,354.9137582847));
#6207 = CARTESIAN_POINT('',(4.9158494558,6.259124244793,354.9104907452)
  );
#6208 = CARTESIAN_POINT('',(-57.2178967751,-101.5375298548,
    189.5228707935));
#6209 = CARTESIAN_POINT('',(-57.14707442494,-101.8374181859,
    190.196987562));
#6210 = CARTESIAN_POINT('',(-56.59549845033,-104.0214840244,
    195.1914566841));
#6211 = CARTESIAN_POINT('',(-55.19661144994,-107.6194257444,
    204.6144827821));
#6212 = CARTESIAN_POINT('',(-52.53630425351,-111.3204584339,
    217.7605448423));
#6213 = CARTESIAN_POINT('',(-49.39507817312,-113.6025331236,
    230.5440295332));
#6214 = CARTESIAN_POINT('',(-45.98074633447,-114.4998753183,
    242.7097733474));
#6215 = CARTESIAN_POINT('',(-42.40843631529,-114.1028774858,
    254.2373072046));
#6216 = CARTESIAN_POINT('',(-38.7535671752,-112.4936827979,
    265.1323204995));
#6217 = CARTESIAN_POINT('',(-35.05829613726,-109.7341649763,
    275.424121456));
#6218 = CARTESIAN_POINT('',(-31.33640117113,-105.8508641778,
    285.1627909013));
#6219 = CARTESIAN_POINT('',(-27.58646487503,-100.8335015368,
    294.3911544732));
#6220 = CARTESIAN_POINT('',(-23.79842789505,-94.63732531261,
    303.1333068618));
#6221 = CARTESIAN_POINT('',(-19.95828236815,-87.18940204089,
    311.3842276462));
#6222 = CARTESIAN_POINT('',(-16.05078725593,-78.39838497585,
    319.1012491125));
#6223 = CARTESIAN_POINT('',(-12.06264305002,-68.17372909755,
    326.1932813459));
#6224 = CARTESIAN_POINT('',(-7.98315581893,-56.45080453573,
    332.5168289484));
#6225 = CARTESIAN_POINT('',(-3.822038829,-43.28067728894,337.8549030658)
  );
#6226 = CARTESIAN_POINT('',(0.3950434952,-28.87924347986,341.9630213443)
  );
#6227 = CARTESIAN_POINT('',(4.6699762749,-13.5051679774,344.6570892506)
  );
#6228 = CARTESIAN_POINT('',(7.7215740719,-2.249205547711,345.4512654542)
  );
#6229 = CARTESIAN_POINT('',(9.3732880277,3.830473433006,345.5237947553)
  );
#6230 = CARTESIAN_POINT('',(9.5674710969,4.544867015481,345.527394147));
#6231 = CARTESIAN_POINT('',(-51.25260411247,-93.58068982511,
    193.2274888091));
#6232 = CARTESIAN_POINT('',(-51.19860630429,-93.84664047553,
    193.8555749458));
#6233 = CARTESIAN_POINT('',(-50.7738866457,-95.78280588845,
    198.5105355962));
#6234 = CARTESIAN_POINT('',(-49.64419894932,-98.95980830115,
    207.3057191343));
#6235 = CARTESIAN_POINT('',(-47.4240762212,-102.1561121155,
    219.4850382694));
#6236 = CARTESIAN_POINT('',(-44.7643268878,-104.0541577411,
    231.2410196127));
#6237 = CARTESIAN_POINT('',(-41.85418419175,-104.7048068184,
    242.3235587373));
#6238 = CARTESIAN_POINT('',(-38.79798728478,-104.2125469854,
    252.7260503242));
#6239 = CARTESIAN_POINT('',(-35.66167768908,-102.6695425944,
    262.4715786286));
#6240 = CARTESIAN_POINT('',(-32.47756406808,-100.1429203907,
    271.6146937981));
#6241 = CARTESIAN_POINT('',(-29.24966974545,-96.65829977575,
    280.2321854692));
#6242 = CARTESIAN_POINT('',(-25.96594455914,-92.19729227628,
    288.3948569727));
#6243 = CARTESIAN_POINT('',(-22.60593266849,-86.70055592549,
    296.1517924836));
#6244 = CARTESIAN_POINT('',(-19.14604785645,-80.07496955534,
    303.5188057522));
#6245 = CARTESIAN_POINT('',(-15.56362741497,-72.20589459313,
    310.4678597573));
#6246 = CARTESIAN_POINT('',(-11.84090414398,-62.97858555709,
    316.9164889558));
#6247 = CARTESIAN_POINT('',(-7.96657105413,-52.30585049462,
    322.7241752859));
#6248 = CARTESIAN_POINT('',(-3.95373347724,-40.21617112799,
    327.6743131615));
#6249 = CARTESIAN_POINT('',(0.1641258299,-26.90201949373,331.5195052733)
  );
#6250 = CARTESIAN_POINT('',(4.3741611586,-12.61632072658,334.0679415628)
  );
#6251 = CARTESIAN_POINT('',(7.396422057,-2.112880775361,334.8378218199)
  );
#6252 = CARTESIAN_POINT('',(9.0287410775,3.551418728451,334.9207796185)
  );
#6253 = CARTESIAN_POINT('',(9.2205798281,4.2168376708,334.9259264163));
#6254 = ADVANCED_FACE('',(#6255),#6334,.T.);
#6255 = FACE_BOUND('',#6256,.T.);
#6256 = EDGE_LOOP('',(#6257,#6258,#6271,#6297,#6308,#6332,#6333));
#6257 = ORIENTED_EDGE('',*,*,#4720,.T.);
#6258 = ORIENTED_EDGE('',*,*,#6259,.F.);
#6259 = EDGE_CURVE('',#6260,#4133,#6262,.T.);
#6260 = VERTEX_POINT('',#6261);
#6261 = CARTESIAN_POINT('',(75.503624585244,-206.9928544472,
    110.39683984775));
#6262 = B_SPLINE_CURVE_WITH_KNOTS('',4,(#6263,#6264,#6265,#6266,#6267,
    #6268,#6269,#6270),.UNSPECIFIED.,.F.,.F.,(5,3,5),(0.,0.602303911904,
    1.),.UNSPECIFIED.);
#6263 = CARTESIAN_POINT('',(75.503624586048,-206.9928544429,
    110.39683984622));
#6264 = CARTESIAN_POINT('',(78.620711909281,-186.7447888717,
    102.14915364199));
#6265 = CARTESIAN_POINT('',(81.667607211069,-166.4828739633,
    93.914153425177));
#6266 = CARTESIAN_POINT('',(84.632900160298,-146.1920048984,
    85.721344025241));
#6267 = CARTESIAN_POINT('',(89.404955056335,-112.4318564683,
    72.235822438596));
#6268 = CARTESIAN_POINT('',(91.263078179762,-98.98683691276,
    66.903368444776));
#6269 = CARTESIAN_POINT('',(93.094031420296,-85.52168158499,
    61.614309773549));
#6270 = CARTESIAN_POINT('',(94.910622251443,-72.03530448536,
    56.380742035196));
#6271 = ORIENTED_EDGE('',*,*,#6272,.F.);
#6272 = EDGE_CURVE('',#6273,#6260,#6275,.T.);
#6273 = VERTEX_POINT('',#6274);
#6274 = CARTESIAN_POINT('',(13.9965409242,-336.5999687214,20.95608274911
    ));
#6275 = B_SPLINE_CURVE_WITH_KNOTS('',3,(#6276,#6277,#6278,#6279,#6280,
    #6281,#6282,#6283,#6284,#6285,#6286,#6287,#6288,#6289,#6290,#6291,
    #6292,#6293,#6294,#6295,#6296),.UNSPECIFIED.,.F.,.F.,(4,1,1,1,1,1,1,
    1,1,1,1,1,1,1,1,1,1,1,4),(0.,6.895398133565E-02,0.135228267765,
    0.198140063628,0.257482733022,0.313480911715,0.366570703763,
    0.417344999492,0.466468253441,0.514639870509,0.562570834148,
    0.61096782929,0.66052582545,0.711894330503,0.76565989997,
    0.822257680378,0.88151407475,0.941313284662,1.),.UNSPECIFIED.);
#6276 = CARTESIAN_POINT('',(13.996540924204,-336.5999687214,
    20.956082749109));
#6277 = CARTESIAN_POINT('',(15.320129343362,-336.7037420995,
    25.606741319673));
#6278 = CARTESIAN_POINT('',(17.925297296225,-336.4490338787,
    34.699127267072));
#6279 = CARTESIAN_POINT('',(21.82291004123,-334.7206384339,
    47.798634997648));
#6280 = CARTESIAN_POINT('',(25.638243373697,-331.8083569693,
    59.882645188216));
#6281 = CARTESIAN_POINT('',(29.367673598575,-327.8892902923,
    70.806843666714));
#6282 = CARTESIAN_POINT('',(33.01444781465,-323.1293812364,
    80.525312463165));
#6283 = CARTESIAN_POINT('',(36.589736310303,-317.6610299163,
    89.063780280211));
#6284 = CARTESIAN_POINT('',(40.108586280757,-311.5780553198,
    96.480730563897));
#6285 = CARTESIAN_POINT('',(43.589746858083,-304.9333725996,
    102.84600121349));
#6286 = CARTESIAN_POINT('',(47.052929153456,-297.7440298792,
    108.22085652771));
#6287 = CARTESIAN_POINT('',(50.516305525091,-289.9975729706,
    112.64617485229));
#6288 = CARTESIAN_POINT('',(53.993192978448,-281.6594768268,
    116.1348222646));
#6289 = CARTESIAN_POINT('',(57.486760314636,-272.6840423029,
    118.66697939824));
#6290 = CARTESIAN_POINT('',(60.984280878275,-263.0250040527,
    120.19055055486));
#6291 = CARTESIAN_POINT('',(64.448511986607,-252.6521372474,
    120.62526563734));
#6292 = CARTESIAN_POINT('',(67.801219857983,-241.5946645873,
    119.87639491882));
#6293 = CARTESIAN_POINT('',(70.891221980653,-230.0687202705,
    117.88801845131));
#6294 = CARTESIAN_POINT('',(73.536812672634,-218.4360595074,
    114.72738246702));
#6295 = CARTESIAN_POINT('',(74.923070000796,-210.7643162703,
    111.93347589813));
#6296 = CARTESIAN_POINT('',(75.503624586049,-206.9928544429,
    110.39683984623));
#6297 = ORIENTED_EDGE('',*,*,#6298,.T.);
#6298 = EDGE_CURVE('',#6273,#6299,#6301,.T.);
#6299 = VERTEX_POINT('',#6300);
#6300 = CARTESIAN_POINT('',(8.659650904953,-336.1916592597,
    2.249353743133));
#6301 = B_SPLINE_CURVE_WITH_KNOTS('',3,(#6302,#6303,#6304,#6305,#6306,
    #6307),.UNSPECIFIED.,.F.,.F.,(4,1,1,4),(0.,0.333333333333,
    0.666666666667,1.),.UNSPECIFIED.);
#6302 = CARTESIAN_POINT('',(13.9965409242,-336.5999687214,20.95608274911
    ));
#6303 = CARTESIAN_POINT('',(13.4101952345,-336.5538434429,18.89583331298
    ));
#6304 = CARTESIAN_POINT('',(12.2330759777,-336.4620222608,14.76316031737
    ));
#6305 = CARTESIAN_POINT('',(10.4540578516,-336.3259674436,8.52758389453)
  );
#6306 = CARTESIAN_POINT('',(9.2592372509,-336.2362017302,4.346166145655)
  );
#6307 = CARTESIAN_POINT('',(8.6595983379,-336.1916585197,2.249362083353)
  );
#6308 = ORIENTED_EDGE('',*,*,#6309,.F.);
#6309 = EDGE_CURVE('',#3082,#6299,#6310,.T.);
#6310 = B_SPLINE_CURVE_WITH_KNOTS('',3,(#6311,#6312,#6313,#6314,#6315,
    #6316,#6317,#6318,#6319,#6320,#6321,#6322,#6323,#6324,#6325,#6326,
    #6327,#6328,#6329,#6330,#6331),.UNSPECIFIED.,.F.,.F.,(4,1,1,1,1,1,1,
    1,1,1,1,1,1,1,1,1,1,1,4),(0.,6.129609314324E-02,0.121405320676,
    0.177787743905,0.230935057584,0.281369611588,0.329574771328,
    0.376298346325,0.422329335317,0.468479349426,0.515566157067,
    0.564409163865,0.615811782413,0.670541309191,0.729209838828,
    0.792233205055,0.858907691196,0.928034200611,1.),.UNSPECIFIED.);
#6311 = CARTESIAN_POINT('',(-51.82510647821,-194.6902725434,
    -95.33663861319));
#6312 = CARTESIAN_POINT('',(-51.42254651309,-198.7631444068,
    -97.01145555377));
#6313 = CARTESIAN_POINT('',(-50.34548823511,-206.984954881,
    -100.0038522251));
#6314 = CARTESIAN_POINT('',(-48.0720892364,-219.2820675816,
    -103.2624947432));
#6315 = CARTESIAN_POINT('',(-45.35397814451,-231.1632077427,
    -105.2080861199));
#6316 = CARTESIAN_POINT('',(-42.38265140413,-242.3776756519,
    -105.8894478608));
#6317 = CARTESIAN_POINT('',(-39.26376960989,-252.9171845435,
    -105.4093502664));
#6318 = CARTESIAN_POINT('',(-36.06443650201,-262.8027013289,
    -103.8587386171));
#6319 = CARTESIAN_POINT('',(-32.81816886547,-272.0856961639,
    -101.3041037395));
#6320 = CARTESIAN_POINT('',(-29.53018672005,-280.8396958926,
    -97.77118356728));
#6321 = CARTESIAN_POINT('',(-26.1897430315,-289.1320839123,
    -93.24258540337));
#6322 = CARTESIAN_POINT('',(-22.77765508923,-297.0088882533,
    -87.66075328283));
#6323 = CARTESIAN_POINT('',(-19.27150862526,-304.483373546,
    -80.9350340871));
#6324 = CARTESIAN_POINT('',(-15.64954815507,-311.5257114431,
    -72.95363452958));
#6325 = CARTESIAN_POINT('',(-11.89455156742,-318.0523794798,
    -63.60476322196));
#6326 = CARTESIAN_POINT('',(-7.995284952117,-323.9224936805,
    -52.80398001709));
#6327 = CARTESIAN_POINT('',(-3.964436116434,-328.9194037712,
    -40.5825183834));
#6328 = CARTESIAN_POINT('',(0.165470659172,-332.7960750267,
    -27.13570375318));
#6329 = CARTESIAN_POINT('',(4.383391289801,-335.3616446411,
    -12.71715663874));
#6330 = CARTESIAN_POINT('',(7.216724565971,-336.0848832942,
    -2.795902305011));
#6331 = CARTESIAN_POINT('',(8.65957294402,-336.1916580682,2.249369355048
    ));
#6332 = ORIENTED_EDGE('',*,*,#3079,.F.);
#6333 = ORIENTED_EDGE('',*,*,#3312,.T.);
#6334 = B_SPLINE_SURFACE_WITH_KNOTS('',3,3,(
    (#6335,#6336,#6337,#6338)
    ,(#6339,#6340,#6341,#6342)
    ,(#6343,#6344,#6345,#6346)
    ,(#6347,#6348,#6349,#6350
    )),.UNSPECIFIED.,.F.,.F.,.F.,(4,4),(4,4),(6.742613369074E-02,
    0.942674664303),(0.185403669306,0.949801979852),
  .PIECEWISE_BEZIER_KNOTS.);
#6335 = CARTESIAN_POINT('',(-70.97254957778,-66.74532095007,
    -49.64579476907));
#6336 = CARTESIAN_POINT('',(-59.14984849385,-158.4731182156,
    -85.36188022617));
#6337 = CARTESIAN_POINT('',(-47.32714740991,-250.2009154811,
    -121.0779656833));
#6338 = CARTESIAN_POINT('',(-35.50444632598,-341.9287127466,
    -156.7940511404));
#6339 = CARTESIAN_POINT('',(-13.19431890624,-66.74532095007,
    -13.58520921272));
#6340 = CARTESIAN_POINT('',(-10.61337604801,-158.4731182156,
    -25.16225938284));
#6341 = CARTESIAN_POINT('',(-8.03243318979,-250.2009154811,
    -36.73930955297));
#6342 = CARTESIAN_POINT('',(-5.45149033157,-341.9287127466,
    -48.3163597231));
#6343 = CARTESIAN_POINT('',(44.5839117653,-66.74532095007,22.47537634364
    ));
#6344 = CARTESIAN_POINT('',(37.9230963978,-158.4731182156,35.03736146048
    ));
#6345 = CARTESIAN_POINT('',(31.2622810303,-250.2009154811,47.59934657733
    ));
#6346 = CARTESIAN_POINT('',(24.6014656628,-341.9287127466,60.16133169417
    ));
#6347 = CARTESIAN_POINT('',(102.3621424369,-66.74532095007,
    58.53596189999));
#6348 = CARTESIAN_POINT('',(86.4595688437,-158.4731182156,95.23698230381
    ));
#6349 = CARTESIAN_POINT('',(70.5569952505,-250.2009154811,131.9380027076
    ));
#6350 = CARTESIAN_POINT('',(54.6544216573,-341.9287127466,168.6390231114
    ));
#6351 = ADVANCED_FACE('',(#6352),#6364,.T.);
#6352 = FACE_BOUND('',#6353,.T.);
#6353 = EDGE_LOOP('',(#6354,#6355,#6356,#6357));
#6354 = ORIENTED_EDGE('',*,*,#4395,.F.);
#6355 = ORIENTED_EDGE('',*,*,#3114,.T.);
#6356 = ORIENTED_EDGE('',*,*,#6309,.T.);
#6357 = ORIENTED_EDGE('',*,*,#6358,.T.);
#6358 = EDGE_CURVE('',#6299,#4222,#6359,.T.);
#6359 = CIRCLE('',#6360,30.00007925517);
#6360 = AXIS2_PLACEMENT_3D('',#6361,#6362,#6363);
#6361 = CARTESIAN_POINT('',(-20.17703288425,-335.6789491521,
    10.50692915626));
#6362 = DIRECTION('',(-0.275619041209,-2.524255375889E-02,
    -0.960935459645));
#6363 = DIRECTION('',(0.961220253584,-1.709029177301E-02,-0.2752517866)
  );
#6364 = ( BOUNDED_SURFACE() B_SPLINE_SURFACE(3,3,(
    (#6365,#6366,#6367,#6368,#6369,#6370,#6371,#6372,#6373,#6374,#6375
      ,#6376,#6377,#6378,#6379,#6380,#6381,#6382,#6383,#6384,#6385,#6386
      ,#6387)
    ,(#6388,#6389,#6390,#6391,#6392,#6393,#6394,#6395,#6396,#6397,#6398
      ,#6399,#6400,#6401,#6402,#6403,#6404,#6405,#6406,#6407,#6408,#6409
      ,#6410)
    ,(#6411,#6412,#6413,#6414,#6415,#6416,#6417,#6418,#6419,#6420,#6421
      ,#6422,#6423,#6424,#6425,#6426,#6427,#6428,#6429,#6430,#6431,#6432
      ,#6433)
    ,(#6434,#6435,#6436,#6437,#6438,#6439,#6440,#6441,#6442,#6443,#6444
      ,#6445,#6446,#6447,#6448,#6449,#6450,#6451,#6452,#6453,#6454,#6455
,#6456
    )),.UNSPECIFIED.,.F.,.F.,.F.) B_SPLINE_SURFACE_WITH_KNOTS((4,4),(4,1
    ,1,1,1,1,1,1,1,1,1,1,1,1,1,1,1,1,1,1,4),(0.,1.),(-9.596752213963E-03
    ,0.,6.129609314324E-02,0.121405320676,0.177787743905,0.230935057584,
    0.281369611588,0.329574771328,0.376298346325,0.422329335317,
    0.468479349426,0.515566157067,0.564409163865,0.615811782413,
    0.670541309191,0.729209838828,0.792233205055,0.858907691196,
    0.928034200611,1.,1.00958620542),.UNSPECIFIED.) 
GEOMETRIC_REPRESENTATION_ITEM() RATIONAL_B_SPLINE_SURFACE((
    (1.067265033479,1.067265033479,1.067265033479,1.067265033479
      ,1.067265033479,1.067265033479,1.067265033479,1.067265033479
      ,1.067265033479,1.067265033479,1.067265033479,1.067265033479
      ,1.067265033479,1.067265033479,1.067265033479,1.067265033479
      ,1.067265033479,1.067265033479,1.067265033479,1.067265033479
      ,1.067265033479,1.067265033479,1.067265033479)
    ,(0.977578322174,0.977578322174,0.977578322174,0.977578322174
      ,0.977578322174,0.977578322174,0.977578322174,0.977578322174
      ,0.977578322174,0.977578322174,0.977578322174,0.977578322174
      ,0.977578322174,0.977578322174,0.977578322174,0.977578322174
      ,0.977578322174,0.977578322174,0.977578322174,0.977578322174
      ,0.977578322174,0.977578322174,0.977578322174)
    ,(0.977578322174,0.977578322174,0.977578322174,0.977578322174
      ,0.977578322174,0.977578322174,0.977578322174,0.977578322174
      ,0.977578322174,0.977578322174,0.977578322174,0.977578322174
      ,0.977578322174,0.977578322174,0.977578322174,0.977578322174
      ,0.977578322174,0.977578322174,0.977578322174,0.977578322174
      ,0.977578322174,0.977578322174,0.977578322174)
    ,(1.067265033479,1.067265033479,1.067265033479,1.067265033479
      ,1.067265033479,1.067265033479,1.067265033479,1.067265033479
      ,1.067265033479,1.067265033479,1.067265033479,1.067265033479
      ,1.067265033479,1.067265033479,1.067265033479,1.067265033479
      ,1.067265033479,1.067265033479,1.067265033479,1.067265033479
      ,1.067265033479,1.067265033479,1.067265033479
))) REPRESENTATION_ITEM('') SURFACE() );
#6365 = CARTESIAN_POINT('',(-77.28793672873,-188.2765998527,
    -105.7476440925));
#6366 = CARTESIAN_POINT('',(-77.20652940204,-189.0139189796,
    -106.1162718707));
#6367 = CARTESIAN_POINT('',(-76.57299567631,-194.4728704277,
    -108.8039734549));
#6368 = CARTESIAN_POINT('',(-74.97131482982,-204.7330277466,
    -113.2771519836));
#6369 = CARTESIAN_POINT('',(-71.91924145317,-219.1383182009,
    -118.061082912));
#6370 = CARTESIAN_POINT('',(-68.30500011374,-233.2408424121,
    -121.2251638122));
#6371 = CARTESIAN_POINT('',(-64.36026120817,-246.7895608472,
    -122.7753168626));
#6372 = CARTESIAN_POINT('',(-60.21771063149,-259.7498959641,
    -122.7836253483));
#6373 = CARTESIAN_POINT('',(-55.96887235964,-272.1059674189,
    -121.3201761904));
#6374 = CARTESIAN_POINT('',(-51.67284449778,-283.8519904344,
    -118.4420987545));
#6375 = CARTESIAN_POINT('',(-47.36023246645,-294.998981518,
    -114.180346232));
#6376 = CARTESIAN_POINT('',(-43.04730487809,-305.5477654443,
    -108.5390818897));
#6377 = CARTESIAN_POINT('',(-38.74076809118,-315.4841704883,
    -101.4967360274));
#6378 = CARTESIAN_POINT('',(-34.4415567373,-324.7706856315,
    -93.01085759732));
#6379 = CARTESIAN_POINT('',(-30.14557869432,-333.3412089685,
    -83.0241250104));
#6380 = CARTESIAN_POINT('',(-25.84571836326,-341.0903369093,
    -71.48023608837));
#6381 = CARTESIAN_POINT('',(-21.53125974946,-347.8691057522,
    -58.34532264818));
#6382 = CARTESIAN_POINT('',(-17.20536156813,-353.4610468878,
    -43.6998408881));
#6383 = CARTESIAN_POINT('',(-12.88054239728,-357.6292292155,
    -27.78982760875));
#6384 = CARTESIAN_POINT('',(-8.53231710345,-360.2032304366,
    -10.87940461671));
#6385 = CARTESIAN_POINT('',(-5.44130363827,-360.7943765955,
    1.458305139764));
#6386 = CARTESIAN_POINT('',(-3.75946803769,-360.7234373587,8.14176866463
    ));
#6387 = CARTESIAN_POINT('',(-3.56159986478,-360.7097145332,
    8.927440904586));
#6388 = CARTESIAN_POINT('',(-66.69253408585,-187.7211700848,
    -105.9652619894));
#6389 = CARTESIAN_POINT('',(-66.61173701208,-188.4350383317,
    -106.3025160251));
#6390 = CARTESIAN_POINT('',(-65.98417055252,-193.7220914327,
    -108.7600768387));
#6391 = CARTESIAN_POINT('',(-64.41351835995,-203.6782428588,
    -112.8297159544));
#6392 = CARTESIAN_POINT('',(-61.45045218703,-217.6343683518,
    -117.108509309));
#6393 = CARTESIAN_POINT('',(-57.96187254269,-231.2717942209,
    -119.8513127026));
#6394 = CARTESIAN_POINT('',(-54.17103605196,-244.3350166598,
    -121.0759975139));
#6395 = CARTESIAN_POINT('',(-50.20338608597,-256.7933870882,
    -120.8611637944));
#6396 = CARTESIAN_POINT('',(-46.14365153242,-268.638415115,
    -119.2809204162));
#6397 = CARTESIAN_POINT('',(-42.04373868298,-279.8774522047,
    -116.393502909));
#6398 = CARTESIAN_POINT('',(-37.92709912011,-290.5366433835,
    -112.2273924734));
#6399 = CARTESIAN_POINT('',(-33.80262105715,-300.6333480718,
    -106.7805171512));
#6400 = CARTESIAN_POINT('',(-29.67012986067,-310.1686412149,
    -100.0218710803));
#6401 = CARTESIAN_POINT('',(-25.52454116213,-319.1180967307,
    -91.89696039234));
#6402 = CARTESIAN_POINT('',(-21.35737203021,-327.425194539,
    -82.33529682785));
#6403 = CARTESIAN_POINT('',(-17.15919922958,-334.9904972349,
    -71.26760373759));
#6404 = CARTESIAN_POINT('',(-12.9195439003,-341.6674359287,
    -58.64865654887));
#6405 = CARTESIAN_POINT('',(-8.64449958987,-347.2390716142,
    -44.54843553017));
#6406 = CARTESIAN_POINT('',(-4.35210155241,-351.4647307436,
    -29.20232980318));
#6407 = CARTESIAN_POINT('',(-2.687942869993E-02,-354.1681021015,
    -12.873078869));
#6408 = CARTESIAN_POINT('',(3.0497384303,-354.8972343596,-0.949598901091
    ));
#6409 = CARTESIAN_POINT('',(4.7194721919,-354.9137582847,5.50096873321)
  );
#6410 = CARTESIAN_POINT('',(4.9158494558,-354.9104907452,6.259124244793)
  );
#6411 = CARTESIAN_POINT('',(-57.2178967751,-189.5228707935,
    -101.5375298548));
#6412 = CARTESIAN_POINT('',(-57.14707442494,-190.196987562,
    -101.8374181859));
#6413 = CARTESIAN_POINT('',(-56.59549845033,-195.1914566841,
    -104.0214840244));
#6414 = CARTESIAN_POINT('',(-55.19661144994,-204.6144827821,
    -107.6194257444));
#6415 = CARTESIAN_POINT('',(-52.53630425352,-217.7605448423,
    -111.3204584339));
#6416 = CARTESIAN_POINT('',(-49.39507817312,-230.5440295332,
    -113.6025331236));
#6417 = CARTESIAN_POINT('',(-45.98074633447,-242.7097733474,
    -114.4998753183));
#6418 = CARTESIAN_POINT('',(-42.40843631529,-254.2373072046,
    -114.1028774858));
#6419 = CARTESIAN_POINT('',(-38.7535671752,-265.1323204995,
    -112.4936827979));
#6420 = CARTESIAN_POINT('',(-35.05829613726,-275.424121456,
    -109.7341649763));
#6421 = CARTESIAN_POINT('',(-31.33640117113,-285.1627909013,
    -105.8508641778));
#6422 = CARTESIAN_POINT('',(-27.58646487503,-294.3911544732,
    -100.8335015368));
#6423 = CARTESIAN_POINT('',(-23.79842789505,-303.1333068618,
    -94.63732531261));
#6424 = CARTESIAN_POINT('',(-19.95828236815,-311.3842276462,
    -87.18940204089));
#6425 = CARTESIAN_POINT('',(-16.05078725593,-319.1012491125,
    -78.39838497585));
#6426 = CARTESIAN_POINT('',(-12.06264305002,-326.1932813459,
    -68.17372909755));
#6427 = CARTESIAN_POINT('',(-7.98315581893,-332.5168289484,
    -56.45080453573));
#6428 = CARTESIAN_POINT('',(-3.822038829,-337.8549030658,-43.28067728894
    ));
#6429 = CARTESIAN_POINT('',(0.3950434952,-341.9630213443,-28.87924347986
    ));
#6430 = CARTESIAN_POINT('',(4.6699762749,-344.6570892506,-13.5051679774)
  );
#6431 = CARTESIAN_POINT('',(7.7215740719,-345.4512654542,-2.249205547711
    ));
#6432 = CARTESIAN_POINT('',(9.3732880277,-345.5237947553,3.830473433006)
  );
#6433 = CARTESIAN_POINT('',(9.5674710969,-345.527394147,4.544867015481)
  );
#6434 = CARTESIAN_POINT('',(-51.25260411247,-193.2274888091,
    -93.58068982511));
#6435 = CARTESIAN_POINT('',(-51.19860630429,-193.8555749458,
    -93.84664047553));
#6436 = CARTESIAN_POINT('',(-50.7738866457,-198.5105355962,
    -95.78280588845));
#6437 = CARTESIAN_POINT('',(-49.64419894932,-207.3057191343,
    -98.95980830115));
#6438 = CARTESIAN_POINT('',(-47.4240762212,-219.4850382694,
    -102.1561121155));
#6439 = CARTESIAN_POINT('',(-44.7643268878,-231.2410196127,
    -104.0541577411));
#6440 = CARTESIAN_POINT('',(-41.85418419175,-242.3235587373,
    -104.7048068184));
#6441 = CARTESIAN_POINT('',(-38.79798728478,-252.7260503242,
    -104.2125469854));
#6442 = CARTESIAN_POINT('',(-35.66167768908,-262.4715786286,
    -102.6695425944));
#6443 = CARTESIAN_POINT('',(-32.47756406808,-271.6146937981,
    -100.1429203907));
#6444 = CARTESIAN_POINT('',(-29.24966974545,-280.2321854692,
    -96.65829977575));
#6445 = CARTESIAN_POINT('',(-25.96594455914,-288.3948569727,
    -92.19729227628));
#6446 = CARTESIAN_POINT('',(-22.60593266849,-296.1517924836,
    -86.70055592549));
#6447 = CARTESIAN_POINT('',(-19.14604785645,-303.5188057522,
    -80.07496955534));
#6448 = CARTESIAN_POINT('',(-15.56362741497,-310.4678597573,
    -72.20589459313));
#6449 = CARTESIAN_POINT('',(-11.84090414398,-316.9164889558,
    -62.97858555709));
#6450 = CARTESIAN_POINT('',(-7.96657105413,-322.7241752859,
    -52.30585049462));
#6451 = CARTESIAN_POINT('',(-3.95373347724,-327.6743131615,
    -40.21617112799));
#6452 = CARTESIAN_POINT('',(0.1641258299,-331.5195052733,-26.90201949373
    ));
#6453 = CARTESIAN_POINT('',(4.3741611586,-334.0679415628,-12.61632072658
    ));
#6454 = CARTESIAN_POINT('',(7.396422057,-334.8378218199,-2.112880775361)
  );
#6455 = CARTESIAN_POINT('',(9.0287410775,-334.9207796185,3.551418728452)
  );
#6456 = CARTESIAN_POINT('',(9.2205798281,-334.9259264163,4.2168376708));
#6457 = ADVANCED_FACE('',(#6458),#6470,.T.);
#6458 = FACE_BOUND('',#6459,.T.);
#6459 = EDGE_LOOP('',(#6460,#6461,#6462,#6469));
#6460 = ORIENTED_EDGE('',*,*,#3983,.F.);
#6461 = ORIENTED_EDGE('',*,*,#3923,.F.);
#6462 = ORIENTED_EDGE('',*,*,#6463,.T.);
#6463 = EDGE_CURVE('',#3898,#3548,#6464,.T.);
#6464 = CIRCLE('',#6465,29.99999999998);
#6465 = AXIS2_PLACEMENT_3D('',#6466,#6467,#6468);
#6466 = CARTESIAN_POINT('',(-14.81802321265,-29.18810290781,
    -335.2018493687));
#6467 = DIRECTION('',(-0.275686567976,0.960951779706,-2.384519486348E-02
    ));
#6468 = DIRECTION('',(0.960486615842,0.274396682218,-4.66038794218E-02)
  );
#6469 = ORIENTED_EDGE('',*,*,#3545,.F.);
#6470 = ( BOUNDED_SURFACE() B_SPLINE_SURFACE(3,3,(
    (#6471,#6472,#6473,#6474,#6475,#6476,#6477,#6478)
    ,(#6479,#6480,#6481,#6482,#6483,#6484,#6485,#6486)
    ,(#6487,#6488,#6489,#6490,#6491,#6492,#6493,#6494)
    ,(#6495,#6496,#6497,#6498,#6499,#6500,#6501,#6502
)),.UNSPECIFIED.,.F.,.F.,.F.) B_SPLINE_SURFACE_WITH_KNOTS((4,4),(4,1,1,1
    ,1,4),(0.,1.),(-3.335000074766E-02,0.,0.335333174451,0.668665969254,
1.,1.033359692363),.UNSPECIFIED.) GEOMETRIC_REPRESENTATION_ITEM() 
RATIONAL_B_SPLINE_SURFACE((
    (1.067265503172,1.067265503172,1.067265503172,1.067265503172
      ,1.067265503172,1.067265503172,1.067265503172,1.067265503172)
    ,(0.977578165609,0.977578165609,0.977578165609,0.977578165609
      ,0.977578165609,0.977578165609,0.977578165609,0.977578165609)
    ,(0.977578165609,0.977578165609,0.977578165609,0.977578165609
      ,0.977578165609,0.977578165609,0.977578165609,0.977578165609)
    ,(1.067265503172,1.067265503172,1.067265503172,1.067265503172
      ,1.067265503172,1.067265503172,1.067265503172,1.067265503172
))) REPRESENTATION_ITEM('') SURFACE() );
#6471 = CARTESIAN_POINT('',(-4.31109429477,-5.940983806941,
    -360.7358569272));
#6472 = CARTESIAN_POINT('',(-4.259084284,-6.150531868045,-360.735526251)
  );
#6473 = CARTESIAN_POINT('',(-3.68411122152,-8.467083914786,
    -360.7318704758));
#6474 = CARTESIAN_POINT('',(-2.58921515826,-12.87815682978,
    -360.7249062191));
#6475 = CARTESIAN_POINT('',(-1.0295173707,-19.16130868776,
    -360.7149813705));
#6476 = CARTESIAN_POINT('',(5.928793230015E-02,-23.54710982962,
    -360.7080529095));
#6477 = CARTESIAN_POINT('',(0.6281701849,-25.8385107121,-360.7044335668)
  );
#6478 = CARTESIAN_POINT('',(0.6802078177,-26.04811221963,-360.7041024991
    ));
#6479 = CARTESIAN_POINT('',(4.1654261918,-3.356105444696,-354.8975343756
    ));
#6480 = CARTESIAN_POINT('',(4.2192207095,-3.565296101839,-354.8999524981
    ));
#6481 = CARTESIAN_POINT('',(4.813899433,-5.87790176069,-354.9266854324)
  );
#6482 = CARTESIAN_POINT('',(5.9458642303,-10.2815646929,-354.9776012425)
  );
#6483 = CARTESIAN_POINT('',(7.5574510769,-16.55454827986,-355.0501402025
    ));
#6484 = CARTESIAN_POINT('',(8.6817436134,-20.93347510354,-355.100762435)
  );
#6485 = CARTESIAN_POINT('',(9.2689687798,-23.22135247143,-355.1272024046
    ));
#6486 = CARTESIAN_POINT('',(9.3226826514,-23.43063224352,-355.1296208788
    ));
#6487 = CARTESIAN_POINT('',(8.8150014274,-1.774938725972,-345.4900709631
    ));
#6488 = CARTESIAN_POINT('',(8.8716544756,-1.983495138626,-345.4940082961
    ));
#6489 = CARTESIAN_POINT('',(9.4979148273,-4.289091626385,-345.5375477544
    ));
#6490 = CARTESIAN_POINT('',(10.6896175835,-8.679468371822,
    -345.6207064137));
#6491 = CARTESIAN_POINT('',(12.3855247953,-14.93391903796,
    -345.7396664518));
#6492 = CARTESIAN_POINT('',(13.5680264732,-19.30009613387,
    -345.8230553182));
#6493 = CARTESIAN_POINT('',(14.1854874931,-21.58137548993,
    -345.8667086647));
#6494 = CARTESIAN_POINT('',(14.2419656667,-21.79005225728,-345.870702479
    ));
#6495 = CARTESIAN_POINT('',(8.4654544164,-1.596102268605,-334.885126818)
  );
#6496 = CARTESIAN_POINT('',(8.5253193716,-1.803907491879,-334.888970774)
  );
#6497 = CARTESIAN_POINT('',(9.1870754605,-4.101199066135,-334.9314975773
    ));
#6498 = CARTESIAN_POINT('',(10.4461252159,-8.475762923021,
    -335.0131333133));
#6499 = CARTESIAN_POINT('',(12.2375265891,-14.7079882439,-335.1307687548
    ));
#6500 = CARTESIAN_POINT('',(13.4862845527,-19.05875446115,
    -335.2138795927));
#6501 = CARTESIAN_POINT('',(14.138251783,-21.33202469398,-335.2575608178
    ));
#6502 = CARTESIAN_POINT('',(14.19788543,-21.53996920726,-335.2615586207)
  );
#6503 = ADVANCED_FACE('',(#6504),#6516,.T.);
#6504 = FACE_BOUND('',#6505,.T.);
#6505 = EDGE_LOOP('',(#6506,#6507,#6508,#6515));
#6506 = ORIENTED_EDGE('',*,*,#6463,.F.);
#6507 = ORIENTED_EDGE('',*,*,#3897,.T.);
#6508 = ORIENTED_EDGE('',*,*,#6509,.F.);
#6509 = EDGE_CURVE('',#3556,#3885,#6510,.T.);
#6510 = CIRCLE('',#6511,30.);
#6511 = AXIS2_PLACEMENT_3D('',#6512,#6513,#6514);
#6512 = CARTESIAN_POINT('',(51.1379172603,-124.9719139566,
    -197.3037099403));
#6513 = DIRECTION('',(0.17993467045,0.318006915051,0.930857194391));
#6514 = DIRECTION('',(0.961487209591,-0.256727245878,-9.81502267793E-02)
  );
#6515 = ORIENTED_EDGE('',*,*,#3555,.T.);
#6516 = ( BOUNDED_SURFACE() B_SPLINE_SURFACE(3,3,(
    (#6517,#6518,#6519,#6520,#6521,#6522,#6523,#6524,#6525,#6526,#6527
      ,#6528,#6529,#6530,#6531,#6532,#6533,#6534,#6535,#6536,#6537,#6538
      ,#6539)
    ,(#6540,#6541,#6542,#6543,#6544,#6545,#6546,#6547,#6548,#6549,#6550
      ,#6551,#6552,#6553,#6554,#6555,#6556,#6557,#6558,#6559,#6560,#6561
      ,#6562)
    ,(#6563,#6564,#6565,#6566,#6567,#6568,#6569,#6570,#6571,#6572,#6573
      ,#6574,#6575,#6576,#6577,#6578,#6579,#6580,#6581,#6582,#6583,#6584
      ,#6585)
    ,(#6586,#6587,#6588,#6589,#6590,#6591,#6592,#6593,#6594,#6595,#6596
      ,#6597,#6598,#6599,#6600,#6601,#6602,#6603,#6604,#6605,#6606,#6607
,#6608
    )),.UNSPECIFIED.,.F.,.F.,.F.) B_SPLINE_SURFACE_WITH_KNOTS((4,4),(4,1
    ,1,1,1,1,1,1,1,1,1,1,1,1,1,1,1,1,1,1,4),(0.,1.),(-9.679904143379E-03
    ,0.,6.895398133565E-02,0.135228267765,0.198140063628,0.257482733022,
    0.313480911715,0.366570703763,0.417344999492,0.466468253441,
    0.514639870509,0.562570834148,0.61096782929,0.66052582545,
    0.711894330503,0.76565989997,0.822257680378,0.88151407475,
    0.941313284662,1.,1.009697309172),.UNSPECIFIED.) 
GEOMETRIC_REPRESENTATION_ITEM() RATIONAL_B_SPLINE_SURFACE((
    (1.067176451925,1.067176451925,1.067176451925,1.067176451925
      ,1.067176451925,1.067176451925,1.067176451925,1.067176451925
      ,1.067176451925,1.067176451925,1.067176451925,1.067176451925
      ,1.067176451925,1.067176451925,1.067176451925,1.067176451925
      ,1.067176451925,1.067176451925,1.067176451925,1.067176451925
      ,1.067176451925,1.067176451925,1.067176451925)
    ,(0.977607849358,0.977607849358,0.977607849358,0.977607849358
      ,0.977607849358,0.977607849358,0.977607849358,0.977607849358
      ,0.977607849358,0.977607849358,0.977607849358,0.977607849358
      ,0.977607849358,0.977607849358,0.977607849358,0.977607849358
      ,0.977607849358,0.977607849358,0.977607849358,0.977607849358
      ,0.977607849358,0.977607849358,0.977607849358)
    ,(0.977607849358,0.977607849358,0.977607849358,0.977607849358
      ,0.977607849358,0.977607849358,0.977607849358,0.977607849358
      ,0.977607849358,0.977607849358,0.977607849358,0.977607849358
      ,0.977607849358,0.977607849358,0.977607849358,0.977607849358
      ,0.977607849358,0.977607849358,0.977607849358,0.977607849358
      ,0.977607849358,0.977607849358,0.977607849358)
    ,(1.067176451925,1.067176451925,1.067176451925,1.067176451925
      ,1.067176451925,1.067176451925,1.067176451925,1.067176451925
      ,1.067176451925,1.067176451925,1.067176451925,1.067176451925
      ,1.067176451925,1.067176451925,1.067176451925,1.067176451925
      ,1.067176451925,1.067176451925,1.067176451925,1.067176451925
      ,1.067176451925,1.067176451925,1.067176451925
))) REPRESENTATION_ITEM('') SURFACE() );
#6517 = CARTESIAN_POINT('',(-8.182122129985E-02,-23.13193508828,
    -360.716040312));
#6518 = CARTESIAN_POINT('',(0.1099284862,-23.8969775334,-360.7241724943)
  );
#6519 = CARTESIAN_POINT('',(1.6701865793,-30.11542630325,-360.7465070515
    ));
#6520 = CARTESIAN_POINT('',(4.5870044848,-41.61483452535,-360.1292960323
    ));
#6521 = CARTESIAN_POINT('',(8.7221708622,-57.17457786164,-357.6775319867
    ));
#6522 = CARTESIAN_POINT('',(12.8703843263,-71.69843394153,
    -353.8090802229));
#6523 = CARTESIAN_POINT('',(17.0393598532,-84.99710451009,
    -348.7071961403));
#6524 = CARTESIAN_POINT('',(21.2416799667,-96.99502445217,
    -342.5447540923));
#6525 = CARTESIAN_POINT('',(25.4896148713,-107.6815108859,
    -335.4662488213));
#6526 = CARTESIAN_POINT('',(29.7958999617,-117.0830212372,
    -327.5809049738));
#6527 = CARTESIAN_POINT('',(34.1728805245,-125.2381450825,
    -318.9630579907));
#6528 = CARTESIAN_POINT('',(38.6322439645,-132.181987686,-309.6553570992
    ));
#6529 = CARTESIAN_POINT('',(43.1833410308,-137.9344930511,
    -299.6744849722));
#6530 = CARTESIAN_POINT('',(47.8302182492,-142.4930401454,
    -289.0184503002));
#6531 = CARTESIAN_POINT('',(52.5674100324,-145.8287341532,
    -277.6741385741));
#6532 = CARTESIAN_POINT('',(57.3731660716,-147.8855016897,
    -265.6278414049));
#6533 = CARTESIAN_POINT('',(62.2000028589,-148.5837901631,
    -252.8791572821));
#6534 = CARTESIAN_POINT('',(66.9530649853,-147.8330226512,
    -239.4870908299));
#6535 = CARTESIAN_POINT('',(71.4419136151,-145.5886948637,
    -225.7155657877));
#6536 = CARTESIAN_POINT('',(75.4322063756,-141.9479502589,
    -211.9675852817));
#6537 = CARTESIAN_POINT('',(77.8396383769,-138.4323623766,-202.210626098
    ));
#6538 = CARTESIAN_POINT('',(78.9502793458,-136.3165181619,-197.08363008)
  );
#6539 = CARTESIAN_POINT('',(79.1041874832,-136.0117600157,
    -196.3582567555));
#6540 = CARTESIAN_POINT('',(8.5614432375,-20.59635149758,-355.1189886437
    ));
#6541 = CARTESIAN_POINT('',(8.7515323766,-21.33467433527,-355.1366454688
    ));
#6542 = CARTESIAN_POINT('',(10.2976535992,-27.33447279663,
    -355.2378979169));
#6543 = CARTESIAN_POINT('',(13.1788393592,-38.40869829331,
    -354.7896587595));
#6544 = CARTESIAN_POINT('',(17.2436065381,-53.36246610506,
    -352.6302344418));
#6545 = CARTESIAN_POINT('',(21.2936308851,-67.27601379815,
    -349.1052042381));
#6546 = CARTESIAN_POINT('',(25.3344456565,-79.97206619179,
    -344.3960606064));
#6547 = CARTESIAN_POINT('',(29.3768283706,-91.38327039891,
    -338.6741261037));
#6548 = CARTESIAN_POINT('',(33.4330644174,-101.5085326632,
    -332.0814343568));
#6549 = CARTESIAN_POINT('',(37.5165541928,-110.3825439006,
    -324.7240964878));
#6550 = CARTESIAN_POINT('',(41.6411050706,-118.051612744,-316.6719716802
    ));
#6551 = CARTESIAN_POINT('',(45.8200736255,-124.5570255082,
    -307.9622103382));
#6552 = CARTESIAN_POINT('',(50.0644954639,-129.9233614786,
    -298.6050547615));
#6553 = CARTESIAN_POINT('',(54.3800452386,-134.151066814,-288.5910847325
    ));
#6554 = CARTESIAN_POINT('',(58.7626022224,-137.2125744558,
    -277.8994615637));
#6555 = CARTESIAN_POINT('',(63.191770619,-139.0517803721,-266.5083620572
    ));
#6556 = CARTESIAN_POINT('',(67.6217335249,-139.5879669263,
    -254.4093620806));
#6557 = CARTESIAN_POINT('',(71.9611823864,-138.7289738139,
    -241.6525571527));
#6558 = CARTESIAN_POINT('',(76.0300544238,-136.4287398726,
    -228.4871065662));
#6559 = CARTESIAN_POINT('',(79.6090274424,-132.780127062,-215.3023459375
    ));
#6560 = CARTESIAN_POINT('',(81.7329651357,-129.2913743495,
    -205.9251848343));
#6561 = CARTESIAN_POINT('',(82.6991093511,-127.1969119307,
    -200.9878010864));
#6562 = CARTESIAN_POINT('',(82.8326713012,-126.895317347,-200.2890388948
    ));
#6563 = CARTESIAN_POINT('',(13.490027624,-19.08403588698,-345.8516433755
    ));
#6564 = CARTESIAN_POINT('',(13.6777877781,-19.77958566165,
    -345.8750174848));
#6565 = CARTESIAN_POINT('',(15.2042162524,-25.42985595522,
    -346.0251939716));
#6566 = CARTESIAN_POINT('',(18.0377248356,-35.83168232251,-345.704807742
    ));
#6567 = CARTESIAN_POINT('',(22.0121340371,-49.84395844952,
    -343.8169236753));
#6568 = CARTESIAN_POINT('',(25.9355199002,-62.82424999556,
    -340.6528126237));
#6569 = CARTESIAN_POINT('',(29.8090482919,-74.61245282203,
    -336.3916232103));
#6570 = CARTESIAN_POINT('',(33.6399013486,-85.15251742778,-331.202018221
    ));
#6571 = CARTESIAN_POINT('',(37.4399303062,-94.45725546117,
    -325.2213789121));
#6572 = CARTESIAN_POINT('',(41.2234158273,-102.5735977,-318.5498894124)
  );
#6573 = CARTESIAN_POINT('',(45.006621262,-109.5598099625,-311.2491747209
    ));
#6574 = CARTESIAN_POINT('',(48.8059879324,-115.4672013205,
    -303.3465507951));
#6575 = CARTESIAN_POINT('',(52.6359499014,-120.3283863881,
    -294.8410756803));
#6576 = CARTESIAN_POINT('',(56.505759792,-124.1497725584,-285.7108520006
    ));
#6577 = CARTESIAN_POINT('',(60.4146372814,-126.9073077801,
    -275.9225575097));
#6578 = CARTESIAN_POINT('',(64.3456799314,-128.5464569529,
    -265.4419144281));
#6579 = CARTESIAN_POINT('',(68.2570294194,-128.9862735789,
    -254.2491170414));
#6580 = CARTESIAN_POINT('',(72.0637633259,-128.1330340708,-242.382936604
    ));
#6581 = CARTESIAN_POINT('',(75.6008089212,-125.9362506351,
    -230.0743826064));
#6582 = CARTESIAN_POINT('',(78.6688921333,-122.4772014732,
    -217.6971680252));
#6583 = CARTESIAN_POINT('',(80.4482324115,-119.1814944734,
    -208.8767401346));
#6584 = CARTESIAN_POINT('',(81.2419216192,-117.2026410155,
    -204.2213395462));
#6585 = CARTESIAN_POINT('',(81.3512703809,-116.9176773657,
    -203.5622395187));
#6586 = CARTESIAN_POINT('',(13.4629569841,-18.9757762573,-335.2474419544
    ));
#6587 = CARTESIAN_POINT('',(13.648306155,-19.62326940097,-335.2712864266
    ));
#6588 = CARTESIAN_POINT('',(15.1544444669,-24.88114183933,
    -335.4280744496));
#6589 = CARTESIAN_POINT('',(17.9402355431,-34.53265696295,
    -335.1622299517));
#6590 = CARTESIAN_POINT('',(21.8270793461,-47.50498471456,
    -333.4567151705));
#6591 = CARTESIAN_POINT('',(25.6272638345,-59.46405818561,
    -330.5801445398));
#6592 = CARTESIAN_POINT('',(29.336501487,-70.26776872774,-326.7093321114
    ));
#6593 = CARTESIAN_POINT('',(32.9574939677,-79.87161528866,
    -322.0098426328));
#6594 = CARTESIAN_POINT('',(36.5013183356,-88.30312993964,
    -316.6133851613));
#6595 = CARTESIAN_POINT('',(39.9831291415,-95.62240780106,
    -310.6128957294));
#6596 = CARTESIAN_POINT('',(43.4220212077,-101.9008992893,
    -304.0600805215));
#6597 = CARTESIAN_POINT('',(46.838159468,-107.2012542963,-296.9705616527
    ));
#6598 = CARTESIAN_POINT('',(50.2502343393,-111.5654995846,
    -289.3302851319));
#6599 = CARTESIAN_POINT('',(53.6721253561,-115.0073968377,
    -281.1029698143));
#6600 = CARTESIAN_POINT('',(57.107547059,-117.5077112133,-272.2411937677
    ));
#6601 = CARTESIAN_POINT('',(60.5443496162,-119.0146810785,-262.697020814
    ));
#6602 = CARTESIAN_POINT('',(63.9459285266,-119.4481248823,
    -252.4387704802));
#6603 = CARTESIAN_POINT('',(67.2349788098,-118.7131694755,
    -241.4943259502));
#6604 = CARTESIAN_POINT('',(70.2622574152,-116.7531452616,
    -230.0777315192));
#6605 = CARTESIAN_POINT('',(72.8485183942,-113.6333611144,-218.54905604)
  );
#6606 = CARTESIAN_POINT('',(74.3089248011,-110.6483031283,
    -210.3221158826));
#6607 = CARTESIAN_POINT('',(74.9456234276,-108.850176459,-205.9700684206
    ));
#6608 = CARTESIAN_POINT('',(75.0329886712,-108.5911235891,
    -205.3536949982));
#6609 = ADVANCED_FACE('',(#6610),#6616,.T.);
#6610 = FACE_BOUND('',#6611,.T.);
#6611 = EDGE_LOOP('',(#6612,#6613,#6614,#6615));
#6612 = ORIENTED_EDGE('',*,*,#4627,.T.);
#6613 = ORIENTED_EDGE('',*,*,#3692,.F.);
#6614 = ORIENTED_EDGE('',*,*,#6509,.T.);
#6615 = ORIENTED_EDGE('',*,*,#3884,.T.);
#6616 = ( BOUNDED_SURFACE() B_SPLINE_SURFACE(3,3,(
    (#6617,#6618,#6619,#6620,#6621,#6622)
    ,(#6623,#6624,#6625,#6626,#6627,#6628)
    ,(#6629,#6630,#6631,#6632,#6633,#6634)
    ,(#6635,#6636,#6637,#6638,#6639,#6640
)),.UNSPECIFIED.,.F.,.F.,.F.) B_SPLINE_SURFACE_WITH_KNOTS((4,4),(4,1,1,4
    ),(0.,1.),(-2.224343734835E-03,0.,0.120595645072,0.225192136923),
.UNSPECIFIED.) GEOMETRIC_REPRESENTATION_ITEM() RATIONAL_B_SPLINE_SURFACE
((
    (1.056414481128,1.056414481128,1.056414481128,1.056414481128
      ,1.056414481128,1.056414481128)
    ,(0.981195172957,0.981195172957,0.981195172957,0.981195172957
      ,0.981195172957,0.981195172957)
    ,(0.981195172957,0.981195172957,0.981195172957,0.981195172957
      ,0.981195172957,0.981195172957)
    ,(1.056414481128,1.056414481128,1.056414481128,1.056414481128
,1.056414481128,1.056414481128))) REPRESENTATION_ITEM('') SURFACE() );
#6617 = CARTESIAN_POINT('',(79.091754665,-135.3818007883,-200.8888438021
    ));
#6618 = CARTESIAN_POINT('',(79.1992855458,-135.1769343042,
    -200.4002903155));
#6619 = CARTESIAN_POINT('',(85.1388002311,-123.8621847949,
    -173.4258226496));
#6620 = CARTESIAN_POINT('',(96.3428921359,-102.6224459537,
    -123.6431247534));
#6621 = CARTESIAN_POINT('',(107.3234041637,-80.77215079262,
    -74.62323385641));
#6622 = CARTESIAN_POINT('',(112.2830999432,-70.51601614625,
    -51.84748623399));
#6623 = CARTESIAN_POINT('',(81.8510269462,-126.7755960567,
    -204.3639411193));
#6624 = CARTESIAN_POINT('',(81.9472816648,-126.5665991932,
    -203.8740845073));
#6625 = CARTESIAN_POINT('',(87.2620021786,-115.0241438535,-176.827012503
    ));
#6626 = CARTESIAN_POINT('',(97.087504867,-93.40252771529,-126.8433549439
    ));
#6627 = CARTESIAN_POINT('',(106.2992770374,-71.51522445487,
    -77.41385684557));
#6628 = CARTESIAN_POINT('',(110.4218067026,-61.36543969481,
    -54.4093997103));
#6629 = CARTESIAN_POINT('',(80.2160711316,-117.6528716883,
    -207.1674152732));
#6630 = CARTESIAN_POINT('',(80.3007947608,-117.4448635428,
    -206.6740169417));
#6631 = CARTESIAN_POINT('',(84.9771295864,-105.9582708904,
    -179.4304784819));
#6632 = CARTESIAN_POINT('',(93.4496042628,-84.57296037206,
    -128.9912086016));
#6633 = CARTESIAN_POINT('',(101.1350154985,-63.41134378032,
    -78.89211570434));
#6634 = CARTESIAN_POINT('',(104.5916647155,-53.71929519149,
    -55.55253335277));
#6635 = CARTESIAN_POINT('',(74.5361258412,-109.9623088906,
    -208.7004235081));
#6636 = CARTESIAN_POINT('',(74.6115265796,-109.7601973632,
    -208.2020014006));
#6637 = CARTESIAN_POINT('',(78.7722480918,-98.60110323365,
    -180.6801010519));
#6638 = CARTESIAN_POINT('',(86.2062727231,-78.01980462895,
    -129.6278883443));
#6639 = CARTESIAN_POINT('',(92.9337438996,-58.19155744936,
    -78.74224343792));
#6640 = CARTESIAN_POINT('',(96.0380353093,-49.21085549457,
    -55.03270538445));
#6641 = ADVANCED_FACE('',(#6642),#6654,.T.);
#6642 = FACE_BOUND('',#6643,.T.);
#6643 = EDGE_LOOP('',(#6644,#6645,#6646,#6653));
#6644 = ORIENTED_EDGE('',*,*,#4141,.T.);
#6645 = ORIENTED_EDGE('',*,*,#4368,.F.);
#6646 = ORIENTED_EDGE('',*,*,#6647,.T.);
#6647 = EDGE_CURVE('',#4232,#6260,#6648,.T.);
#6648 = CIRCLE('',#6649,30.);
#6649 = AXIS2_PLACEMENT_3D('',#6650,#6651,#6652);
#6650 = CARTESIAN_POINT('',(51.1379172603,-197.3037099403,124.9719139566
    ));
#6651 = DIRECTION('',(0.17993467045,0.930857194391,-0.318006915051));
#6652 = DIRECTION('',(0.961487209591,-9.81502267793E-02,0.256727245878)
  );
#6653 = ORIENTED_EDGE('',*,*,#6259,.T.);
#6654 = ( BOUNDED_SURFACE() B_SPLINE_SURFACE(3,3,(
    (#6655,#6656,#6657,#6658,#6659,#6660)
    ,(#6661,#6662,#6663,#6664,#6665,#6666)
    ,(#6667,#6668,#6669,#6670,#6671,#6672)
    ,(#6673,#6674,#6675,#6676,#6677,#6678
)),.UNSPECIFIED.,.F.,.F.,.F.) B_SPLINE_SURFACE_WITH_KNOTS((4,4),(4,1,1,4
    ),(0.,1.),(-2.224343734836E-03,0.,0.120595645072,0.225192136923),
.UNSPECIFIED.) GEOMETRIC_REPRESENTATION_ITEM() RATIONAL_B_SPLINE_SURFACE
((
    (1.056414481128,1.056414481128,1.056414481128,1.056414481128
      ,1.056414481128,1.056414481128)
    ,(0.981195172957,0.981195172957,0.981195172957,0.981195172957
      ,0.981195172957,0.981195172957)
    ,(0.981195172957,0.981195172957,0.981195172957,0.981195172957
      ,0.981195172957,0.981195172957)
    ,(1.056414481128,1.056414481128,1.056414481128,1.056414481128
,1.056414481128,1.056414481128))) REPRESENTATION_ITEM('') SURFACE() );
#6655 = CARTESIAN_POINT('',(79.091754665,-200.8888438021,135.3818007883)
  );
#6656 = CARTESIAN_POINT('',(79.1992855458,-200.4002903155,135.1769343042
    ));
#6657 = CARTESIAN_POINT('',(85.1388002311,-173.4258226496,123.8621847949
    ));
#6658 = CARTESIAN_POINT('',(96.3428921359,-123.6431247534,102.6224459537
    ));
#6659 = CARTESIAN_POINT('',(107.3234041637,-74.62323385641,
    80.77215079262));
#6660 = CARTESIAN_POINT('',(112.2830999432,-51.84748623399,
    70.51601614625));
#6661 = CARTESIAN_POINT('',(81.8510269462,-204.3639411193,126.7755960567
    ));
#6662 = CARTESIAN_POINT('',(81.9472816648,-203.8740845073,126.5665991932
    ));
#6663 = CARTESIAN_POINT('',(87.2620021786,-176.827012503,115.0241438535)
  );
#6664 = CARTESIAN_POINT('',(97.087504867,-126.8433549439,93.40252771529)
  );
#6665 = CARTESIAN_POINT('',(106.2992770374,-77.41385684558,
    71.51522445487));
#6666 = CARTESIAN_POINT('',(110.4218067026,-54.4093997103,61.36543969481
    ));
#6667 = CARTESIAN_POINT('',(80.2160711316,-207.1674152732,117.6528716883
    ));
#6668 = CARTESIAN_POINT('',(80.3007947608,-206.6740169417,117.4448635428
    ));
#6669 = CARTESIAN_POINT('',(84.9771295864,-179.4304784819,105.9582708904
    ));
#6670 = CARTESIAN_POINT('',(93.4496042628,-128.9912086016,84.57296037206
    ));
#6671 = CARTESIAN_POINT('',(101.1350154985,-78.89211570434,
    63.41134378032));
#6672 = CARTESIAN_POINT('',(104.5916647155,-55.55253335278,
    53.71929519149));
#6673 = CARTESIAN_POINT('',(74.5361258412,-208.7004235081,109.9623088906
    ));
#6674 = CARTESIAN_POINT('',(74.6115265796,-208.2020014006,109.7601973632
    ));
#6675 = CARTESIAN_POINT('',(78.7722480918,-180.6801010519,98.60110323365
    ));
#6676 = CARTESIAN_POINT('',(86.2062727231,-129.6278883443,78.01980462895
    ));
#6677 = CARTESIAN_POINT('',(92.9337438996,-78.74224343792,58.19155744936
    ));
#6678 = CARTESIAN_POINT('',(96.0380353093,-55.03270538445,49.21085549457
    ));
#6679 = ADVANCED_FACE('',(#6680),#6692,.T.);
#6680 = FACE_BOUND('',#6681,.T.);
#6681 = EDGE_LOOP('',(#6682,#6683,#6684,#6691));
#6682 = ORIENTED_EDGE('',*,*,#6358,.F.);
#6683 = ORIENTED_EDGE('',*,*,#6298,.F.);
#6684 = ORIENTED_EDGE('',*,*,#6685,.T.);
#6685 = EDGE_CURVE('',#6273,#4224,#6686,.T.);
#6686 = CIRCLE('',#6687,29.99999999998);
#6687 = AXIS2_PLACEMENT_3D('',#6688,#6689,#6690);
#6688 = CARTESIAN_POINT('',(-14.81802321265,-335.2018493687,
    29.18810290781));
#6689 = DIRECTION('',(-0.275686567976,-2.384519486348E-02,
    -0.960951779706));
#6690 = DIRECTION('',(0.960486615842,-4.66038794218E-02,-0.274396682218)
  );
#6691 = ORIENTED_EDGE('',*,*,#4221,.F.);
#6692 = ( BOUNDED_SURFACE() B_SPLINE_SURFACE(3,3,(
    (#6693,#6694,#6695,#6696,#6697,#6698,#6699,#6700)
    ,(#6701,#6702,#6703,#6704,#6705,#6706,#6707,#6708)
    ,(#6709,#6710,#6711,#6712,#6713,#6714,#6715,#6716)
    ,(#6717,#6718,#6719,#6720,#6721,#6722,#6723,#6724
)),.UNSPECIFIED.,.F.,.F.,.F.) B_SPLINE_SURFACE_WITH_KNOTS((4,4),(4,1,1,1
    ,1,4),(0.,1.),(-3.335000074778E-02,0.,0.335333174451,0.668665969254,
1.,1.033359692363),.UNSPECIFIED.) GEOMETRIC_REPRESENTATION_ITEM() 
RATIONAL_B_SPLINE_SURFACE((
    (1.067265503172,1.067265503172,1.067265503172,1.067265503172
      ,1.067265503172,1.067265503172,1.067265503172,1.067265503172)
    ,(0.977578165609,0.977578165609,0.977578165609,0.977578165609
      ,0.977578165609,0.977578165609,0.977578165609,0.977578165609)
    ,(0.977578165609,0.977578165609,0.977578165609,0.977578165609
      ,0.977578165609,0.977578165609,0.977578165609,0.977578165609)
    ,(1.067265503172,1.067265503172,1.067265503172,1.067265503172
      ,1.067265503172,1.067265503172,1.067265503172,1.067265503172
))) REPRESENTATION_ITEM('') SURFACE() );
#6693 = CARTESIAN_POINT('',(-4.31109429477,-360.7358569272,
    5.940983806938));
#6694 = CARTESIAN_POINT('',(-4.259084284,-360.735526251,6.150531868044)
  );
#6695 = CARTESIAN_POINT('',(-3.68411122152,-360.7318704758,
    8.467083914785));
#6696 = CARTESIAN_POINT('',(-2.58921515826,-360.7249062191,
    12.87815682978));
#6697 = CARTESIAN_POINT('',(-1.0295173707,-360.7149813705,19.16130868776
    ));
#6698 = CARTESIAN_POINT('',(5.928793230007E-02,-360.7080529095,
    23.54710982962));
#6699 = CARTESIAN_POINT('',(0.6281701849,-360.7044335668,25.8385107121)
  );
#6700 = CARTESIAN_POINT('',(0.6802078177,-360.7041024991,26.04811221963)
  );
#6701 = CARTESIAN_POINT('',(4.1654261918,-354.8975343756,3.356105444693)
  );
#6702 = CARTESIAN_POINT('',(4.2192207095,-354.8999524981,3.565296101837)
  );
#6703 = CARTESIAN_POINT('',(4.813899433,-354.9266854324,5.87790176069));
#6704 = CARTESIAN_POINT('',(5.9458642303,-354.9776012425,10.2815646929)
  );
#6705 = CARTESIAN_POINT('',(7.5574510769,-355.0501402025,16.55454827986)
  );
#6706 = CARTESIAN_POINT('',(8.6817436134,-355.100762435,20.93347510354)
  );
#6707 = CARTESIAN_POINT('',(9.2689687798,-355.1272024046,23.22135247144)
  );
#6708 = CARTESIAN_POINT('',(9.3226826514,-355.1296208788,23.43063224353)
  );
#6709 = CARTESIAN_POINT('',(8.8150014274,-345.4900709631,1.77493872597)
  );
#6710 = CARTESIAN_POINT('',(8.8716544756,-345.4940082961,1.983495138624)
  );
#6711 = CARTESIAN_POINT('',(9.4979148273,-345.5375477544,4.289091626384)
  );
#6712 = CARTESIAN_POINT('',(10.6896175835,-345.6207064137,8.679468371822
    ));
#6713 = CARTESIAN_POINT('',(12.3855247953,-345.7396664518,14.93391903796
    ));
#6714 = CARTESIAN_POINT('',(13.5680264732,-345.8230553182,19.30009613387
    ));
#6715 = CARTESIAN_POINT('',(14.1854874931,-345.8667086647,21.58137548993
    ));
#6716 = CARTESIAN_POINT('',(14.2419656667,-345.870702479,21.79005225728)
  );
#6717 = CARTESIAN_POINT('',(8.4654544164,-334.885126818,1.596102268602)
  );
#6718 = CARTESIAN_POINT('',(8.5253193716,-334.888970774,1.803907491878)
  );
#6719 = CARTESIAN_POINT('',(9.1870754605,-334.9314975773,4.101199066134)
  );
#6720 = CARTESIAN_POINT('',(10.4461252159,-335.0131333133,8.475762923021
    ));
#6721 = CARTESIAN_POINT('',(12.2375265891,-335.1307687548,14.7079882439)
  );
#6722 = CARTESIAN_POINT('',(13.4862845527,-335.2138795927,19.05875446115
    ));
#6723 = CARTESIAN_POINT('',(14.138251783,-335.2575608178,21.33202469398)
  );
#6724 = CARTESIAN_POINT('',(14.19788543,-335.2615586207,21.53996920726)
  );
#6725 = ADVANCED_FACE('',(#6726),#6732,.T.);
#6726 = FACE_BOUND('',#6727,.T.);
#6727 = EDGE_LOOP('',(#6728,#6729,#6730,#6731));
#6728 = ORIENTED_EDGE('',*,*,#6685,.F.);
#6729 = ORIENTED_EDGE('',*,*,#6272,.T.);
#6730 = ORIENTED_EDGE('',*,*,#6647,.F.);
#6731 = ORIENTED_EDGE('',*,*,#4231,.T.);
#6732 = ( BOUNDED_SURFACE() B_SPLINE_SURFACE(3,3,(
    (#6733,#6734,#6735,#6736,#6737,#6738,#6739,#6740,#6741,#6742,#6743
      ,#6744,#6745,#6746,#6747,#6748,#6749,#6750,#6751,#6752,#6753,#6754
      ,#6755)
    ,(#6756,#6757,#6758,#6759,#6760,#6761,#6762,#6763,#6764,#6765,#6766
      ,#6767,#6768,#6769,#6770,#6771,#6772,#6773,#6774,#6775,#6776,#6777
      ,#6778)
    ,(#6779,#6780,#6781,#6782,#6783,#6784,#6785,#6786,#6787,#6788,#6789
      ,#6790,#6791,#6792,#6793,#6794,#6795,#6796,#6797,#6798,#6799,#6800
      ,#6801)
    ,(#6802,#6803,#6804,#6805,#6806,#6807,#6808,#6809,#6810,#6811,#6812
      ,#6813,#6814,#6815,#6816,#6817,#6818,#6819,#6820,#6821,#6822,#6823
,#6824
    )),.UNSPECIFIED.,.F.,.F.,.F.) B_SPLINE_SURFACE_WITH_KNOTS((4,4),(4,1
    ,1,1,1,1,1,1,1,1,1,1,1,1,1,1,1,1,1,1,4),(0.,1.),(-9.67990414338E-03,
    0.,6.895398133565E-02,0.135228267765,0.198140063628,0.257482733022,
    0.313480911715,0.366570703763,0.417344999492,0.466468253441,
    0.514639870509,0.562570834148,0.61096782929,0.66052582545,
    0.711894330503,0.76565989997,0.822257680378,0.88151407475,
    0.941313284662,1.,1.009697309172),.UNSPECIFIED.) 
GEOMETRIC_REPRESENTATION_ITEM() RATIONAL_B_SPLINE_SURFACE((
    (1.067176451925,1.067176451925,1.067176451925,1.067176451925
      ,1.067176451925,1.067176451925,1.067176451925,1.067176451925
      ,1.067176451925,1.067176451925,1.067176451925,1.067176451925
      ,1.067176451925,1.067176451925,1.067176451925,1.067176451925
      ,1.067176451925,1.067176451925,1.067176451925,1.067176451925
      ,1.067176451925,1.067176451925,1.067176451925)
    ,(0.977607849358,0.977607849358,0.977607849358,0.977607849358
      ,0.977607849358,0.977607849358,0.977607849358,0.977607849358
      ,0.977607849358,0.977607849358,0.977607849358,0.977607849358
      ,0.977607849358,0.977607849358,0.977607849358,0.977607849358
      ,0.977607849358,0.977607849358,0.977607849358,0.977607849358
      ,0.977607849358,0.977607849358,0.977607849358)
    ,(0.977607849358,0.977607849358,0.977607849358,0.977607849358
      ,0.977607849358,0.977607849358,0.977607849358,0.977607849358
      ,0.977607849358,0.977607849358,0.977607849358,0.977607849358
      ,0.977607849358,0.977607849358,0.977607849358,0.977607849358
      ,0.977607849358,0.977607849358,0.977607849358,0.977607849358
      ,0.977607849358,0.977607849358,0.977607849358)
    ,(1.067176451925,1.067176451925,1.067176451925,1.067176451925
      ,1.067176451925,1.067176451925,1.067176451925,1.067176451925
      ,1.067176451925,1.067176451925,1.067176451925,1.067176451925
      ,1.067176451925,1.067176451925,1.067176451925,1.067176451925
      ,1.067176451925,1.067176451925,1.067176451925,1.067176451925
      ,1.067176451925,1.067176451925,1.067176451925
))) REPRESENTATION_ITEM('') SURFACE() );
#6733 = CARTESIAN_POINT('',(-8.182122129993E-02,-360.716040312,
    23.13193508828));
#6734 = CARTESIAN_POINT('',(0.1099284862,-360.7241724943,23.8969775334)
  );
#6735 = CARTESIAN_POINT('',(1.6701865793,-360.7465070515,30.11542630325)
  );
#6736 = CARTESIAN_POINT('',(4.5870044848,-360.1292960323,41.61483452535)
  );
#6737 = CARTESIAN_POINT('',(8.7221708622,-357.6775319867,57.17457786164)
  );
#6738 = CARTESIAN_POINT('',(12.8703843263,-353.8090802229,71.69843394153
    ));
#6739 = CARTESIAN_POINT('',(17.0393598532,-348.7071961403,84.99710451009
    ));
#6740 = CARTESIAN_POINT('',(21.2416799667,-342.5447540923,96.99502445217
    ));
#6741 = CARTESIAN_POINT('',(25.4896148713,-335.4662488213,107.6815108859
    ));
#6742 = CARTESIAN_POINT('',(29.7958999617,-327.5809049738,117.0830212372
    ));
#6743 = CARTESIAN_POINT('',(34.1728805245,-318.9630579907,125.2381450825
    ));
#6744 = CARTESIAN_POINT('',(38.6322439645,-309.6553570992,132.181987686)
  );
#6745 = CARTESIAN_POINT('',(43.1833410308,-299.6744849722,137.9344930511
    ));
#6746 = CARTESIAN_POINT('',(47.8302182492,-289.0184503002,142.4930401454
    ));
#6747 = CARTESIAN_POINT('',(52.5674100324,-277.6741385741,145.8287341532
    ));
#6748 = CARTESIAN_POINT('',(57.3731660716,-265.6278414049,147.8855016897
    ));
#6749 = CARTESIAN_POINT('',(62.2000028589,-252.8791572821,148.5837901631
    ));
#6750 = CARTESIAN_POINT('',(66.9530649853,-239.4870908299,147.8330226512
    ));
#6751 = CARTESIAN_POINT('',(71.4419136151,-225.7155657877,145.5886948637
    ));
#6752 = CARTESIAN_POINT('',(75.4322063756,-211.9675852817,141.9479502589
    ));
#6753 = CARTESIAN_POINT('',(77.8396383769,-202.210626098,138.4323623766)
  );
#6754 = CARTESIAN_POINT('',(78.9502793458,-197.08363008,136.3165181619)
  );
#6755 = CARTESIAN_POINT('',(79.1041874832,-196.3582567555,136.0117600157
    ));
#6756 = CARTESIAN_POINT('',(8.5614432375,-355.1189886437,20.59635149758)
  );
#6757 = CARTESIAN_POINT('',(8.7515323766,-355.1366454688,21.33467433527)
  );
#6758 = CARTESIAN_POINT('',(10.2976535992,-355.2378979169,27.33447279663
    ));
#6759 = CARTESIAN_POINT('',(13.1788393592,-354.7896587595,38.40869829331
    ));
#6760 = CARTESIAN_POINT('',(17.2436065381,-352.6302344418,53.36246610506
    ));
#6761 = CARTESIAN_POINT('',(21.2936308851,-349.1052042381,67.27601379815
    ));
#6762 = CARTESIAN_POINT('',(25.3344456565,-344.3960606064,79.97206619179
    ));
#6763 = CARTESIAN_POINT('',(29.3768283706,-338.6741261037,91.38327039891
    ));
#6764 = CARTESIAN_POINT('',(33.4330644174,-332.0814343568,101.5085326632
    ));
#6765 = CARTESIAN_POINT('',(37.5165541928,-324.7240964878,110.3825439006
    ));
#6766 = CARTESIAN_POINT('',(41.6411050706,-316.6719716802,118.051612744)
  );
#6767 = CARTESIAN_POINT('',(45.8200736255,-307.9622103382,124.5570255082
    ));
#6768 = CARTESIAN_POINT('',(50.0644954639,-298.6050547615,129.9233614786
    ));
#6769 = CARTESIAN_POINT('',(54.3800452386,-288.5910847325,134.151066814)
  );
#6770 = CARTESIAN_POINT('',(58.7626022224,-277.8994615637,137.2125744558
    ));
#6771 = CARTESIAN_POINT('',(63.191770619,-266.5083620572,139.0517803721)
  );
#6772 = CARTESIAN_POINT('',(67.6217335249,-254.4093620806,139.5879669263
    ));
#6773 = CARTESIAN_POINT('',(71.9611823864,-241.6525571527,138.7289738139
    ));
#6774 = CARTESIAN_POINT('',(76.0300544238,-228.4871065662,136.4287398726
    ));
#6775 = CARTESIAN_POINT('',(79.6090274424,-215.3023459375,132.780127062)
  );
#6776 = CARTESIAN_POINT('',(81.7329651357,-205.9251848343,129.2913743495
    ));
#6777 = CARTESIAN_POINT('',(82.6991093511,-200.9878010864,127.1969119307
    ));
#6778 = CARTESIAN_POINT('',(82.8326713012,-200.2890388948,126.895317347)
  );
#6779 = CARTESIAN_POINT('',(13.490027624,-345.8516433755,19.08403588698)
  );
#6780 = CARTESIAN_POINT('',(13.6777877781,-345.8750174848,19.77958566165
    ));
#6781 = CARTESIAN_POINT('',(15.2042162524,-346.0251939716,25.42985595522
    ));
#6782 = CARTESIAN_POINT('',(18.0377248356,-345.704807742,35.83168232251)
  );
#6783 = CARTESIAN_POINT('',(22.0121340371,-343.8169236753,49.84395844952
    ));
#6784 = CARTESIAN_POINT('',(25.9355199002,-340.6528126237,62.82424999556
    ));
#6785 = CARTESIAN_POINT('',(29.8090482919,-336.3916232103,74.61245282203
    ));
#6786 = CARTESIAN_POINT('',(33.6399013486,-331.202018221,85.15251742778)
  );
#6787 = CARTESIAN_POINT('',(37.4399303062,-325.2213789121,94.45725546117
    ));
#6788 = CARTESIAN_POINT('',(41.2234158273,-318.5498894124,102.5735977));
#6789 = CARTESIAN_POINT('',(45.006621262,-311.2491747209,109.5598099625)
  );
#6790 = CARTESIAN_POINT('',(48.8059879324,-303.3465507951,115.4672013205
    ));
#6791 = CARTESIAN_POINT('',(52.6359499014,-294.8410756803,120.3283863881
    ));
#6792 = CARTESIAN_POINT('',(56.505759792,-285.7108520006,124.1497725584)
  );
#6793 = CARTESIAN_POINT('',(60.4146372814,-275.9225575097,126.9073077801
    ));
#6794 = CARTESIAN_POINT('',(64.3456799314,-265.4419144281,128.5464569529
    ));
#6795 = CARTESIAN_POINT('',(68.2570294194,-254.2491170414,128.9862735789
    ));
#6796 = CARTESIAN_POINT('',(72.0637633259,-242.382936604,128.1330340708)
  );
#6797 = CARTESIAN_POINT('',(75.6008089212,-230.0743826064,125.9362506351
    ));
#6798 = CARTESIAN_POINT('',(78.6688921333,-217.6971680252,122.4772014732
    ));
#6799 = CARTESIAN_POINT('',(80.4482324115,-208.8767401346,119.1814944734
    ));
#6800 = CARTESIAN_POINT('',(81.2419216192,-204.2213395462,117.2026410155
    ));
#6801 = CARTESIAN_POINT('',(81.3512703809,-203.5622395187,116.9176773657
    ));
#6802 = CARTESIAN_POINT('',(13.4629569841,-335.2474419544,18.9757762573)
  );
#6803 = CARTESIAN_POINT('',(13.648306155,-335.2712864266,19.62326940097)
  );
#6804 = CARTESIAN_POINT('',(15.1544444669,-335.4280744496,24.88114183933
    ));
#6805 = CARTESIAN_POINT('',(17.9402355431,-335.1622299517,34.53265696295
    ));
#6806 = CARTESIAN_POINT('',(21.8270793461,-333.4567151705,47.50498471456
    ));
#6807 = CARTESIAN_POINT('',(25.6272638345,-330.5801445398,59.46405818561
    ));
#6808 = CARTESIAN_POINT('',(29.336501487,-326.7093321114,70.26776872774)
  );
#6809 = CARTESIAN_POINT('',(32.9574939677,-322.0098426328,79.87161528866
    ));
#6810 = CARTESIAN_POINT('',(36.5013183356,-316.6133851613,88.30312993964
    ));
#6811 = CARTESIAN_POINT('',(39.9831291415,-310.6128957294,95.62240780106
    ));
#6812 = CARTESIAN_POINT('',(43.4220212077,-304.0600805215,101.9008992893
    ));
#6813 = CARTESIAN_POINT('',(46.838159468,-296.9705616527,107.2012542963)
  );
#6814 = CARTESIAN_POINT('',(50.2502343393,-289.3302851319,111.5654995846
    ));
#6815 = CARTESIAN_POINT('',(53.6721253561,-281.1029698143,115.0073968377
    ));
#6816 = CARTESIAN_POINT('',(57.107547059,-272.2411937677,117.5077112133)
  );
#6817 = CARTESIAN_POINT('',(60.5443496162,-262.697020814,119.0146810785)
  );
#6818 = CARTESIAN_POINT('',(63.9459285266,-252.4387704802,119.4481248823
    ));
#6819 = CARTESIAN_POINT('',(67.2349788098,-241.4943259502,118.7131694755
    ));
#6820 = CARTESIAN_POINT('',(70.2622574152,-230.0777315192,116.7531452616
    ));
#6821 = CARTESIAN_POINT('',(72.8485183942,-218.54905604,113.6333611144)
  );
#6822 = CARTESIAN_POINT('',(74.3089248011,-210.3221158826,110.6483031283
    ));
#6823 = CARTESIAN_POINT('',(74.9456234276,-205.9700684206,108.850176459)
  );
#6824 = CARTESIAN_POINT('',(75.0329886712,-205.3536949982,108.5911235891
    ));
#6825 = ADVANCED_FACE('',(#6826),#6838,.T.);
#6826 = FACE_BOUND('',#6827,.T.);
#6827 = EDGE_LOOP('',(#6828,#6829,#6830,#6837));
#6828 = ORIENTED_EDGE('',*,*,#4777,.T.);
#6829 = ORIENTED_EDGE('',*,*,#5004,.F.);
#6830 = ORIENTED_EDGE('',*,*,#6831,.T.);
#6831 = EDGE_CURVE('',#4868,#6057,#6832,.T.);
#6832 = CIRCLE('',#6833,30.);
#6833 = AXIS2_PLACEMENT_3D('',#6834,#6835,#6836);
#6834 = CARTESIAN_POINT('',(51.1379172603,124.9719139566,197.3037099403)
  );
#6835 = DIRECTION('',(0.17993467045,-0.318006915051,-0.930857194391));
#6836 = DIRECTION('',(0.961487209591,0.256727245878,9.81502267793E-02));
#6837 = ORIENTED_EDGE('',*,*,#6056,.T.);
#6838 = ( BOUNDED_SURFACE() B_SPLINE_SURFACE(3,3,(
    (#6839,#6840,#6841,#6842,#6843,#6844)
    ,(#6845,#6846,#6847,#6848,#6849,#6850)
    ,(#6851,#6852,#6853,#6854,#6855,#6856)
    ,(#6857,#6858,#6859,#6860,#6861,#6862
)),.UNSPECIFIED.,.F.,.F.,.F.) B_SPLINE_SURFACE_WITH_KNOTS((4,4),(4,1,1,4
    ),(0.,1.),(-2.224343734836E-03,0.,0.120595645072,0.225192136923),
.UNSPECIFIED.) GEOMETRIC_REPRESENTATION_ITEM() RATIONAL_B_SPLINE_SURFACE
((
    (1.056414481128,1.056414481128,1.056414481128,1.056414481128
      ,1.056414481128,1.056414481128)
    ,(0.981195172957,0.981195172957,0.981195172957,0.981195172957
      ,0.981195172957,0.981195172957)
    ,(0.981195172957,0.981195172957,0.981195172957,0.981195172957
      ,0.981195172957,0.981195172957)
    ,(1.056414481128,1.056414481128,1.056414481128,1.056414481128
,1.056414481128,1.056414481128))) REPRESENTATION_ITEM('') SURFACE() );
#6839 = CARTESIAN_POINT('',(79.091754665,135.3818007883,200.8888438021)
  );
#6840 = CARTESIAN_POINT('',(79.1992855458,135.1769343042,200.4002903155)
  );
#6841 = CARTESIAN_POINT('',(85.1388002311,123.8621847949,173.4258226496)
  );
#6842 = CARTESIAN_POINT('',(96.3428921359,102.6224459537,123.6431247534)
  );
#6843 = CARTESIAN_POINT('',(107.3234041637,80.77215079262,74.6232338564)
  );
#6844 = CARTESIAN_POINT('',(112.2830999432,70.51601614625,51.84748623399
    ));
#6845 = CARTESIAN_POINT('',(81.8510269462,126.7755960567,204.3639411193)
  );
#6846 = CARTESIAN_POINT('',(81.9472816648,126.5665991932,203.8740845073)
  );
#6847 = CARTESIAN_POINT('',(87.2620021786,115.0241438535,176.827012503)
  );
#6848 = CARTESIAN_POINT('',(97.087504867,93.40252771529,126.8433549439)
  );
#6849 = CARTESIAN_POINT('',(106.2992770374,71.51522445487,77.41385684557
    ));
#6850 = CARTESIAN_POINT('',(110.4218067026,61.36543969481,54.4093997103)
  );
#6851 = CARTESIAN_POINT('',(80.2160711316,117.6528716883,207.1674152732)
  );
#6852 = CARTESIAN_POINT('',(80.3007947608,117.4448635428,206.6740169417)
  );
#6853 = CARTESIAN_POINT('',(84.9771295864,105.9582708904,179.4304784819)
  );
#6854 = CARTESIAN_POINT('',(93.4496042628,84.57296037206,128.9912086016)
  );
#6855 = CARTESIAN_POINT('',(101.1350154985,63.41134378031,78.89211570434
    ));
#6856 = CARTESIAN_POINT('',(104.5916647155,53.71929519149,55.55253335277
    ));
#6857 = CARTESIAN_POINT('',(74.5361258412,109.9623088906,208.7004235081)
  );
#6858 = CARTESIAN_POINT('',(74.6115265796,109.7601973632,208.2020014006)
  );
#6859 = CARTESIAN_POINT('',(78.7722480918,98.60110323365,180.6801010519)
  );
#6860 = CARTESIAN_POINT('',(86.2062727231,78.01980462895,129.6278883443)
  );
#6861 = CARTESIAN_POINT('',(92.9337438996,58.19155744936,78.74224343791)
  );
#6862 = CARTESIAN_POINT('',(96.0380353093,49.21085549457,55.03270538445)
  );
#6863 = ADVANCED_FACE('',(#6864),#6876,.T.);
#6864 = FACE_BOUND('',#6865,.T.);
#6865 = EDGE_LOOP('',(#6866,#6867,#6868,#6875));
#6866 = ORIENTED_EDGE('',*,*,#6155,.F.);
#6867 = ORIENTED_EDGE('',*,*,#6095,.F.);
#6868 = ORIENTED_EDGE('',*,*,#6869,.T.);
#6869 = EDGE_CURVE('',#6070,#4860,#6870,.T.);
#6870 = CIRCLE('',#6871,29.99999999998);
#6871 = AXIS2_PLACEMENT_3D('',#6872,#6873,#6874);
#6872 = CARTESIAN_POINT('',(-14.81802321265,29.18810290781,
    335.2018493687));
#6873 = DIRECTION('',(-0.275686567976,-0.960951779706,2.384519486348E-02
    ));
#6874 = DIRECTION('',(0.960486615842,-0.274396682218,4.66038794218E-02)
  );
#6875 = ORIENTED_EDGE('',*,*,#4857,.F.);
#6876 = ( BOUNDED_SURFACE() B_SPLINE_SURFACE(3,3,(
    (#6877,#6878,#6879,#6880,#6881,#6882,#6883,#6884)
    ,(#6885,#6886,#6887,#6888,#6889,#6890,#6891,#6892)
    ,(#6893,#6894,#6895,#6896,#6897,#6898,#6899,#6900)
    ,(#6901,#6902,#6903,#6904,#6905,#6906,#6907,#6908
)),.UNSPECIFIED.,.F.,.F.,.F.) B_SPLINE_SURFACE_WITH_KNOTS((4,4),(4,1,1,1
    ,1,4),(0.,1.),(-3.335000074768E-02,0.,0.335333174451,0.668665969254,
1.,1.033359692363),.UNSPECIFIED.) GEOMETRIC_REPRESENTATION_ITEM() 
RATIONAL_B_SPLINE_SURFACE((
    (1.067265503172,1.067265503172,1.067265503172,1.067265503172
      ,1.067265503172,1.067265503172,1.067265503172,1.067265503172)
    ,(0.977578165609,0.977578165609,0.977578165609,0.977578165609
      ,0.977578165609,0.977578165609,0.977578165609,0.977578165609)
    ,(0.977578165609,0.977578165609,0.977578165609,0.977578165609
      ,0.977578165609,0.977578165609,0.977578165609,0.977578165609)
    ,(1.067265503172,1.067265503172,1.067265503172,1.067265503172
      ,1.067265503172,1.067265503172,1.067265503172,1.067265503172
))) REPRESENTATION_ITEM('') SURFACE() );
#6877 = CARTESIAN_POINT('',(-4.31109429477,5.94098380694,360.7358569272)
  );
#6878 = CARTESIAN_POINT('',(-4.259084284,6.150531868045,360.735526251));
#6879 = CARTESIAN_POINT('',(-3.68411122152,8.467083914786,360.7318704758
    ));
#6880 = CARTESIAN_POINT('',(-2.58921515826,12.87815682978,360.7249062191
    ));
#6881 = CARTESIAN_POINT('',(-1.0295173707,19.16130868776,360.7149813705)
  );
#6882 = CARTESIAN_POINT('',(5.928793229998E-02,23.54710982962,
    360.7080529095));
#6883 = CARTESIAN_POINT('',(0.6281701849,25.8385107121,360.7044335668));
#6884 = CARTESIAN_POINT('',(0.6802078177,26.04811221963,360.7041024991)
  );
#6885 = CARTESIAN_POINT('',(4.1654261918,3.356105444695,354.8975343756)
  );
#6886 = CARTESIAN_POINT('',(4.2192207095,3.565296101839,354.8999524981)
  );
#6887 = CARTESIAN_POINT('',(4.813899433,5.87790176069,354.9266854324));
#6888 = CARTESIAN_POINT('',(5.9458642303,10.2815646929,354.9776012425));
#6889 = CARTESIAN_POINT('',(7.5574510769,16.55454827986,355.0501402025)
  );
#6890 = CARTESIAN_POINT('',(8.6817436134,20.93347510354,355.100762435));
#6891 = CARTESIAN_POINT('',(9.2689687798,23.22135247144,355.1272024046)
  );
#6892 = CARTESIAN_POINT('',(9.3226826514,23.43063224353,355.1296208788)
  );
#6893 = CARTESIAN_POINT('',(8.8150014274,1.774938725972,345.4900709631)
  );
#6894 = CARTESIAN_POINT('',(8.8716544756,1.983495138626,345.4940082961)
  );
#6895 = CARTESIAN_POINT('',(9.4979148273,4.289091626385,345.5375477544)
  );
#6896 = CARTESIAN_POINT('',(10.6896175835,8.679468371822,345.6207064137)
  );
#6897 = CARTESIAN_POINT('',(12.3855247953,14.93391903796,345.7396664518)
  );
#6898 = CARTESIAN_POINT('',(13.5680264732,19.30009613387,345.8230553182)
  );
#6899 = CARTESIAN_POINT('',(14.1854874931,21.58137548993,345.8667086647)
  );
#6900 = CARTESIAN_POINT('',(14.2419656667,21.79005225728,345.870702479)
  );
#6901 = CARTESIAN_POINT('',(8.4654544164,1.596102268604,334.885126818));
#6902 = CARTESIAN_POINT('',(8.5253193716,1.803907491879,334.888970774));
#6903 = CARTESIAN_POINT('',(9.1870754605,4.101199066135,334.9314975773)
  );
#6904 = CARTESIAN_POINT('',(10.4461252159,8.475762923021,335.0131333133)
  );
#6905 = CARTESIAN_POINT('',(12.2375265891,14.7079882439,335.1307687548)
  );
#6906 = CARTESIAN_POINT('',(13.4862845527,19.05875446115,335.2138795927)
  );
#6907 = CARTESIAN_POINT('',(14.138251783,21.33202469398,335.2575608178)
  );
#6908 = CARTESIAN_POINT('',(14.19788543,21.53996920726,335.2615586207));
#6909 = ADVANCED_FACE('',(#6910),#6916,.T.);
#6910 = FACE_BOUND('',#6911,.T.);
#6911 = EDGE_LOOP('',(#6912,#6913,#6914,#6915));
#6912 = ORIENTED_EDGE('',*,*,#6869,.F.);
#6913 = ORIENTED_EDGE('',*,*,#6069,.T.);
#6914 = ORIENTED_EDGE('',*,*,#6831,.F.);
#6915 = ORIENTED_EDGE('',*,*,#4867,.T.);
#6916 = ( BOUNDED_SURFACE() B_SPLINE_SURFACE(3,3,(
    (#6917,#6918,#6919,#6920,#6921,#6922,#6923,#6924,#6925,#6926,#6927
      ,#6928,#6929,#6930,#6931,#6932,#6933,#6934,#6935,#6936,#6937,#6938
      ,#6939)
    ,(#6940,#6941,#6942,#6943,#6944,#6945,#6946,#6947,#6948,#6949,#6950
      ,#6951,#6952,#6953,#6954,#6955,#6956,#6957,#6958,#6959,#6960,#6961
      ,#6962)
    ,(#6963,#6964,#6965,#6966,#6967,#6968,#6969,#6970,#6971,#6972,#6973
      ,#6974,#6975,#6976,#6977,#6978,#6979,#6980,#6981,#6982,#6983,#6984
      ,#6985)
    ,(#6986,#6987,#6988,#6989,#6990,#6991,#6992,#6993,#6994,#6995,#6996
      ,#6997,#6998,#6999,#7000,#7001,#7002,#7003,#7004,#7005,#7006,#7007
,#7008
    )),.UNSPECIFIED.,.F.,.F.,.F.) B_SPLINE_SURFACE_WITH_KNOTS((4,4),(4,1
    ,1,1,1,1,1,1,1,1,1,1,1,1,1,1,1,1,1,1,4),(0.,1.),(-9.679904143381E-03
    ,0.,6.895398133565E-02,0.135228267765,0.198140063628,0.257482733022,
    0.313480911715,0.366570703763,0.417344999492,0.466468253441,
    0.514639870509,0.562570834148,0.61096782929,0.66052582545,
    0.711894330503,0.76565989997,0.822257680378,0.88151407475,
    0.941313284662,1.,1.009697309172),.UNSPECIFIED.) 
GEOMETRIC_REPRESENTATION_ITEM() RATIONAL_B_SPLINE_SURFACE((
    (1.067176451925,1.067176451925,1.067176451925,1.067176451925
      ,1.067176451925,1.067176451925,1.067176451925,1.067176451925
      ,1.067176451925,1.067176451925,1.067176451925,1.067176451925
      ,1.067176451925,1.067176451925,1.067176451925,1.067176451925
      ,1.067176451925,1.067176451925,1.067176451925,1.067176451925
      ,1.067176451925,1.067176451925,1.067176451925)
    ,(0.977607849358,0.977607849358,0.977607849358,0.977607849358
      ,0.977607849358,0.977607849358,0.977607849358,0.977607849358
      ,0.977607849358,0.977607849358,0.977607849358,0.977607849358
      ,0.977607849358,0.977607849358,0.977607849358,0.977607849358
      ,0.977607849358,0.977607849358,0.977607849358,0.977607849358
      ,0.977607849358,0.977607849358,0.977607849358)
    ,(0.977607849358,0.977607849358,0.977607849358,0.977607849358
      ,0.977607849358,0.977607849358,0.977607849358,0.977607849358
      ,0.977607849358,0.977607849358,0.977607849358,0.977607849358
      ,0.977607849358,0.977607849358,0.977607849358,0.977607849358
      ,0.977607849358,0.977607849358,0.977607849358,0.977607849358
      ,0.977607849358,0.977607849358,0.977607849358)
    ,(1.067176451925,1.067176451925,1.067176451925,1.067176451925
      ,1.067176451925,1.067176451925,1.067176451925,1.067176451925
      ,1.067176451925,1.067176451925,1.067176451925,1.067176451925
      ,1.067176451925,1.067176451925,1.067176451925,1.067176451925
      ,1.067176451925,1.067176451925,1.067176451925,1.067176451925
      ,1.067176451925,1.067176451925,1.067176451925
))) REPRESENTATION_ITEM('') SURFACE() );
#6917 = CARTESIAN_POINT('',(-8.182122130002E-02,23.13193508828,
    360.716040312));
#6918 = CARTESIAN_POINT('',(0.1099284862,23.8969775334,360.7241724943));
#6919 = CARTESIAN_POINT('',(1.6701865793,30.11542630325,360.7465070515)
  );
#6920 = CARTESIAN_POINT('',(4.5870044848,41.61483452535,360.1292960323)
  );
#6921 = CARTESIAN_POINT('',(8.7221708622,57.17457786164,357.6775319867)
  );
#6922 = CARTESIAN_POINT('',(12.8703843263,71.69843394153,353.8090802229)
  );
#6923 = CARTESIAN_POINT('',(17.0393598532,84.99710451009,348.7071961403)
  );
#6924 = CARTESIAN_POINT('',(21.2416799667,96.99502445217,342.5447540923)
  );
#6925 = CARTESIAN_POINT('',(25.4896148713,107.6815108859,335.4662488213)
  );
#6926 = CARTESIAN_POINT('',(29.7958999617,117.0830212372,327.5809049738)
  );
#6927 = CARTESIAN_POINT('',(34.1728805245,125.2381450825,318.9630579907)
  );
#6928 = CARTESIAN_POINT('',(38.6322439645,132.181987686,309.6553570992)
  );
#6929 = CARTESIAN_POINT('',(43.1833410308,137.9344930511,299.6744849722)
  );
#6930 = CARTESIAN_POINT('',(47.8302182492,142.4930401454,289.0184503002)
  );
#6931 = CARTESIAN_POINT('',(52.5674100324,145.8287341532,277.6741385741)
  );
#6932 = CARTESIAN_POINT('',(57.3731660716,147.8855016897,265.6278414049)
  );
#6933 = CARTESIAN_POINT('',(62.2000028589,148.5837901631,252.8791572821)
  );
#6934 = CARTESIAN_POINT('',(66.9530649853,147.8330226512,239.4870908299)
  );
#6935 = CARTESIAN_POINT('',(71.4419136151,145.5886948637,225.7155657877)
  );
#6936 = CARTESIAN_POINT('',(75.4322063756,141.9479502589,211.9675852817)
  );
#6937 = CARTESIAN_POINT('',(77.8396383769,138.4323623766,202.210626098)
  );
#6938 = CARTESIAN_POINT('',(78.9502793458,136.3165181619,197.08363008));
#6939 = CARTESIAN_POINT('',(79.1041874832,136.0117600157,196.3582567555)
  );
#6940 = CARTESIAN_POINT('',(8.5614432375,20.59635149758,355.1189886437)
  );
#6941 = CARTESIAN_POINT('',(8.7515323766,21.33467433527,355.1366454688)
  );
#6942 = CARTESIAN_POINT('',(10.2976535992,27.33447279663,355.2378979169)
  );
#6943 = CARTESIAN_POINT('',(13.1788393592,38.40869829331,354.7896587595)
  );
#6944 = CARTESIAN_POINT('',(17.2436065381,53.36246610506,352.6302344418)
  );
#6945 = CARTESIAN_POINT('',(21.2936308851,67.27601379815,349.1052042381)
  );
#6946 = CARTESIAN_POINT('',(25.3344456565,79.97206619179,344.3960606064)
  );
#6947 = CARTESIAN_POINT('',(29.3768283706,91.38327039891,338.6741261037)
  );
#6948 = CARTESIAN_POINT('',(33.4330644174,101.5085326632,332.0814343568)
  );
#6949 = CARTESIAN_POINT('',(37.5165541928,110.3825439006,324.7240964878)
  );
#6950 = CARTESIAN_POINT('',(41.6411050706,118.051612744,316.6719716802)
  );
#6951 = CARTESIAN_POINT('',(45.8200736255,124.5570255082,307.9622103382)
  );
#6952 = CARTESIAN_POINT('',(50.0644954639,129.9233614786,298.6050547615)
  );
#6953 = CARTESIAN_POINT('',(54.3800452386,134.151066814,288.5910847325)
  );
#6954 = CARTESIAN_POINT('',(58.7626022224,137.2125744558,277.8994615637)
  );
#6955 = CARTESIAN_POINT('',(63.191770619,139.0517803721,266.5083620572)
  );
#6956 = CARTESIAN_POINT('',(67.6217335249,139.5879669263,254.4093620806)
  );
#6957 = CARTESIAN_POINT('',(71.9611823864,138.7289738139,241.6525571527)
  );
#6958 = CARTESIAN_POINT('',(76.0300544238,136.4287398726,228.4871065662)
  );
#6959 = CARTESIAN_POINT('',(79.6090274424,132.780127062,215.3023459375)
  );
#6960 = CARTESIAN_POINT('',(81.7329651357,129.2913743495,205.9251848343)
  );
#6961 = CARTESIAN_POINT('',(82.6991093511,127.1969119307,200.9878010864)
  );
#6962 = CARTESIAN_POINT('',(82.8326713012,126.895317347,200.2890388948)
  );
#6963 = CARTESIAN_POINT('',(13.490027624,19.08403588698,345.8516433755)
  );
#6964 = CARTESIAN_POINT('',(13.6777877781,19.77958566165,345.8750174848)
  );
#6965 = CARTESIAN_POINT('',(15.2042162524,25.42985595521,346.0251939716)
  );
#6966 = CARTESIAN_POINT('',(18.0377248356,35.83168232251,345.704807742)
  );
#6967 = CARTESIAN_POINT('',(22.0121340371,49.84395844952,343.8169236753)
  );
#6968 = CARTESIAN_POINT('',(25.9355199002,62.82424999556,340.6528126237)
  );
#6969 = CARTESIAN_POINT('',(29.8090482919,74.61245282203,336.3916232103)
  );
#6970 = CARTESIAN_POINT('',(33.6399013486,85.15251742778,331.202018221)
  );
#6971 = CARTESIAN_POINT('',(37.4399303062,94.45725546117,325.2213789121)
  );
#6972 = CARTESIAN_POINT('',(41.2234158273,102.5735977,318.5498894124));
#6973 = CARTESIAN_POINT('',(45.006621262,109.5598099625,311.2491747209)
  );
#6974 = CARTESIAN_POINT('',(48.8059879324,115.4672013205,303.3465507951)
  );
#6975 = CARTESIAN_POINT('',(52.6359499014,120.3283863881,294.8410756803)
  );
#6976 = CARTESIAN_POINT('',(56.505759792,124.1497725584,285.7108520006)
  );
#6977 = CARTESIAN_POINT('',(60.4146372814,126.9073077801,275.9225575097)
  );
#6978 = CARTESIAN_POINT('',(64.3456799314,128.5464569529,265.4419144281)
  );
#6979 = CARTESIAN_POINT('',(68.2570294194,128.9862735789,254.2491170414)
  );
#6980 = CARTESIAN_POINT('',(72.0637633259,128.1330340708,242.382936604)
  );
#6981 = CARTESIAN_POINT('',(75.6008089212,125.9362506351,230.0743826064)
  );
#6982 = CARTESIAN_POINT('',(78.6688921333,122.4772014732,217.6971680252)
  );
#6983 = CARTESIAN_POINT('',(80.4482324115,119.1814944734,208.8767401346)
  );
#6984 = CARTESIAN_POINT('',(81.2419216192,117.2026410155,204.2213395462)
  );
#6985 = CARTESIAN_POINT('',(81.3512703809,116.9176773657,203.5622395187)
  );
#6986 = CARTESIAN_POINT('',(13.4629569841,18.9757762573,335.2474419544)
  );
#6987 = CARTESIAN_POINT('',(13.648306155,19.62326940097,335.2712864266)
  );
#6988 = CARTESIAN_POINT('',(15.1544444669,24.88114183933,335.4280744496)
  );
#6989 = CARTESIAN_POINT('',(17.9402355431,34.53265696295,335.1622299517)
  );
#6990 = CARTESIAN_POINT('',(21.8270793461,47.50498471456,333.4567151705)
  );
#6991 = CARTESIAN_POINT('',(25.6272638345,59.46405818561,330.5801445398)
  );
#6992 = CARTESIAN_POINT('',(29.336501487,70.26776872774,326.7093321114)
  );
#6993 = CARTESIAN_POINT('',(32.9574939677,79.87161528866,322.0098426328)
  );
#6994 = CARTESIAN_POINT('',(36.5013183356,88.30312993964,316.6133851613)
  );
#6995 = CARTESIAN_POINT('',(39.9831291415,95.62240780106,310.6128957294)
  );
#6996 = CARTESIAN_POINT('',(43.4220212077,101.9008992893,304.0600805215)
  );
#6997 = CARTESIAN_POINT('',(46.838159468,107.2012542963,296.9705616527)
  );
#6998 = CARTESIAN_POINT('',(50.2502343393,111.5654995846,289.3302851319)
  );
#6999 = CARTESIAN_POINT('',(53.6721253561,115.0073968377,281.1029698143)
  );
#7000 = CARTESIAN_POINT('',(57.107547059,117.5077112133,272.2411937677)
  );
#7001 = CARTESIAN_POINT('',(60.5443496162,119.0146810785,262.697020814)
  );
#7002 = CARTESIAN_POINT('',(63.9459285266,119.4481248823,252.4387704802)
  );
#7003 = CARTESIAN_POINT('',(67.2349788098,118.7131694755,241.4943259502)
  );
#7004 = CARTESIAN_POINT('',(70.2622574152,116.7531452616,230.0777315192)
  );
#7005 = CARTESIAN_POINT('',(72.8485183942,113.6333611144,218.54905604));
#7006 = CARTESIAN_POINT('',(74.3089248011,110.6483031283,210.3221158826)
  );
#7007 = CARTESIAN_POINT('',(74.9456234276,108.850176459,205.9700684206)
  );
#7008 = CARTESIAN_POINT('',(75.0329886712,108.5911235891,205.3536949982)
  );
#7009 = ADVANCED_FACE('',(#7010),#7022,.T.);
#7010 = FACE_BOUND('',#7011,.T.);
#7011 = EDGE_LOOP('',(#7012,#7013,#7014,#7021));
#7012 = ORIENTED_EDGE('',*,*,#5318,.T.);
#7013 = ORIENTED_EDGE('',*,*,#5546,.F.);
#7014 = ORIENTED_EDGE('',*,*,#7015,.T.);
#7015 = EDGE_CURVE('',#5410,#5854,#7016,.T.);
#7016 = CIRCLE('',#7017,30.);
#7017 = AXIS2_PLACEMENT_3D('',#7018,#7019,#7020);
#7018 = CARTESIAN_POINT('',(51.1379172603,197.3037099403,-124.9719139566
    ));
#7019 = DIRECTION('',(0.17993467045,-0.930857194391,0.318006915051));
#7020 = DIRECTION('',(0.961487209591,9.81502267793E-02,-0.256727245878)
  );
#7021 = ORIENTED_EDGE('',*,*,#5853,.T.);
#7022 = ( BOUNDED_SURFACE() B_SPLINE_SURFACE(3,3,(
    (#7023,#7024,#7025,#7026,#7027,#7028)
    ,(#7029,#7030,#7031,#7032,#7033,#7034)
    ,(#7035,#7036,#7037,#7038,#7039,#7040)
    ,(#7041,#7042,#7043,#7044,#7045,#7046
)),.UNSPECIFIED.,.F.,.F.,.F.) B_SPLINE_SURFACE_WITH_KNOTS((4,4),(4,1,1,4
    ),(0.,1.),(-2.224343734834E-03,0.,0.120595645072,0.225192136923),
.UNSPECIFIED.) GEOMETRIC_REPRESENTATION_ITEM() RATIONAL_B_SPLINE_SURFACE
((
    (1.056414481128,1.056414481128,1.056414481128,1.056414481128
      ,1.056414481128,1.056414481128)
    ,(0.981195172957,0.981195172957,0.981195172957,0.981195172957
      ,0.981195172957,0.981195172957)
    ,(0.981195172957,0.981195172957,0.981195172957,0.981195172957
      ,0.981195172957,0.981195172957)
    ,(1.056414481128,1.056414481128,1.056414481128,1.056414481128
,1.056414481128,1.056414481128))) REPRESENTATION_ITEM('') SURFACE() );
#7023 = CARTESIAN_POINT('',(79.091754665,200.8888438021,-135.3818007883)
  );
#7024 = CARTESIAN_POINT('',(79.1992855458,200.4002903155,-135.1769343042
    ));
#7025 = CARTESIAN_POINT('',(85.1388002311,173.4258226496,-123.8621847949
    ));
#7026 = CARTESIAN_POINT('',(96.3428921359,123.6431247534,-102.6224459537
    ));
#7027 = CARTESIAN_POINT('',(107.3234041637,74.6232338564,-80.77215079262
    ));
#7028 = CARTESIAN_POINT('',(112.2830999432,51.84748623399,
    -70.51601614625));
#7029 = CARTESIAN_POINT('',(81.8510269462,204.3639411193,-126.7755960567
    ));
#7030 = CARTESIAN_POINT('',(81.9472816648,203.8740845073,-126.5665991932
    ));
#7031 = CARTESIAN_POINT('',(87.2620021786,176.827012503,-115.0241438535)
  );
#7032 = CARTESIAN_POINT('',(97.087504867,126.8433549439,-93.40252771529)
  );
#7033 = CARTESIAN_POINT('',(106.2992770374,77.41385684557,
    -71.51522445487));
#7034 = CARTESIAN_POINT('',(110.4218067026,54.4093997103,-61.36543969481
    ));
#7035 = CARTESIAN_POINT('',(80.2160711316,207.1674152732,-117.6528716883
    ));
#7036 = CARTESIAN_POINT('',(80.3007947608,206.6740169417,-117.4448635428
    ));
#7037 = CARTESIAN_POINT('',(84.9771295864,179.4304784819,-105.9582708904
    ));
#7038 = CARTESIAN_POINT('',(93.4496042628,128.9912086016,-84.57296037206
    ));
#7039 = CARTESIAN_POINT('',(101.1350154985,78.89211570434,
    -63.41134378031));
#7040 = CARTESIAN_POINT('',(104.5916647155,55.55253335277,
    -53.71929519149));
#7041 = CARTESIAN_POINT('',(74.5361258412,208.7004235081,-109.9623088906
    ));
#7042 = CARTESIAN_POINT('',(74.6115265796,208.2020014006,-109.7601973632
    ));
#7043 = CARTESIAN_POINT('',(78.7722480918,180.6801010519,-98.60110323365
    ));
#7044 = CARTESIAN_POINT('',(86.2062727231,129.6278883443,-78.01980462895
    ));
#7045 = CARTESIAN_POINT('',(92.9337438996,78.74224343791,-58.19155744936
    ));
#7046 = CARTESIAN_POINT('',(96.0380353093,55.03270538445,-49.21085549457
    ));
#7047 = ADVANCED_FACE('',(#7048),#7060,.T.);
#7048 = FACE_BOUND('',#7049,.T.);
#7049 = EDGE_LOOP('',(#7050,#7051,#7052,#7059));
#7050 = ORIENTED_EDGE('',*,*,#5952,.F.);
#7051 = ORIENTED_EDGE('',*,*,#5892,.F.);
#7052 = ORIENTED_EDGE('',*,*,#7053,.T.);
#7053 = EDGE_CURVE('',#5867,#5402,#7054,.T.);
#7054 = CIRCLE('',#7055,29.99999999998);
#7055 = AXIS2_PLACEMENT_3D('',#7056,#7057,#7058);
#7056 = CARTESIAN_POINT('',(-14.81802321265,335.2018493687,
    -29.18810290781));
#7057 = DIRECTION('',(-0.275686567976,2.384519486348E-02,0.960951779706)
  );
#7058 = DIRECTION('',(0.960486615842,4.66038794218E-02,0.274396682218));
#7059 = ORIENTED_EDGE('',*,*,#5399,.F.);
#7060 = ( BOUNDED_SURFACE() B_SPLINE_SURFACE(3,3,(
    (#7061,#7062,#7063,#7064,#7065,#7066,#7067,#7068)
    ,(#7069,#7070,#7071,#7072,#7073,#7074,#7075,#7076)
    ,(#7077,#7078,#7079,#7080,#7081,#7082,#7083,#7084)
    ,(#7085,#7086,#7087,#7088,#7089,#7090,#7091,#7092
)),.UNSPECIFIED.,.F.,.F.,.F.) B_SPLINE_SURFACE_WITH_KNOTS((4,4),(4,1,1,1
    ,1,4),(0.,1.),(-3.335000074766E-02,0.,0.335333174451,0.668665969254,
1.,1.033359692363),.UNSPECIFIED.) GEOMETRIC_REPRESENTATION_ITEM() 
RATIONAL_B_SPLINE_SURFACE((
    (1.067265503172,1.067265503172,1.067265503172,1.067265503172
      ,1.067265503172,1.067265503172,1.067265503172,1.067265503172)
    ,(0.977578165609,0.977578165609,0.977578165609,0.977578165609
      ,0.977578165609,0.977578165609,0.977578165609,0.977578165609)
    ,(0.977578165609,0.977578165609,0.977578165609,0.977578165609
      ,0.977578165609,0.977578165609,0.977578165609,0.977578165609)
    ,(1.067265503172,1.067265503172,1.067265503172,1.067265503172
      ,1.067265503172,1.067265503172,1.067265503172,1.067265503172
))) REPRESENTATION_ITEM('') SURFACE() );
#7061 = CARTESIAN_POINT('',(-4.31109429477,360.7358569272,
    -5.940983806941));
#7062 = CARTESIAN_POINT('',(-4.259084284,360.735526251,-6.150531868045)
  );
#7063 = CARTESIAN_POINT('',(-3.68411122152,360.7318704758,
    -8.467083914786));
#7064 = CARTESIAN_POINT('',(-2.58921515826,360.7249062191,
    -12.87815682978));
#7065 = CARTESIAN_POINT('',(-1.0295173707,360.7149813705,-19.16130868776
    ));
#7066 = CARTESIAN_POINT('',(5.928793230007E-02,360.7080529095,
    -23.54710982962));
#7067 = CARTESIAN_POINT('',(0.6281701849,360.7044335668,-25.8385107121)
  );
#7068 = CARTESIAN_POINT('',(0.6802078177,360.7041024991,-26.04811221963)
  );
#7069 = CARTESIAN_POINT('',(4.1654261918,354.8975343756,-3.356105444696)
  );
#7070 = CARTESIAN_POINT('',(4.2192207095,354.8999524981,-3.565296101839)
  );
#7071 = CARTESIAN_POINT('',(4.813899433,354.9266854324,-5.877901760691)
  );
#7072 = CARTESIAN_POINT('',(5.9458642303,354.9776012425,-10.2815646929)
  );
#7073 = CARTESIAN_POINT('',(7.5574510769,355.0501402025,-16.55454827986)
  );
#7074 = CARTESIAN_POINT('',(8.6817436134,355.100762435,-20.93347510354)
  );
#7075 = CARTESIAN_POINT('',(9.2689687798,355.1272024046,-23.22135247144)
  );
#7076 = CARTESIAN_POINT('',(9.3226826514,355.1296208788,-23.43063224353)
  );
#7077 = CARTESIAN_POINT('',(8.8150014274,345.4900709631,-1.774938725972)
  );
#7078 = CARTESIAN_POINT('',(8.8716544756,345.4940082961,-1.983495138626)
  );
#7079 = CARTESIAN_POINT('',(9.4979148273,345.5375477544,-4.289091626385)
  );
#7080 = CARTESIAN_POINT('',(10.6896175835,345.6207064137,-8.679468371822
    ));
#7081 = CARTESIAN_POINT('',(12.3855247953,345.7396664518,-14.93391903796
    ));
#7082 = CARTESIAN_POINT('',(13.5680264732,345.8230553182,-19.30009613387
    ));
#7083 = CARTESIAN_POINT('',(14.1854874931,345.8667086647,-21.58137548993
    ));
#7084 = CARTESIAN_POINT('',(14.2419656667,345.870702479,-21.79005225728)
  );
#7085 = CARTESIAN_POINT('',(8.4654544164,334.885126818,-1.596102268605)
  );
#7086 = CARTESIAN_POINT('',(8.5253193716,334.888970774,-1.803907491879)
  );
#7087 = CARTESIAN_POINT('',(9.1870754605,334.9314975773,-4.101199066135)
  );
#7088 = CARTESIAN_POINT('',(10.4461252159,335.0131333133,-8.475762923021
    ));
#7089 = CARTESIAN_POINT('',(12.2375265891,335.1307687548,-14.7079882439)
  );
#7090 = CARTESIAN_POINT('',(13.4862845527,335.2138795927,-19.05875446115
    ));
#7091 = CARTESIAN_POINT('',(14.138251783,335.2575608178,-21.33202469398)
  );
#7092 = CARTESIAN_POINT('',(14.19788543,335.2615586207,-21.53996920726)
  );
#7093 = ADVANCED_FACE('',(#7094),#7100,.T.);
#7094 = FACE_BOUND('',#7095,.T.);
#7095 = EDGE_LOOP('',(#7096,#7097,#7098,#7099));
#7096 = ORIENTED_EDGE('',*,*,#7053,.F.);
#7097 = ORIENTED_EDGE('',*,*,#5866,.T.);
#7098 = ORIENTED_EDGE('',*,*,#7015,.F.);
#7099 = ORIENTED_EDGE('',*,*,#5409,.T.);
#7100 = ( BOUNDED_SURFACE() B_SPLINE_SURFACE(3,3,(
    (#7101,#7102,#7103,#7104,#7105,#7106,#7107,#7108,#7109,#7110,#7111
      ,#7112,#7113,#7114,#7115,#7116,#7117,#7118,#7119,#7120,#7121,#7122
      ,#7123)
    ,(#7124,#7125,#7126,#7127,#7128,#7129,#7130,#7131,#7132,#7133,#7134
      ,#7135,#7136,#7137,#7138,#7139,#7140,#7141,#7142,#7143,#7144,#7145
      ,#7146)
    ,(#7147,#7148,#7149,#7150,#7151,#7152,#7153,#7154,#7155,#7156,#7157
      ,#7158,#7159,#7160,#7161,#7162,#7163,#7164,#7165,#7166,#7167,#7168
      ,#7169)
    ,(#7170,#7171,#7172,#7173,#7174,#7175,#7176,#7177,#7178,#7179,#7180
      ,#7181,#7182,#7183,#7184,#7185,#7186,#7187,#7188,#7189,#7190,#7191
,#7192
    )),.UNSPECIFIED.,.F.,.F.,.F.) B_SPLINE_SURFACE_WITH_KNOTS((4,4),(4,1
    ,1,1,1,1,1,1,1,1,1,1,1,1,1,1,1,1,1,1,4),(0.,1.),(-9.67990414338E-03,
    0.,6.895398133565E-02,0.135228267765,0.198140063628,0.257482733022,
    0.313480911715,0.366570703763,0.417344999492,0.466468253441,
    0.514639870509,0.562570834148,0.61096782929,0.66052582545,
    0.711894330503,0.76565989997,0.822257680378,0.88151407475,
    0.941313284662,1.,1.009697309172),.UNSPECIFIED.) 
GEOMETRIC_REPRESENTATION_ITEM() RATIONAL_B_SPLINE_SURFACE((
    (1.067176451925,1.067176451925,1.067176451925,1.067176451925
      ,1.067176451925,1.067176451925,1.067176451925,1.067176451925
      ,1.067176451925,1.067176451925,1.067176451925,1.067176451925
      ,1.067176451925,1.067176451925,1.067176451925,1.067176451925
      ,1.067176451925,1.067176451925,1.067176451925,1.067176451925
      ,1.067176451925,1.067176451925,1.067176451925)
    ,(0.977607849358,0.977607849358,0.977607849358,0.977607849358
      ,0.977607849358,0.977607849358,0.977607849358,0.977607849358
      ,0.977607849358,0.977607849358,0.977607849358,0.977607849358
      ,0.977607849358,0.977607849358,0.977607849358,0.977607849358
      ,0.977607849358,0.977607849358,0.977607849358,0.977607849358
      ,0.977607849358,0.977607849358,0.977607849358)
    ,(0.977607849358,0.977607849358,0.977607849358,0.977607849358
      ,0.977607849358,0.977607849358,0.977607849358,0.977607849358
      ,0.977607849358,0.977607849358,0.977607849358,0.977607849358
      ,0.977607849358,0.977607849358,0.977607849358,0.977607849358
      ,0.977607849358,0.977607849358,0.977607849358,0.977607849358
      ,0.977607849358,0.977607849358,0.977607849358)
    ,(1.067176451925,1.067176451925,1.067176451925,1.067176451925
      ,1.067176451925,1.067176451925,1.067176451925,1.067176451925
      ,1.067176451925,1.067176451925,1.067176451925,1.067176451925
      ,1.067176451925,1.067176451925,1.067176451925,1.067176451925
      ,1.067176451925,1.067176451925,1.067176451925,1.067176451925
      ,1.067176451925,1.067176451925,1.067176451925
))) REPRESENTATION_ITEM('') SURFACE() );
#7101 = CARTESIAN_POINT('',(-8.182122129993E-02,360.716040312,
    -23.13193508828));
#7102 = CARTESIAN_POINT('',(0.1099284862,360.7241724943,-23.8969775334)
  );
#7103 = CARTESIAN_POINT('',(1.6701865793,360.7465070515,-30.11542630325)
  );
#7104 = CARTESIAN_POINT('',(4.5870044848,360.1292960323,-41.61483452535)
  );
#7105 = CARTESIAN_POINT('',(8.7221708622,357.6775319867,-57.17457786164)
  );
#7106 = CARTESIAN_POINT('',(12.8703843263,353.8090802229,-71.69843394153
    ));
#7107 = CARTESIAN_POINT('',(17.0393598532,348.7071961403,-84.99710451009
    ));
#7108 = CARTESIAN_POINT('',(21.2416799667,342.5447540923,-96.99502445217
    ));
#7109 = CARTESIAN_POINT('',(25.4896148713,335.4662488213,-107.6815108859
    ));
#7110 = CARTESIAN_POINT('',(29.7958999617,327.5809049738,-117.0830212372
    ));
#7111 = CARTESIAN_POINT('',(34.1728805245,318.9630579907,-125.2381450825
    ));
#7112 = CARTESIAN_POINT('',(38.6322439645,309.6553570992,-132.181987686)
  );
#7113 = CARTESIAN_POINT('',(43.1833410308,299.6744849722,-137.9344930511
    ));
#7114 = CARTESIAN_POINT('',(47.8302182492,289.0184503002,-142.4930401454
    ));
#7115 = CARTESIAN_POINT('',(52.5674100324,277.6741385741,-145.8287341532
    ));
#7116 = CARTESIAN_POINT('',(57.3731660716,265.6278414049,-147.8855016897
    ));
#7117 = CARTESIAN_POINT('',(62.2000028589,252.8791572821,-148.5837901631
    ));
#7118 = CARTESIAN_POINT('',(66.9530649853,239.4870908299,-147.8330226512
    ));
#7119 = CARTESIAN_POINT('',(71.4419136151,225.7155657877,-145.5886948637
    ));
#7120 = CARTESIAN_POINT('',(75.4322063756,211.9675852817,-141.9479502589
    ));
#7121 = CARTESIAN_POINT('',(77.8396383769,202.210626098,-138.4323623766)
  );
#7122 = CARTESIAN_POINT('',(78.9502793458,197.08363008,-136.3165181619)
  );
#7123 = CARTESIAN_POINT('',(79.1041874832,196.3582567555,-136.0117600157
    ));
#7124 = CARTESIAN_POINT('',(8.5614432375,355.1189886437,-20.59635149758)
  );
#7125 = CARTESIAN_POINT('',(8.7515323766,355.1366454688,-21.33467433527)
  );
#7126 = CARTESIAN_POINT('',(10.2976535992,355.2378979169,-27.33447279663
    ));
#7127 = CARTESIAN_POINT('',(13.1788393592,354.7896587595,-38.40869829331
    ));
#7128 = CARTESIAN_POINT('',(17.2436065381,352.6302344418,-53.36246610506
    ));
#7129 = CARTESIAN_POINT('',(21.2936308851,349.1052042381,-67.27601379815
    ));
#7130 = CARTESIAN_POINT('',(25.3344456565,344.3960606064,-79.97206619179
    ));
#7131 = CARTESIAN_POINT('',(29.3768283706,338.6741261037,-91.38327039891
    ));
#7132 = CARTESIAN_POINT('',(33.4330644174,332.0814343568,-101.5085326632
    ));
#7133 = CARTESIAN_POINT('',(37.5165541928,324.7240964878,-110.3825439006
    ));
#7134 = CARTESIAN_POINT('',(41.6411050706,316.6719716802,-118.051612744)
  );
#7135 = CARTESIAN_POINT('',(45.8200736255,307.9622103382,-124.5570255082
    ));
#7136 = CARTESIAN_POINT('',(50.0644954639,298.6050547615,-129.9233614786
    ));
#7137 = CARTESIAN_POINT('',(54.3800452386,288.5910847325,-134.151066814)
  );
#7138 = CARTESIAN_POINT('',(58.7626022224,277.8994615637,-137.2125744558
    ));
#7139 = CARTESIAN_POINT('',(63.191770619,266.5083620572,-139.0517803721)
  );
#7140 = CARTESIAN_POINT('',(67.6217335249,254.4093620806,-139.5879669263
    ));
#7141 = CARTESIAN_POINT('',(71.9611823864,241.6525571527,-138.7289738139
    ));
#7142 = CARTESIAN_POINT('',(76.0300544238,228.4871065662,-136.4287398726
    ));
#7143 = CARTESIAN_POINT('',(79.6090274424,215.3023459375,-132.780127062)
  );
#7144 = CARTESIAN_POINT('',(81.7329651357,205.9251848343,-129.2913743495
    ));
#7145 = CARTESIAN_POINT('',(82.6991093511,200.9878010864,-127.1969119307
    ));
#7146 = CARTESIAN_POINT('',(82.8326713012,200.2890388948,-126.895317347)
  );
#7147 = CARTESIAN_POINT('',(13.490027624,345.8516433755,-19.08403588698)
  );
#7148 = CARTESIAN_POINT('',(13.6777877781,345.8750174848,-19.77958566165
    ));
#7149 = CARTESIAN_POINT('',(15.2042162524,346.0251939716,-25.42985595522
    ));
#7150 = CARTESIAN_POINT('',(18.0377248356,345.704807742,-35.83168232251)
  );
#7151 = CARTESIAN_POINT('',(22.0121340371,343.8169236753,-49.84395844952
    ));
#7152 = CARTESIAN_POINT('',(25.9355199002,340.6528126237,-62.82424999556
    ));
#7153 = CARTESIAN_POINT('',(29.8090482919,336.3916232103,-74.61245282203
    ));
#7154 = CARTESIAN_POINT('',(33.6399013486,331.202018221,-85.15251742778)
  );
#7155 = CARTESIAN_POINT('',(37.4399303062,325.2213789121,-94.45725546117
    ));
#7156 = CARTESIAN_POINT('',(41.2234158273,318.5498894124,-102.5735977));
#7157 = CARTESIAN_POINT('',(45.006621262,311.2491747209,-109.5598099625)
  );
#7158 = CARTESIAN_POINT('',(48.8059879324,303.3465507951,-115.4672013205
    ));
#7159 = CARTESIAN_POINT('',(52.6359499014,294.8410756803,-120.3283863881
    ));
#7160 = CARTESIAN_POINT('',(56.505759792,285.7108520006,-124.1497725584)
  );
#7161 = CARTESIAN_POINT('',(60.4146372814,275.9225575097,-126.9073077801
    ));
#7162 = CARTESIAN_POINT('',(64.3456799314,265.4419144281,-128.5464569529
    ));
#7163 = CARTESIAN_POINT('',(68.2570294194,254.2491170414,-128.9862735789
    ));
#7164 = CARTESIAN_POINT('',(72.0637633259,242.382936604,-128.1330340708)
  );
#7165 = CARTESIAN_POINT('',(75.6008089212,230.0743826064,-125.9362506351
    ));
#7166 = CARTESIAN_POINT('',(78.6688921333,217.6971680252,-122.4772014732
    ));
#7167 = CARTESIAN_POINT('',(80.4482324115,208.8767401346,-119.1814944734
    ));
#7168 = CARTESIAN_POINT('',(81.2419216192,204.2213395462,-117.2026410155
    ));
#7169 = CARTESIAN_POINT('',(81.3512703809,203.5622395187,-116.9176773657
    ));
#7170 = CARTESIAN_POINT('',(13.4629569841,335.2474419544,-18.9757762573)
  );
#7171 = CARTESIAN_POINT('',(13.648306155,335.2712864266,-19.62326940097)
  );
#7172 = CARTESIAN_POINT('',(15.1544444669,335.4280744496,-24.88114183933
    ));
#7173 = CARTESIAN_POINT('',(17.9402355431,335.1622299517,-34.53265696295
    ));
#7174 = CARTESIAN_POINT('',(21.8270793461,333.4567151705,-47.50498471456
    ));
#7175 = CARTESIAN_POINT('',(25.6272638345,330.5801445398,-59.46405818561
    ));
#7176 = CARTESIAN_POINT('',(29.336501487,326.7093321114,-70.26776872774)
  );
#7177 = CARTESIAN_POINT('',(32.9574939677,322.0098426328,-79.87161528866
    ));
#7178 = CARTESIAN_POINT('',(36.5013183356,316.6133851613,-88.30312993964
    ));
#7179 = CARTESIAN_POINT('',(39.9831291415,310.6128957294,-95.62240780106
    ));
#7180 = CARTESIAN_POINT('',(43.4220212077,304.0600805215,-101.9008992893
    ));
#7181 = CARTESIAN_POINT('',(46.838159468,296.9705616527,-107.2012542963)
  );
#7182 = CARTESIAN_POINT('',(50.2502343393,289.3302851319,-111.5654995846
    ));
#7183 = CARTESIAN_POINT('',(53.6721253561,281.1029698143,-115.0073968377
    ));
#7184 = CARTESIAN_POINT('',(57.107547059,272.2411937677,-117.5077112133)
  );
#7185 = CARTESIAN_POINT('',(60.5443496162,262.697020814,-119.0146810785)
  );
#7186 = CARTESIAN_POINT('',(63.9459285266,252.4387704802,-119.4481248823
    ));
#7187 = CARTESIAN_POINT('',(67.2349788098,241.4943259502,-118.7131694755
    ));
#7188 = CARTESIAN_POINT('',(70.2622574152,230.0777315192,-116.7531452616
    ));
#7189 = CARTESIAN_POINT('',(72.8485183942,218.54905604,-113.6333611144)
  );
#7190 = CARTESIAN_POINT('',(74.3089248011,210.3221158826,-110.6483031283
    ));
#7191 = CARTESIAN_POINT('',(74.9456234276,205.9700684206,-108.850176459)
  );
#7192 = CARTESIAN_POINT('',(75.0329886712,205.3536949982,-108.5911235891
    ));
#7193 = ( GEOMETRIC_REPRESENTATION_CONTEXT(3) 
GLOBAL_UNCERTAINTY_ASSIGNED_CONTEXT((#7197)) 
GLOBAL_UNIT_ASSIGNED_CONTEXT((#7194,#7195,#7196)) REPRESENTATION_CONTEXT
('Context #1','3D Context with UNIT and UNCERTAINTY') );
#7194 = ( LENGTH_UNIT() NAMED_UNIT(*) SI_UNIT(.MILLI.,.METRE.) );
#7195 = ( NAMED_UNIT(*) PLANE_ANGLE_UNIT() SI_UNIT($,.RADIAN.) );
#7196 = ( NAMED_UNIT(*) SI_UNIT($,.STERADIAN.) SOLID_ANGLE_UNIT() );
#7197 = UNCERTAINTY_MEASURE_WITH_UNIT(LENGTH_MEASURE(0.2),#7194,
  'distance_accuracy_value','confusion accuracy');
#7198 = PRODUCT_RELATED_PRODUCT_CATEGORY('part',$,(#7));
#7199 = MECHANICAL_DESIGN_GEOMETRIC_PRESENTATION_REPRESENTATION('',(
    #7200),#7193);
#7200 = STYLED_ITEM('color',(#7201),#15);
#7201 = PRESENTATION_STYLE_ASSIGNMENT((#7202,#7210));
#7202 = SURFACE_STYLE_USAGE(.BOTH.,#7203);
#7203 = SURFACE_SIDE_STYLE('',(#7204,#7208));
#7204 = SURFACE_STYLE_FILL_AREA(#7205);
#7205 = FILL_AREA_STYLE('',(#7206));
#7206 = FILL_AREA_STYLE_COLOUR('',#7207);
#7207 = COLOUR_RGB('',0.678430976034,0.709803998361,0.741176010593);
#7208 = SURFACE_STYLE_RENDERING_WITH_PROPERTIES(.NORMAL_SHADING.,#7207,(
    #7209));
#7209 = SURFACE_STYLE_TRANSPARENT(0.699999988079);
#7210 = CURVE_STYLE('',#7211,POSITIVE_LENGTH_MEASURE(0.1),#7212);
#7211 = DRAUGHTING_PRE_DEFINED_CURVE_FONT('continuous');
#7212 = COLOUR_RGB('',9.803921802644E-02,9.803921802644E-02,
  9.803921802644E-02);
ENDSEC;
END-ISO-10303-21;
